date,MKT_RF,SMB,HML,RMW,CMA,MOM,RF,log_MKT_RF,log_SMB,log_HML,log_RMW,log_CMA,log_MOM,mkt_ret_12m,mkt_ret_3m,mkt_vol_12m,mkt_dd_12m,SMB_ret_12m,SMB_vol_12m,HML_ret_12m,HML_vol_12m,RMW_ret_12m,RMW_vol_12m,CMA_ret_12m,CMA_vol_12m,MOM_ret_12m,MOM_vol_12m,factor_spread_12m,mkt_ret_12m_z,mkt_ret_3m_z,mkt_vol_12m_z,mkt_dd_12m_z,SMB_ret_12m_z,HML_ret_12m_z,RMW_ret_12m_z,CMA_ret_12m_z,MOM_ret_12m_z,SMB_vol_12m_z,HML_vol_12m_z,RMW_vol_12m_z,CMA_vol_12m_z,MOM_vol_12m_z,factor_spread_12m_z
1964-06-01,0.0127,-0.0023,0.0068000000000000005,-0.0033,0.001,0.004699999999999999,0.003,0.012620031356102198,-0.002302649062675558,0.006776984279023669,-0.0033054570087264813,9.995003330834232e-4,0.0046889894861314695,0.15437172906855268,0.028006049069999817,0.060145120356303094,-0.015699999999999967,-0.06855870778414153,0.026177692365414684,0.12628634587598908,0.04606005585382956,-0.008421554774257212,0.04052213360044428,0.026719663558952167,0.05112126814114232,0.11181537802138553,0.039873968685790705,0.2229304368526942,0.5996090726532882,0.17613915241383263,-1.5337412251314246,1.1640357065470506,-0.7875773803803928,0.5042567935774545,-0.39424490883448915,-0.19850387235154957,0.07031268097237185,-1.4839852262187616,-1.0685063371898247,-0.4945378624146328,-0.5406614567820053,-1.152881341592024,-0.6084071351757178
1964-07-01,0.0174,0.0019,0.0079,0.0015,0.018500000000000003,-0.0038,0.003,0.017250353406527672,0.0018981972830802655,0.007868958378695197,0.0014988761237359487,0.01833095668472342,-0.0038072383429540663,0.17905611600677163,0.04484850581799993,0.057727473275041796,-0.015700000000000127,-0.0614391726128245,0.027324193302889477,0.14445408610586652,0.041804705794780905,-0.013249391003992694,0.03988012381976925,0.057879592650271094,0.05108234562863591,0.09651567130472682,0.04177511788675682,0.24049528861959613,0.7526062556616713,0.3877576363588223,-1.5769703557504933,1.1640357065470486,-0.7313908096533858,0.6429353762296964,-0.4409336770054415,0.13798506932806703,-0.04657312661617533,-1.4607704992601809,-1.1788826914399428,-0.5076161181590415,-0.5420676291549346,-1.1269219939466404,-0.4939952843647734
1964-08-01,-0.0144,1e-4,7.000000000000001e-4,0.0015,0.0031,-0.0025,0.0028000000000000004,-0.014504686202881688,9.999500033329732e-5,6.997551142732649e-4,0.0014988761237359487,0.0030952049073025216,-0.002503130218118477,0.10589808520772248,0.015484357887999955,0.049282071910896244,-0.014399999999999958,-0.05234257095415007,0.027385495007553835,0.12611131166778833,0.04255369574169994,-0.0157064393331664,0.03960907739718294,0.06520680524742728,0.05029015129406269,0.08294493279848014,0.04287785930200978,0.1784538826219384,0.2991628440545991,0.01880929584900583,-1.727979724128049,1.1795096836962977,-0.6596014525996202,0.5029207167951026,-0.46469516235141445,0.21710996094938745,-0.1502500636484725,-1.459529242241226,-1.1594551993267805,-0.5131375518503845,-0.5706876157779585,-1.1118645498770394,-0.8981132456948413
1964-09-01,0.0269,-0.0063,0.0172,-0.005,0.005600000000000001,-0.0039000000000000003,0.0028000000000000004,0.02654455522211221,-0.0063199287448193475,0.01705375456582762,-0.005012541823544286,0.0055843782939006634,-0.0039076248310170765,0.1537607880725489,0.02972339993600004,0.0445600861241115,-0.014400000000000001,-0.05595269449337248,0.027350854756129337,0.14548042622847435,0.0416338601093705,-0.01292875139740024,0.03920186022168829,0.06956761193890415,0.050122133652300116,0.07742853332058108,0.04387730013488802,0.20971348256592137,0.595822377378787,0.19771695380600396,-1.8124119565826757,1.1795096836962973,-0.6880921414843314,0.6507696688671657,-0.4378328534591878,0.2642013142122306,-0.19239393084124745,-1.4602306494117843,-1.1833141303658343,-0.5214328933310628,-0.5767576701191921,-1.098217629362598,-0.6944981664067796
1964-10-01,0.006,0.0048,0.0108,-0.002,0.0052,0.0019,0.0029,0.005982071677547469,0.004788516731797094,0.010742096531902029,-0.0020020026706730793,0.005186526687300154,0.0018981972830802655,0.13193227306512978,0.01818531584000005,0.04244812593959726,-0.014400000000000053,-0.04598337265105157,0.028937502805481557,0.15831494080806507,0.039656538131128564,-0.04164110700905266,0.023791175100577287,0.09987658672223754,0.03954658254652413,0.04671351452912842,0.034771217429493385,0.20429831345911664,0.46052627649728334,0.052745712344140556,-1.8501752030822467,1.1795096836962966,-0.6094153749096618,0.7487385008961552,-0.7155026937362327,0.5915009951052578,-0.42704874109504815,-1.428103679392724,-1.2346024117312855,-0.8353609475088857,-0.958825703137219,-1.2225571428089017,-0.7297708534858266
1964-11-01,-1e-4,0.0062,-0.0204,0.0070999999999999995,-0.0016,0.011000000000000001,0.0029,-1.0000500033334732e-4,0.006180859075081099,-0.02061095390412435,0.007074913671961985,-0.0016012813669738792,0.010939940038334263,0.14163715940873867,0.03295809386000004,0.039006221774612375,-0.014399999999999883,-0.028802579483496626,0.029229190764681088,0.11538908484771482,0.05093686559684771,-0.03066863399499542,0.02601195751575569,0.07374282212132766,0.03715851418791829,0.06654642530633836,0.03293727702622227,0.1723057934037341,0.5206784802244796,0.23835954143231505,-1.9117187285536414,1.1795096836962986,-0.47382648782276354,0.42107546804818774,-0.6093907163538893,0.3092884532572629,-0.27553042535493744,-1.422197485940465,-0.9420104032862953,-0.7901218230397056,-1.0451005999590781,-1.2475987841830962,-0.9381599409781477
1964-12-01,4e-4,-0.0024,-0.024300000000000002,0.0095,-0.0155,-0.0069,0.0031,3.999200213268913e-4,-0.002402884616310315,-0.02460011686823269,0.009455158770755197,-0.01562138090295678,-0.006923915072824198,0.1215690997471297,0.006301759760000136,0.039514980327183064,-0.014400000000000045,-0.011764028246365132,0.02231846579493394,0.09057533829633768,0.060420270920675596,-0.02263282662599686,0.02851561534277824,0.059749181331776535,0.04235789230446703,0.04005032891960392,0.03180652754377786,0.14420192637312657,0.39629392069075703,-0.09656624131864404,-1.9026217887673877,1.1795096836962968,-0.3393601580506014,0.23166637487005645,-0.5316784805893883,0.15817432954660904,-0.4779537581326392,-1.5621281113893035,-0.6960274192790294,-0.7391202988512986,-0.8572601602469778,-1.2630386659660173,-1.1212195810244934
1965-01-01,0.0354,0.025699999999999997,0.0036,0.009399999999999999,-2e-4,-0.0138,0.0028000000000000004,0.034787825485664024,0.0253753063312283,0.003593535510130218,0.009356094924025029,-2.000200026670447e-4,-0.013896105192111352,0.1358300526977485,0.035710578584000174,0.04547754741353621,-0.014400000000000048,0.016072209530576753,0.03440752366720143,0.0769471706328888,0.059693994670249446,-0.015512997900689385,0.03048370106515078,0.04408477679888678,0.04117932646466432,0.015341154603557117,0.03505818100860145,0.1513430505984379,0.4846852440775065,0.27294337044786626,-1.7960071412455303,1.1795096836962966,-0.11967970069026423,0.1276394044378093,-0.4628244397821712,-0.010981989386797003,-0.6667254678303569,-1.3173449031790234,-0.7148657577442804,-0.6990288093150422,-0.8998387764998674,-1.2186387826360945,-1.0747045719409385
1965-02-01,0.0044,0.0331,0.0022,0.0026,-0.0062,0.0024,0.003,0.004390348301292854,0.03256399087326258,0.0021975835434872013,0.002596625847265914,-0.0062192998139168326,0.0023971245997214514,0.12341477590312033,0.0403717423040002,0.04554866770709292,-0.014400000000000043,0.04844606438877186,0.046462524535628706,0.04981660773103913,0.0549141036922635,-0.014037890016213805,0.030648739157027063,0.029274329116886877,0.041957594926898316,0.014430353209015978,0.03501306529392603,0.13745266591933414,0.40773367219518236,0.33150895945927455,-1.794735463305578,1.1795096836962968,0.1358111202588444,-0.07945448628166372,-0.4485590490836972,-0.17091662376007877,-0.6736837552358141,-1.0732512923509478,-0.8388477880219656,-0.6956668506064725,-0.871721896580172,-1.2192548176747615,-1.16518211429099
1965-03-01,-0.0134,0.0179,0.0115,-0.0029,0.006500000000000001,0.0017000000000000001,0.0036,-0.013490590182499144,0.017741681476157126,0.01143437762566317,-0.002904213147389827,0.0064789660977090735,0.001698556635581512,0.0929504170259523,0.026020352816000125,0.05071828972446836,-0.014399999999999968,0.05717013268086313,0.048240036232005,0.028066123264542497,0.04647902782793851,0.0034733284320029867,0.022511582964371925,0.005986222816223075,0.03062698087473088,0.009191463709872671,0.03447507277310898,0.08947708859394932,0.21891143804252647,0.151189702512674,-1.702299198652862,1.1795096836962975,0.2046604858881667,-0.24548098818270445,-0.27921253863578743,-0.4223995530012726,-0.7137075178683214,-1.037259652616273,-1.0576389353560354,-0.8614272687855372,-1.2810684526602278,-1.2266008665127006,-1.4776797469703573
1965-04-01,0.0311,0.011399999999999999,0.0073,0.0029,-0.0227,0.0253,0.0031,0.030626193541760747,0.011335509663745679,0.00727348396649847,0.002895803112025468,-0.02296161163734704,0.0249852526939086,0.1258153596358238,0.021759306343999807,0.05509919884694411,-0.014399999999999974,0.08385389984128211,0.044241123856372466,0.04119345059760082,0.04590794616919766,0.01984535983426783,0.017008435492965,-0.005613092385663321,0.03704925445218874,0.04138889668048806,0.04102026953097048,0.13142845202148712,0.42261281623058533,0.09765142078124399,-1.6239656427945055,1.1795096836962975,0.4152457747792282,-0.14527704836817934,-0.12088281445834244,-0.547657902757223,-0.4677274461751309,-1.1182309417772474,-1.0724517969529066,-0.9735308101904396,-1.049047879103279,-1.1372291128605299,-1.2044219251860897
1965-05-01,-0.0078000000000000005,2e-4,-0.0155,-0.0042,0.0059,0.0055000000000000005,0.0031,-0.007830579115188564,1.999800026662447e-4,-0.01562138090295678,-0.004208844774054682,0.005882663158155512,0.005484930230569745,0.101502810206749,0.009348450571999845,0.057584988441560576,-0.014399999999999987,0.09325400425700914,0.04179099562572569,0.006831305484076067,0.04654727229754907,0.017087640784140046,0.017752783785717548,-0.0010448513240178814,0.03756778911394172,0.021278197222501127,0.03381845541872296,0.10254766153076689,0.2719203326088346,-0.058285834823845445,-1.5795180789171777,1.1795096836962975,0.48943034145196995,-0.4075712864483561,-0.14755200936992904,-0.49832651321312127,-0.6213679956869662,-1.167841941671634,-1.055868792912095,-0.9583678366212578,-1.0303145274049994,-1.2355666847471856,-1.3925421972371665
1965-06-01,-0.055099999999999996,-0.0407,0.0023,0.0024,0.0043,-0.0318,0.0034999999999999996,-0.05667617719355686,-0.041551427158235114,0.0022973590486834584,0.0023971245997214514,0.004290781417156246,-0.03231660147654312,0.027757485301034057,-0.03331304384200029,0.08618581640755084,-0.06247022000000024,0.051176271708679,0.06419023639648361,0.0023311655608753146,0.046108830239150626,0.022904235097845227,0.016999615402359853,0.0022484074078814587,0.03781500073001236,-0.015824076290608113,0.04770931917041675,0.06700034799928711,-0.18516320764077523,-0.5943098190796069,-1.0681163373071996,0.6073270022814626,0.15735760931860385,-0.44192190013997756,-0.09130121490751204,-0.4627633660016377,-0.9048197822646135,-0.7142947690736239,-1.0672412147538732,-0.9737104825320382,-1.0213833941764219,-1.045893112025155,-1.62408607739431
1965-07-01,0.0144,0.0086,0.0219,-0.0141,-8e-4,0.0409,0.0031,0.014297304700824394,0.008563230660487814,0.021663639636026355,-0.0142003494011414,-8.003201707691552e-4,0.04008572353928558,0.024726944259258143,-0.04896979116800004,0.08567538476420448,-0.06247022000000011,0.05820579663177328,0.06428009486246587,0.016253812964241554,0.05047091515991794,0.006970829139256285,0.023425462576691015,-0.016743634087427517,0.03222794247781094,0.02833639729884152,0.06297189832013485,0.0749494307192008,-0.2039469126419763,-0.7910303558879475,-1.0772431930643325,0.6073270022814642,0.21283382929149175,-0.3356470974272808,-0.24538910471461692,-0.6678540747886577,-0.5674451701502972,-0.7124752853867725,-0.954096344460558,-0.8428108058448271,-1.2232297410405462,-0.8374893750057909,-1.5723082839745917
1965-08-01,0.0273,0.0285,-0.0098,0.0203,-0.008100000000000001,0.0258,0.0033,0.02693400124008104,0.028101430110874778,-0.009848336054814406,0.020096701699122397,-0.008132983230188991,0.02547279597303107,0.06808237605269474,-0.015326210912000038,0.08695981230270179,-0.062470220000000014,0.0882558362521535,0.06807413596624531,0.0055906121686737364,0.05170486277678924,0.025873526680761927,0.030528050635985404,-0.027722072227414407,0.032471760540290884,0.05751125448536487,0.0667322691836349,0.1159779084795679,0.06477594238010186,-0.3683127230163833,-1.0542767782129716,0.6073270022814654,0.44998536177946485,-0.4170417868137869,-0.06258595619743075,-0.7864077152733049,-0.3445567967532907,-0.6356522969225268,-0.9220898967192587,-0.6981253728768618,-1.2144212083584902,-0.7861431816236182,-1.3050618455295708
1965-09-01,0.0286,0.0063,-0.0014000000000000002,-0.0085,0.0073,0.0329,0.0031,0.028198654358678736,0.006280237957150456,-0.0014009809156281003,-0.008536331022286335,0.00727348396649847,0.032370380030450646,0.06985055215483649,0.071896983232,0.08741129361841592,-0.06247021999999999,0.10205479321781419,0.06652330574150736,-0.012797104491115374,0.04843562009150809,0.0222649263356538,0.03161143444411784,-0.026078404290646895,0.032961834069294885,0.09658003690185057,0.07135233729560793,0.12813319750846108,0.0757353380243005,0.7276105372160954,-1.0462039933469138,0.6073270022814656,0.5588851779688127,-0.5573995006695279,-0.09748380627292988,-0.7686581214634234,-0.04608139007899473,-0.6670540158829161,-1.0068883466124439,-0.6760559730972979,-1.196716085723463,-0.7230582042830118,-1.2258861636967073
1965-10-01,0.026000000000000002,0.0252,0.0155,0.011899999999999999,-0.0076,0.0345,0.0031,0.025667746748577813,0.024887715507778883,0.015381102038302391,0.011829751753577221,-0.007629027164491163,0.033918218203460644,0.09111994682988311,0.08415448028000005,0.08968572124354925,-0.0624702200000002,0.12442931330304852,0.06844118879555108,-0.008206825891103553,0.04987102249683558,0.03650288472850538,0.0327842035896092,-0.03848011183648847,0.032312964620740084,0.1322607527447497,0.07557975292155647,0.17074086458123816,0.20756593514304894,0.8816209040567857,-1.0055357214338716,0.6073270022814632,0.7354623736706637,-0.522360837513078,0.040207844188861835,-0.9025813224723418,0.2265100630691701,-0.628220090865656,-0.9696565132301347,-0.6521657220831141,-1.220158105095808,-0.6653347221808402,-0.9483533889699226
1965-11-01,-3e-4,0.046900000000000004,0.0016,-0.0108,-0.0087,0.044000000000000004,0.0034999999999999996,-3.0004500900199243e-4,0.04583341634317215,0.0015987213636970735,-0.010858743334875945,-0.008738065943285299,0.04305948946044701,0.09090170101593564,0.055026996920000126,0.08970386820273023,-0.06247022000000014,0.16991159620051777,0.07710869861344713,0.014067010195457863,0.044887756890145,0.018080283560160115,0.03516384173725669,-0.045317843412971626,0.03269674972796237,0.16921881885807943,0.08237239666807376,0.2152294396134894,0.20621321794489017,0.5156461557168199,-1.0052112417879986,0.6073270022814639,1.0944034341966227,-0.3523394710894821,-0.13795241521619137,-0.9764204205947157,0.5088601423595058,-0.45271750970208796,-1.0989137264544393,-0.6036905785403435,-1.2062929155135889,-0.5725841898409922,-0.6585689787779312
1965-12-01,0.0101,0.0207,0.0215,-0.013000000000000001,-0.0055000000000000005,-0.001,0.0033,0.010049335853001438,0.020488666427315602,0.02127213527553977,-0.01308523954865548,-0.005515180688110111,-0.0010005003335835344,0.10147921650959235,0.03605169122000018,0.08941851335940117,-0.06247022,0.1970015700098926,0.07547589757869753,0.06166798289910891,0.0392500519751325,-0.004610956043706649,0.03678322035911613,-0.035620716378060524,0.03019900577532447,0.1761651395017838,0.08100891246085522,0.23262228638795313,0.27177409566923566,0.2772293092491265,-1.0103135753298407,0.6073270022814655,1.3081944602688542,0.011009814175751004,-0.35739358408834127,-0.871703365438801,0.561928237927922,-0.4857790005046053,-1.2451459532330207,-0.5707025331846514,-1.2965301153930187,-0.591201960885048,-0.545277513712038
1966-01-01,0.0072,0.04019999999999999,0.0327,-0.0265,-0.0026,0.0528,0.0038,0.007174203748000453,0.03941300235683506,0.0321767316952212,-0.026857454169882642,-0.0026033858701149278,0.05145328158891566,0.07147949282254351,0.017067508184000157,0.08454321946576455,-0.06247022000000014,0.21392320671179688,0.07881560684789958,0.09245169982055534,0.04765164143355303,-0.04001264682836203,0.04352882292198262,-0.03793568965340821,0.0300492194558149,0.25559385405341506,0.08320910955153404,0.2956065008817771,0.08583173353417221,0.03870092273630097,-1.0974870582454752,0.6073270022814639,1.441738113680202,0.2459890783779908,-0.6997542722418155,-0.8967022319367147,1.1687431016389278,-0.41815547201771985,-1.0272233848288592,-0.4332891819822004,-1.3019415179663347,-0.5611592471746939,-0.1350183980791526
1966-02-01,-0.0121,0.0444,0.0038,-0.0016,-0.014499999999999999,0.0458,0.0034999999999999996,-0.012173800931708762,0.043442557842836724,0.0037927982386962624,-0.0016012813669738792,-0.014606152389362114,0.04478214277189325,0.05387752982814731,0.005062510087999961,0.08643602501428307,-0.0624702200000001,0.22720104258038942,0.08197387682231393,0.09419578555166042,0.04748921691445314,-0.04403413783506527,0.043097917465511115,-0.04597064012219132,0.03206440426090257,0.3099561577903649,0.08478140925042796,0.3559267979125562,-0.02326762389774199,-0.11213689949172455,-1.0636424417472239,0.6073270022814644,1.5465253007900959,0.2593020900213372,-0.7386450821986861,-0.9834698228309509,1.5840570610724565,-0.354205785871802,-1.0314363933969681,-0.44206707280415974,-1.2291379650406487,-0.5396901933699859,0.2578888075348353
1966-03-01,-0.025099999999999997,0.0086,-0.0213,0.0129,-5e-4,0.0147,0.0038,-0.025420377346911223,0.008563230660487814,-0.021530118550363214,0.012817503710614343,-5.001250416822429e-4,0.014593002302900086,0.041379691698216536,-0.029961943287999948,0.08988031762846373,-0.062470220000000194,0.21598877251849968,0.08240349499531707,0.05871420199645083,0.055308508294231146,-0.02888594746077411,0.04619209387646794,-0.05260571763748645,0.030306123468096954,0.3269566869420817,0.0822736587858183,0.37956240457956814,-0.10073092215019326,-0.552204630424812,-1.0020562092227354,0.6073270022814632,1.4580393266803378,-0.011537081798258943,-0.5921508112790029,-1.0551205061345237,1.7139367127632585,-0.34550673621844596,-0.8286176209474406,-0.37903620997483933,-1.2926602228673556,-0.573932411753263,0.41184362250844864
1966-04-01,0.0213,0.0344,-0.0036,0.0042,-0.0092,0.0588,0.0034000000000000002,0.02107632560191631,0.03382154847551066,-0.003606495594111744,0.004191204618468052,-0.009242581366932545,0.057136191370809115,0.03148198926524026,-0.01638218097699995,0.08718912902301934,-0.055099999999999996,0.2436412757495907,0.08397958893165527,0.04725784857466775,0.05583557416548794,-0.027627149705961918,0.046373222133016936,-0.03951882230146486,0.023540849671851685,0.3703128256454462,0.0888911298590762,0.40983164794691107,-0.16207822618859985,-0.38158054893929133,-1.050176443415317,0.6950551683314071,1.6762697716723063,-0.0989860894785476,-0.5799773004654927,-0.9137981190204707,2.0451664140977273,-0.31359346934074583,-0.8149464520631601,-0.3753464816669685,-1.5370725306806199,-0.4835737844363354,0.6090078344393665
1966-05-01,-0.0567,-0.046,-0.016,0.016399999999999998,-0.0148,-0.0471,0.0040999999999999995,-0.05837091332632951,-0.04709160753385057,-0.016129381929883644,0.01626697246387194,-0.01491061273575424,-0.04824531262799454,-0.01935400073180704,-0.0607888564789999,0.10632299160369155,-0.0721533113156039,0.1861965377575585,0.10556170093352472,0.04672597561957659,0.05603078197470056,-0.00751178445585432,0.049859870378120424,-0.05928416714524609,0.023816281961499527,0.2986286340701596,0.11499232470190142,0.3579128012154057,-0.47716659700603475,-0.9395320097845854,-0.7080503112936394,0.4920685917032133,1.222922361143729,-0.10304599933138676,-0.38544675300163206,-1.1272395536567745,1.4975177056106301,0.12340821198053831,-0.8098831021617284,-0.3043206518232043,-1.5271218555732087,-0.12717356579990685,0.27082500059874837
1966-06-01,-0.0144,0.0102,0.0049,8e-4,0.0079,0.0323,0.0038,-0.014504686202881688,0.010148331051815136,0.004888034072775866,7.996801705642441e-4,0.007868958378695197,0.031789322489407336,0.022885698887427974,-0.05048055897599979,0.08954362527208026,-0.08551430363265941,0.24913555972342882,0.086741554808938,0.04944121809848623,0.05601459617006422,-0.009095963570849075,0.049779651795524696,-0.055912090078356735,0.025559264171688773,0.3846047706575353,0.09882836667790516,0.440516860735892,-0.21535920154436233,-0.8100125268327987,-1.0080764914902984,0.33303190723753406,1.7196300427661297,-0.08231992257291863,-0.40076694364639776,-1.090825265287427,2.1543531825558593,-0.2576682785151206,-0.8103029336871196,-0.30595476888842693,-1.4641522970157632,-0.34788523085863793,0.8088815387156763
1966-07-01,-0.0163,-0.0034999999999999996,0.0091,-0.0038,0.0174,-0.013000000000000001,0.0034999999999999996,-0.016434306463424773,-0.00350613932928759,0.009058844488346146,-0.0038072383429540663,0.017250353406527672,-0.01308523954865548,-0.008071113963364351,-0.08543789862399986,0.09016807218228165,-0.10042042048344689,0.23414989615744264,0.08906416239712998,0.03629624540873144,0.05302199984853353,0.0012563151341111745,0.04776287246957966,-0.03871593319227362,0.033710729357523055,0.3129070118541528,0.10530815568719852,0.35162294504642644,-0.407233732313271,-1.2492370016077305,-0.9969109672684229,0.15560351375053968,1.6013648715743907,-0.18265855349520374,-0.3006527066472157,-0.9051279033134293,1.6066008239503584,-0.21063935840750775,-0.8879256596977543,-0.3470381863046114,-1.169660384621179,-0.2594065909520478,0.2298548805443574
1966-08-01,-0.0794,-0.0326,0.005,-0.0064,0.0077,-0.022099999999999998,0.0040999999999999995,-0.08272964759899602,-0.033143218593254184,0.004987541511038968,-0.006420567802922695,0.00767050630421974,-0.022347863663907622,-0.1110973109263832,-0.10744633676799997,0.11640627510018603,-0.1718470390970614,0.16083287267157065,0.10134583014218043,0.05178522180950784,0.05115155321528747,-0.02494533498260043,0.04275276472395064,-0.023403615160655478,0.03491691746832446,0.2516004746463012,0.1143938914071892,0.3626977855726844,-1.0458040946585165,-1.5257638992993876,-0.5277545258923831,-0.694591766461044,1.0227551693316332,-0.06442759759121859,-0.5540421568652858,-0.7397736859138668,1.1382347144095342,0.03804387767020001,-0.9364417811289635,-0.4490981118332934,-1.1260838452678845,-0.13534490655112852,0.30199286490428545
1966-09-01,-0.0106,-0.0101,0.0048,-0.011899999999999999,0.0235,-0.018600000000000002,0.004,-0.010656580188528888,-0.010151351056375355,0.004788516731797094,-0.011971371781219958,0.023228126119207243,-0.01877515532633398,-0.14497343907307358,-0.10400507873200004,0.10880086692989784,-0.18062546048263256,0.14191439993797839,0.1037370783427282,0.058315432479665086,0.0507843828627662,-0.028288941499049258,0.04344879495049957,-0.007697409031004687,0.04237487386001588,0.18919615240379528,0.11906536798657297,0.33416959147686887,-1.2557729381484004,-1.4825259192743958,-0.6637442597757908,-0.7990818371739596,0.8734527105734584,-0.014580982178440668,-0.5863773194666729,-0.5701659611055175,0.6614818107483706,0.08646265540638055,-0.9459655393010676,-0.43491941614570667,-0.8566466594032637,-0.07155796942916803,0.1161692934838586
1966-10-01,0.038599999999999995,-0.066,0.0274,-0.0391,0.042300000000000004,-0.052000000000000005,0.0045000000000000005,0.03787365242808149,-0.06827884075329449,0.027031339051030518,-0.03988493369891492,0.041429809763139556,-0.053400776727115296,-0.13447311288625163,-0.05399987269600015,0.1140953906198471,-0.1806254604826324,0.04033169093062017,0.12895875287255976,0.07071715935953526,0.05464148155260777,-0.07726340931558118,0.054383867557146075,0.04219769303404264,0.058776973221502396,0.089761191376315,0.1345000136343704,0.22423430426256663,-1.1906904902320807,-0.8542312441551223,-0.5690746705158216,-0.7990818371739576,0.07177339767709763,0.0800842807755206,-1.0599968594375027,-0.031360175005649936,-0.09817560866986193,0.59715939232999,-0.8459191305544278,-0.21216318962368497,-0.26408010871194953,0.13919525917112766,-0.5999141580897012
1966-11-01,0.0138,0.0407,-0.0463,0.0466,-0.06509999999999999,0.057300000000000004,0.004,0.013705647056111967,0.03989356366167662,-0.04740612239727035,0.04554681495597036,-0.067315707284867,0.0557184887563437,-0.12226552150053216,0.041771593592,0.1165010935307227,-0.18062546048263242,0.034170590076890495,0.126942337905371,0.01951173610342316,0.07632193623898623,-0.02372006084683309,0.07501671129710522,-0.017098130517979815,0.09188606941049851,0.103644164408216,0.13871534132545657,0.22590968590874816,-1.1150261807231143,0.34909751033087666,-0.5260591095718893,-0.799081837173958,0.02315068277445205,-0.3107786130910373,-0.5421928443889511,-0.6716822005971652,0.007886719492083137,0.5563303608234088,-0.2835659719279589,0.20814443697023793,0.9320681704094534,0.1967536858935072,-0.5890012555785903
1966-12-01,0.0013,0.019299999999999998,-0.0095,0.0017000000000000001,-0.0016,0.009899999999999999,0.004,0.0012991557316201288,0.019116117192230143,-0.009545412843531385,0.001698556635581512,-0.0016012813669738792,0.009851316050374202,-0.12991235192404993,0.05430149248400018,0.11510751056607364,-0.18062546048263248,0.032752113711545405,0.12674095456639997,-0.011427925002016392,0.07384261879968008,-0.009179721327530421,0.07408456609876453,-0.013243613382756259,0.09177986975612007,0.115685927563421,0.1383525971603125,0.24559827948747093,-1.1624222743214363,0.5065304933678634,-0.5509772957183527,-0.7990818371739586,0.011956226857282058,-0.5469482354850714,-0.40157694346787653,-0.6300581523614885,0.09988267975801524,0.552252684935488,-0.3478751394892595,0.1891558893471718,0.9282314442994161,0.19180057548821974,-0.46075602691968304
1967-01-01,0.0815,0.081,0.0236,0.0129,-0.030600000000000002,-0.07,0.0043,0.07834896641097631,0.0778865386570712,0.023325825303496757,0.012817503710614343,-0.031077955570861397,-0.0725706928348355,-0.06572697439025021,0.09785005211000009,0.1457070307803692,-0.17058959457701428,0.07325998358217722,0.14361916236062547,-0.02013907623904687,0.06993716810224235,0.03092127402911604,0.06931286820807077,-0.040944815333109785,0.09657671354016999,-0.014449171130336613,0.1518840314432587,0.13898695797242744,-0.7645925863660801,1.0537000841187119,-0.003837613306761308,-0.6796243297151555,0.3316397793251633,-0.61344247701072,-0.013770483899241964,-0.9291970913562064,-0.8943158619612906,0.8940081712904681,-0.4491757149307851,0.09195256436989004,1.10152933212918,0.3765662985115144,-1.1551882244586997
1967-02-01,0.0077,0.0332,-0.0226,0.0166,-0.009300000000000001,0.0351,0.0036,0.00767050630421974,0.032660782239548276,-0.022859294146082558,0.01646372603066503,-0.009343515003152466,0.034498040407567356,-0.04700179379801084,0.09124432581499997,0.14609089508445117,-0.1669787557008379,0.06175049314161751,0.14092327515230546,-0.04590947710305271,0.07268014508228064,0.04971410975360446,0.07048035612514802,-0.03588435164942916,0.09605753382534356,-0.02453273765252617,0.14880350636448358,0.10875228693962835,-0.6485313737013193,0.9707018728233517,0.0030261346197971,-0.6366443002847197,0.24080817541994765,-0.8101539348464726,0.16797021911203322,-0.874550302387607,-0.9713517057291745,0.8394209630234394,-0.37802767901189943,0.11573523251240542,1.0827726762875514,0.3345030972595514,-1.3521272432120999
1967-03-01,0.039900000000000005,0.0147,0.004699999999999999,0.008199999999999999,-0.015,0.0139,0.0039000000000000003,0.03912455468405008,0.014593002302900086,0.0046889894861314695,0.008166562666393401,-0.015113637810048184,0.01380428097639708,0.016537936844238876,0.13331166924499982,0.14997911899118999,-0.1669787557008378,0.06817194664961268,0.14121860309626919,-0.020563248845853588,0.0704432128156991,0.04484328705063123,0.07000052908973947,-0.049871021885630085,0.09674426599615846,-0.025301806155411444,0.14870921729126405,0.11804296853524276,-0.2547034928749999,1.4992605963781471,0.07255015259718847,-0.6366443002847187,0.2914855641841378,-0.6166802850797237,0.12086573976365472,-1.0255891526882075,-0.9772271904502497,0.8454008600808787,-0.4360497981944805,0.10596076976893065,1.1075825804796977,0.33321562185802944,-1.2916107019536984
1967-04-01,0.038900000000000004,0.004699999999999999,-0.0229,0.030899999999999997,-0.037200000000000004,0.0052,0.0032,0.03816246109434886,0.0046889894861314695,-0.023166278031839585,0.030432207120201914,-0.037909573073220175,0.005186526687300154,0.03405587250316211,0.08867082124699999,0.15336367592814026,-0.11690740559825907,0.037502276487689334,0.1378076757871831,-0.03953467527828547,0.07365357960925019,0.07262392413911156,0.0749621950944326,-0.07672165913553153,0.10243385727424553,-0.07464429122347882,0.13451785123618126,0.1493455832746431,-0.14612494828138875,0.9383668552392734,0.1330682716597803,-0.04064204850067638,0.049443977161805756,-0.7614935912615395,0.3895251687386271,-1.3155430381789077,-1.3541910318111536,0.7763352853676072,-0.35277848618471574,0.20703389806222178,1.3131331873987067,0.13943882369848462,-1.087715437986525
1967-05-01,-0.0432,0.021099999999999997,0.008,-0.011899999999999999,0.016200000000000003,0.0066,0.0033,-0.04416089578576978,0.02088047757935513,0.007968169649176881,-0.011971371781219958,0.01607018017749446,0.006578315360122507,0.04885472152128245,0.03368089884799996,0.1477366097957048,-0.10400507873200002,0.11047544499117312,0.12717055870607324,-0.016108691748487725,0.07303594256802443,0.042758460686595834,0.07598988476081232,-0.047670067005204264,0.1043756254067532,-0.0224965301139195,0.12689796401398382,0.15814551199637739,-0.05439967200834729,0.24744128633669685,0.032452603340529795,0.11293511388440795,0.6253400145622817,-0.5826776156893793,0.10070391774748594,-1.001821544737989,-0.9557956060616701,0.5609514504373787,-0.36879891315649127,0.22796876336702823,1.3832843808016773,0.035392649248252236,-1.0303955046663256
1967-06-01,0.0242,0.058499999999999996,0.008,-0.0084,-0.024900000000000002,0.0601,0.0027,0.023911820046312877,0.05685281159278279,0.007968169649176881,-0.008435478821101575,-0.025215249141063763,0.05836324329691498,0.08993202697047198,0.018074792383999894,0.147489032765358,-0.08915836000000006,0.1635698460930084,0.1360071634061619,-0.01307350112695338,0.07338719160411834,0.03317275141569609,0.07690215642524866,-0.07866165526021895,0.10548466712734783,0.0038277907839137093,0.13697565627248626,0.24223150135322735,0.20020304650479734,0.05135703095703289,0.028025762108781566,0.28965648803845895,1.0443550557035834,-0.5595093004147282,0.00800297749050715,-1.3364926122599505,-0.7546845936516705,0.7398779202275368,-0.35968812614721235,0.2465524711157344,1.4233512656840257,0.1729990594493626,-0.48268614752192296
1967-07-01,0.0458,0.0317,0.0275,0.0045000000000000005,0.026600000000000002,-0.011000000000000001,0.0032,0.04478214277189325,0.03120792712419322,0.027128667388252696,0.004489905272852001,0.0262523711440657,-0.011060947359424948,0.15873834889267013,0.024836478848,0.14948901013647278,-0.04319999999999992,0.20467135997406571,0.13594591501266243,0.004922185702165516,0.07818298512352218,0.04178079582118732,0.07658087891607447,-0.07033030793212203,0.10807846890213567,0.005861889650750296,0.1367743735848973,0.27500166790618774,0.6266739754208,0.13631481709431756,0.06378668175715221,0.8367015745437469,1.3687235799253532,-0.42214404134900774,0.09124917113267704,-1.2465242995278891,-0.7391446036918455,0.7386377426705314,-0.23529361169768193,0.24000778977849882,1.5170587928114396,0.17025063378163302,-0.2692317183890774
1967-08-01,-0.009000000000000001,0.0043,0.0143,0.003,0.013500000000000002,-0.0132,0.0031,-0.00904074465214907,0.004290781417156246,0.014198719399812928,0.002995508979798371,0.01340968690991774,-0.013287894326935407,0.2473492328401432,0.06146838475999994,0.1118129940423332,-0.043200000000000016,0.2506217147218881,0.12612808398670192,0.014221465629559171,0.0793059701535745,0.05163661252883478,0.07583741100317931,-0.06497942551275748,0.10902311606366882,0.015016374585704373,0.1354176118022065,0.3156011402346456,1.17589626973087,0.596579522481399,-0.6098854325739418,0.8367015745437457,1.7313586108429668,-0.3511604768715396,0.18656225125842166,-1.188741345110138,-0.6692067032800539,0.5398430804566863,-0.20616533981061033,0.22486275025529828,1.5511865162078984,0.15172465445768357,-0.004779684708984666
1967-09-01,0.031,0.0304,-0.024700000000000003,0.0022,-0.009300000000000001,0.0239,0.0032,0.03052920503482279,0.0299470763679521,-0.025010163004167762,0.0021975835434872013,-0.009343515003152466,0.023618865598634027,0.29979488483746497,0.06851582179999993,0.10763707877754297,-0.043199999999999975,0.30178868052271257,0.12246460940178092,-0.01555513989997126,0.08332214400151107,0.06664326796518427,0.07383958266058369,-0.09494393439715565,0.10439515246795376,0.05897214788903904,0.13521711852167612,0.3967326149198682,1.500961544258898,0.6851276460964203,-0.6845535625234964,0.8367015745437463,2.1351625493973647,-0.5784522258056914,0.33168777402858224,-1.5123212176095793,-0.3333959484800809,0.4656638456834816,-0.10199279907514602,0.1841653796164558,1.3839898443551981,0.1489870077925999,0.5236849047416798
1967-10-01,-0.0308,0.0147,-0.0329,0.0097,-0.0274,0.0368,0.0039000000000000003,-0.03128429003976644,0.014593002302900086,-0.033453376259219576,0.009653257028138346,-0.02778238101245161,0.03613904661587314,0.21294165451999936,-0.009748006800000208,0.11811364563960108,-0.043200000000000016,0.4142665675871484,0.07447025005110039,-0.0733340235519393,0.08283319043279255,0.12081351614574531,0.05490284872185121,-0.15546624829192512,0.09042711020738761,0.15816700731155597,0.12221240476493526,0.5697328158790735,0.9626334258815199,-0.29822490180483235,-0.4972256101397096,0.8367015745437457,3.022825381969784,-1.0194918702908429,0.8555543756932661,-2.165887831666034,0.4244271566915334,-0.5061416814293673,-0.1146754013437829,-0.20159112576601548,0.8793596479494102,-0.028586580470952774,1.650553121170649
1967-11-01,0.0037,0.0018,-0.0171,0.0131,-0.022799999999999997,0.012199999999999999,0.0036,0.0036931718376176062,0.0017983819413793973,-0.01724789340955339,0.013014937077494763,-0.023063939598551693,0.012126179797840555,0.20085770234930278,0.0029424072399999446,0.11875652739621124,-0.04320000000000003,0.361403139626026,0.07798719776108139,-0.04496174032630895,0.0711980682350253,0.0849380596285636,0.03891549651245244,-0.11725491264399335,0.07067881881100058,0.10876444225929927,0.11269681713909462,0.47865805227001934,0.8877354490206042,-0.13877511250387858,-0.4857304586577083,0.8367015745437456,2.605633154873841,-0.8029196398123501,0.5086120204324808,-1.7532523646643043,0.047004319769346624,-0.43492937087108613,-0.4164701659632847,-0.5272663524745763,0.16590360449428412,-0.15851770166006296,1.057321114151041
1967-12-01,0.0305,0.0562,-0.0054,-0.0074,-3e-4,0.032,0.0033,0.030044121348376644,0.05467756129069576,-0.005414632701498842,-0.007427515828796584,-3.0004500900199243e-4,0.031498667059371016,0.23587722188250893,0.00245601422000008,0.11855063156203331,-0.04319999999999993,0.4106877230187469,0.0826742749354493,-0.041008527944015105,0.07095597525784458,0.07508187879336337,0.041220749252939275,-0.11610550497816507,0.07086712591888178,0.1330279279251383,0.11501347152903658,0.526793227996912,1.104791187625639,-0.1448864390777775,-0.48941201250342364,0.8367015745437467,2.994581543204358,-0.7727438511252008,0.41329541892239596,-1.740840174383013,0.23237108329539274,-0.340023895192711,-0.42274963529952486,-0.4803064995204883,0.1727066661590507,-0.1268848152710585,1.3708583199930686
1968-01-01,-0.0403,0.039900000000000005,0.048499999999999995,-0.0489,0.0646,-0.0446,0.004,-0.04113454335855504,0.03912455468405008,0.047360571359837574,-0.050136069493797175,0.06259914175651995,-0.045625178026275554,0.09669104932098382,-0.007369957854999942,0.111832271293286,-0.04320000000000008,0.3570528798956478,0.06461786713152003,-0.01768018908685043,0.08377706307186811,0.009487979978643812,0.06877818224296654,-0.029302579533479145,0.09771238175956581,0.16397299176309366,0.09526718158137529,0.38635545942912697,0.24209638507979325,-0.2683457030621849,-0.6095407425627841,0.8367015745437449,2.5713013944231755,-0.5946732200280803,-0.2210463833796139,-0.8034752518898368,0.46878337828665806,-0.7056359617159665,-0.09019299229824164,0.08106058109320753,1.1425581653697159,-0.3965116310924542,0.4560914185224636
1968-02-01,-0.0374,-0.0294,0.0123,-8e-4,0.0246,-0.0334,0.0039000000000000003,-0.038117322113128044,-0.02984084201102122,0.012224969622568948,-8.003201707691552e-4,0.024302292522964817,-0.033970519571153344,0.04760822077640081,-0.04801665979000003,0.12085145979182332,-0.07619277999999993,0.274831131655745,0.08424752678778981,0.017395482491693315,0.0813232467826122,-0.007790291565354379,0.06661822499010499,0.0039129676087585885,0.10087510329257585,0.08694454046778688,0.10247183351498622,0.2826214232210994,-0.06212565293151388,-0.7790546554167729,-0.44827168029838443,0.44398655622825683,1.9224166060747152,-0.3269324686445611,-0.38814012395512915,-0.4447881614139225,-0.11969409410460913,-0.30816817576381184,-0.1538407045309155,0.03706051411570384,1.2568193308649998,-0.2981353100159448,-0.21959905880988762
1968-03-01,0.0021,-0.013000000000000001,-0.0063,0.010700000000000001,-0.0115,0.0319,0.0038,0.00209779808214612,-0.01308523954865548,-0.0063199287448193475,0.01064316009847976,-0.011566636371465405,0.03140176313953164,0.009528029656727721,-0.07425278483800002,0.11457950513412511,-0.07619277999999989,0.24002988759655053,0.0905782161701851,0.0062564854702853445,0.08158774143544795,-0.005329942159396306,0.06702067566069654,0.007480171046962525,0.10034383878428933,0.1062413170023766,0.10523026603193429,0.24535982975594683,-0.2981518497462363,-1.1087006857031907,-0.5604183824518941,0.44398655622825733,1.647769102597596,-0.4119590211794783,-0.3643467147407054,-0.40626674802561225,0.02772829449878685,-0.17998230110103977,-0.14698017482277034,0.04525875805674012,1.2376260818642495,-0.2604701395877655,-0.46230921253554186
1968-04-01,0.0902,0.056600000000000004,-0.011000000000000001,0.0279,-0.0373,0.051100000000000007,0.0043,0.0863611656480435,0.05505620574807839,-0.011060947359424948,0.02751788603673928,-0.038013442198216174,0.049837234847171584,0.05937766669724165,0.05163031569200016,0.13921806911776008,-0.07619278000000006,0.30408637328009913,0.09636602972102308,0.018511579295990677,0.07859714990156236,-0.008224510181049083,0.06560433453504885,0.007375530397705221,0.10038739319324412,0.1567551216685219,0.11292774019432189,0.3123108834611482,0.010822971474876946,0.47296826479695103,-0.11986454439577485,0.44398655622825534,2.1532956821813625,-0.31841304239978707,-0.3923393410202847,-0.40739673844446295,0.41364071505151007,-0.062788754303061,-0.22455090014057333,0.01640674984735096,1.2391995929930955,-0.15536454994165358,-0.026211369535863064
1968-05-01,0.022799999999999997,0.0629,0.008199999999999999,0.0049,-0.0192,0.0375,0.0045000000000000005,0.022543964434894436,0.06100102155739891,0.008166562666393401,0.004888034072775866,-0.019386713800190095,0.0368139731227164,0.13245346728463514,0.11739817877600012,0.12924609981638602,-0.07619278000000004,0.3574707728522357,0.1038610122581913,0.018713664926803597,0.0786151307316078,0.008637981701308917,0.06459974196020811,-0.027717063359506522,0.10069258332613179,0.1922644930767845,0.1153269653054721,0.38518783621174224,0.4637567090611608,1.2993141884574244,-0.29816995828337456,0.4439865562282555,2.5745993586296363,-0.31687047582293604,-0.22926649910594463,-0.7863536256553086,0.6849231409752193,0.08897210996881696,-0.22408450878868302,-0.0040576091206497725,1.250225344048775,-0.12260419704129617,0.4484858927187933
1968-06-01,0.006999999999999999,-0.0019,0.0066,-0.015600000000000001,0.027999999999999997,-0.0209,0.0043,0.006975613736425138,-0.0019018072895963312,0.006578315360122507,-0.015722960465236198,0.02761516703297339,-0.021121496622111418,0.11343550239760569,0.12286195591999993,0.12841663071319648,-0.07619277999999992,0.2800109384825853,0.10107429930738725,0.017298784836627057,0.07850345837435092,0.0013142690467617957,0.06611924056645425,0.025030108569815912,0.10145725963252465,0.10116608355011736,0.10971834008472572,0.2786966694358235,0.3458807795697641,1.367964282272498,-0.3130014150680247,0.443986556228257,1.9632950588985751,-0.3276705843144632,-0.30009224919514244,-0.21674898993631203,-0.011045178205877235,0.032545832283125964,-0.22698109484940435,0.026895799961163765,1.2778511736019456,-0.19918748247940563,-0.2451636551133312
1968-07-01,-0.0269,-0.0128,0.053099999999999994,-0.0318,0.0379,-0.0089,0.0048,-0.027268427154193777,-0.012882625831013718,0.05173819540441437,-0.03231660147654312,0.037199440989106304,-0.008939841569474296,0.036033741999531355,0.002253686759999818,0.12668826693607466,-0.07619277999999997,0.22480061885238745,0.10553140556363366,0.04264462317416262,0.0902680149515971,-0.03487060697752653,0.07331234568560828,0.03631282844789774,0.10483908142000008,0.1035042521805074,0.10933553463254823,0.259671225829914,-0.13386584449809105,-0.14742859970115452,-0.3439057038112298,0.44398655622825633,1.5275814267417542,-0.13419991089510847,-0.6500269212925869,-0.09490948061274865,0.006817826210003073,0.1227947813961035,0.07817097168962583,0.17342513826158615,1.4000278796132808,-0.20441452084576522,-0.36908933603214533
1968-08-01,0.013500000000000002,0.0242,0.009899999999999999,-0.0066,0.004699999999999999,0.019,0.0042,0.01340968690991774,0.023911820046312877,0.009851316050374202,-0.0066218763088869695,0.0046889894861314695,0.018821754240587667,0.05955620334664502,-0.006859492050000138,0.1263590133868984,-0.07619278,0.24906979371563787,0.1047957352033305,0.0381216651321965,0.08980837980916061,-0.04410813656178947,0.07309086414987832,0.0273147496217101,0.10425302850853735,0.1395123966071512,0.10714183231341844,0.29317793027742733,0.011929565877680537,-0.26193191192849863,-0.3497929752804415,0.443986556228256,1.719111024830371,-0.168724700589311,-0.7393607049399241,-0.19207767417635882,0.28191074916718717,0.10789868668939145,0.06624883823329723,0.16891338119163127,1.3788552635588076,-0.23436855133628945,-0.150837333607677
1968-09-01,0.0405,0.0274,0.003,-0.0194,0.0087,-0.0064,0.0043,0.039701366851552046,0.027031339051030518,0.002995508979798371,-0.01959064976500415,0.008662373078652587,-0.006420567802922695,0.06931933034159488,0.026179442425000143,0.12870588268684457,-0.0761927799999999,0.2454331386485309,0.10448941286945894,0.06760589575268416,0.08444616591321508,-0.06471007654409366,0.07438970246938315,0.045980001961662076,0.10362247405917652,0.10579110974593697,0.10745719168366344,0.31014321519262456,0.07244275307244445,0.15318859747032218,-0.3078293982556562,0.44398655622825717,1.6904109521120088,0.05633528272753807,-0.9385967920675887,0.009484113324730198,0.024288827342604503,0.10169617161966431,-0.07283763228755792,0.19537176270610263,1.3560749189915653,-0.23006245925195482,-0.040330870334228774
1968-10-01,0.0043,-0.005,0.0282,-0.013600000000000001,0.028399999999999998,-0.0146,0.0044,0.004290781417156246,-0.005012541823544286,0.027809700639267233,-0.013693327132002567,0.028004196409597344,-0.014707628872274288,0.10804519548293823,0.05908130102499998,0.12234803645569474,-0.07619277999999995,0.2212535458315643,0.10705404507598398,0.13505571503764835,0.0753929437280396,-0.08629297762017851,0.07282306831122876,0.10598995889098606,0.10006109539376086,0.05097083289317772,0.10513278814694582,0.3075465234517428,0.3124709251723741,0.5665868053494154,-0.4215118986142043,0.44398655622825667,1.4995883254559759,0.5711954260493802,-1.1473195027907597,0.6575179017909957,-0.39452392840686545,0.15362568556737616,-0.3076624164180921,0.1634581645102514,1.227411275090817,-0.26180115679718097,-0.057244893407261105
1968-11-01,0.054299999999999994,0.023399999999999997,-0.0096,0.0044,-0.025099999999999997,0.0174,0.0042,0.05287703960076694,0.023130417388854466,-0.00964637705180545,0.004390348301292854,-0.025420377346911223,0.017250353406527672,0.1639055988817988,0.1017162463450001,0.1298727486627093,-0.07619278,0.24758522539830596,0.10594380202283077,0.14371673636513038,0.0726686621875932,-0.09413944005696118,0.07064816160599718,0.10338683066191412,0.10089358948224561,0.05637001124829033,0.10568071686256512,0.34172466545526714,0.6587012926969171,1.1022772112498063,-0.28696506198566324,0.443986556228256,1.7073949786625124,0.6373070143272005,-1.2232006321912703,0.6294073159071278,-0.3532756003153996,0.13114512014073004,-0.37832552526056296,0.11915356516078236,1.2574871903509481,-0.2543194336339375,0.1653806394350355
1968-12-01,-0.0393,0.0336,4e-4,-0.0191,0.019299999999999998,0.0032,0.0043,-0.04009309356644423,0.03304785404620042,3.999200213268913e-4,-0.0192847614118671,0.019116117192230143,0.0031948908965192886,0.08506948941848047,0.017221333843000064,0.13829011702302035,-0.039299999999999974,0.2208900671953129,0.09990761430913025,0.15038630912897322,0.07144150577660707,-0.10481702272000137,0.07148957650716548,0.12501970240441018,0.10097759856407797,0.026889917911128824,0.10152125570864813,0.3257070899153143,0.1700643783017272,0.040633678345322465,-0.13645694227827063,0.8831235059914876,1.4967197929447842,0.6882174129834213,-1.3264608004857896,0.8630157460415647,-0.5784958990645249,0.00892241184278805,-0.41015582097296555,0.13629386363577606,1.2605222269490701,-0.3111150276131627,0.06104725323001476
1969-01-01,-0.0125,-0.0063,0.0166,-0.0152,0.0129,-0.0015,0.0053,-0.012578782206860073,-0.0063199287448193475,0.01646372603066503,-0.015316704111893288,0.012817503710614343,-0.0015011261262670914,0.11650111576612465,2.0518487499998628e-4,0.13020318946637935,-0.05130874999999981,0.16664915835367067,0.09907839280058071,0.11538647769243138,0.06043906652043329,-0.07309831140222622,0.0567038364051294,0.07038555003327729,0.08331716882690557,0.07321497072876504,0.0874543022934927,0.2397474697558969,0.36488186761582936,-0.17316717630837022,-0.28105656161998094,0.7401826420753194,1.0686566416865115,0.4210555670261076,-1.0197172638521734,0.27303404046550495,-0.22458446073114777,-0.007867937192215207,-0.6955398942227093,-0.16490355772043666,0.6224953681644443,-0.5031930264519004,-0.4988663382969443
1969-02-01,-0.058600000000000006,-0.039599999999999996,0.0089,0.0199,0.0075,-0.0255,0.0046,-0.06038715001509513,-0.04040541463503886,0.008860628432196467,0.01970458327433543,0.0074720148387010564,-0.025830760034521515,0.0919116459404008,-0.10690205725000002,0.14052435029248403,-0.10690205724999997,0.15438888489889302,0.10446069817598354,0.11164024236283088,0.06034286763798087,-0.0538960846668638,0.062313466214904106,0.05252141485313966,0.08087493594442184,0.08198633248001386,0.08370567574130902,0.20828496956575682,0.21247299376284012,-1.5189252528854589,-0.09650737205864784,0.07845220666179945,0.971899942685349,0.3924596822755991,-0.8340174451856814,0.08012333379573944,-0.15757352248684164,0.10111474708965126,-0.6980351253507469,-0.05063088541542196,0.5342636434770301,-0.5543788564811274,-0.7038030451740628
1969-03-01,0.026600000000000002,-0.003,-0.0042,-0.0134,-0.0044,0.0406,0.0046,0.0262523711440657,-0.0030045090202987243,-0.004208844774054682,-0.013490590182499144,-0.004409708488700073,0.03979746987406606,0.11860742014012127,-0.04563927549999991,0.1416154181437686,-0.10690205724999982,0.16608482091610544,0.1022873984923399,0.11398948711372348,0.05979954109058401,-0.07645580007156194,0.06051347173838695,0.06008125506098727,0.07965395670227415,0.09110861282944338,0.08678742542105493,0.24254062098766738,0.3779370282153727,-0.7491838077885491,-0.07699835644465643,0.07845220666180126,1.0642029541090694,0.4103920133324485,-1.0521866772000663,0.16176031773593566,-0.08788165679040785,0.05710906239646575,-0.7121280677965621,-0.08729822104022011,0.4901527377911389,-0.5122989338470071,-0.48067264066358845
1969-04-01,0.0146,-0.008100000000000001,2e-4,0.0028000000000000004,-0.0016,0.0124,0.0053,0.014494446150452511,-0.008132983230188991,1.999800026662447e-4,0.002796087302001188,-0.0016012813669738792,0.012323749688831903,0.041037505479881276,-0.01944871789600011,0.11464241648112418,-0.10690205724999995,0.0946806112688674,0.09290011341411494,0.12660493934392925,0.05665701471927946,-0.09900756524152388,0.04930788945949346,0.09939246395854373,0.0653020725144199,0.05093555287653717,0.07385784042426191,0.22561250458545312,-0.1028518388089954,-0.42011031353774925,-0.5592934859118145,0.07845220666179976,0.5006889635168413,0.5066886915469964,-1.2702790245297104,0.5862730641969128,-0.3947934586216033,-0.13296776427699292,-0.7936397176458803,-0.31556494721734435,-0.028344700962777605,-0.6888466722737024,-0.5909370000799301
1969-05-01,-9e-4,-0.0032,0.0062,-0.0087,0.0105,0.0181,0.0048,-9.004052431641551e-4,-0.0032051309489483358,0.006180859075081099,-0.008738065943285299,0.010445257861538604,0.017938145131012998,0.016914911737337945,0.04065093047599988,0.11274218750286476,-0.10690205724999995,0.026604227408793424,0.07255004974060165,0.1243700555126579,0.05675929780543378,-0.11120131299027036,0.04704595119575759,0.13268361014489005,0.058124870617294724,0.03128432422515903,0.06682550015505076,0.24388492313516041,-0.252366951284828,0.3350168430523828,-0.5932708382491377,0.07845220666179976,-0.036562200295493986,0.4896293039626543,-1.3882016372044756,0.9457765314453656,-0.5449237698466254,-0.5450225270152356,-0.7909866728917458,-0.3616424494324938,-0.2876389338571926,-0.7848701541321034,-0.47191628457331825
1969-06-01,-0.0719,-0.053399999999999996,-0.011000000000000001,0.042699999999999995,-0.0163,-0.0231,0.0051,-0.07461579338078989,-0.05487866150998945,-0.011060947359424948,0.04181350281341035,-0.016434306463424773,-0.023370986323240202,-0.06276193685856635,-0.05919722523399995,0.13555444366238534,-0.13742088531978547,-0.02636653475086226,0.09242718982429582,0.10471089300816461,0.06046106869665444,-0.058563194895322024,0.06916074754450721,0.08387243900732311,0.06051989819304689,0.028967068057969447,0.06772717821808927,0.16747282986673095,-0.7462148810174661,-0.9195338232904233,-0.18537259334852554,-0.28481521501024815,-0.4546014968127122,0.33956634853962736,-0.8791518733468259,0.41867586731714224,-0.5626270084450871,-0.14254367621135564,-0.6949691961689277,0.08885374406842741,-0.20111261804261651,-0.7725581408031453,-0.9696403263812444
1969-07-01,-0.07,-0.032400000000000005,0.0118,0.0151,0.0184,0.0182,0.0053,-0.0725706928348355,-0.03293650024626485,0.011730922875698699,0.014987129808248238,0.018232768261059684,0.018036362486098575,-0.10427356004364063,-0.13764381970000006,0.15029523766487568,-0.1978014233474004,-0.04569718296691094,0.0970112458492227,0.06138684032443398,0.038266758886041294,-0.012959614891800753,0.06484250029104707,0.06350871171120365,0.052542873665402834,0.05710248077552693,0.0681795767898951,0.16778227175484428,-1.0035095598489796,-1.9051827484992438,0.07820256379558237,-1.0035283424706782,-0.607156798114636,0.008863787576636396,-0.4381313264119644,0.19877263754912095,-0.34767972231521344,-0.04972420655099575,-1.2706508599568374,8.875733833606476e-4,-0.4893024286851029,-0.7663808393089676,-0.9676247204651051
1969-08-01,0.046900000000000004,0.008100000000000001,-0.0375,0.0106,-0.0398,0.021400000000000002,0.005,0.04583341634317215,0.008067371077758793,-0.03822121282019774,0.010544213875671097,-0.04061368288529713,0.021174235231406567,-0.0747548002068944,-0.09638606230000013,0.15886402128923868,-0.19780142334740047,-0.060698428186821474,0.0932783797530111,0.011570287961449433,0.057120727869534045,0.004130272992093786,0.06551279410011121,0.016403966343284226,0.06969065740770145,0.05959222165272138,0.06875203849098084,0.13434702185961578,-0.8205482769851713,-1.3867961376507478,0.2314180886814045,-1.0035283424706793,-0.7255449379664346,-0.37139753204299697,-0.27285939598394393,-0.309900725297358,-0.32865874508300114,-0.12530850340064534,-0.7816118077835408,0.014541997541225454,0.13020382110837328,-0.758564129129356,-1.1854112906909833
1969-09-01,-0.0297,0.0123,-0.0322,0.0336,-0.0062,0.024300000000000002,0.0062,-0.03014997695088322,0.012224969622568948,-0.03272982462291888,0.03304785404620042,-0.0062192998139168326,0.024009452460351854,-0.13717883963551147,-0.05529942490000006,0.15191977587523087,-0.19780142334740058,-0.07450361967444041,0.08875961257586895,-0.023930483859331608,0.06618392590230607,0.05840204993333509,0.06908943737430089,0.0013901672964766743,0.069577420780937,0.09233123252705577,0.07004493043173116,0.22951007216256725,-1.2074609521302548,-0.8705595786334333,0.1072503826585715,-1.0035283424706807,-0.8344939563017831,-0.642383172352308,0.25198906433221785,-0.47203130451161485,-0.07854115808833213,-0.21680598306062973,-0.5465282675758372,0.08740109853060544,0.12611286690459095,-0.7409102641192892,-0.5655494860788935
1969-10-01,0.0506,0.0392,-0.031200000000000002,8e-4,-0.0208,-0.0436,0.006,0.04936142953772409,0.038451186374252634,-0.03169708674325456,7.996801705642441e-4,-0.021019367224075457,-0.04457904339796736,-0.09740126348806977,0.06720690774199989,0.16352988900108167,-0.1978014233474006,-0.03339111715143539,0.09951822247658469,-0.08031886088593676,0.06362932528941705,0.07385317474988029,0.06633875872055378,-0.04651764700825556,0.06527914546303273,0.06018428129579467,0.08506936873006478,0.17125443823795006,-0.9609141323655203,0.6686816838052514,0.31484689279839234,-1.003528342470681,-0.5100387109538258,-1.0728087566663018,0.4014129366866561,-0.9893768249824576,-0.3241355623316704,0.0010378783226002548,-0.6127901492784309,0.03136756136771982,-0.02917299760082353,-0.5357582346179441,-0.9450081337197261
1969-11-01,-0.038,-0.0255,-0.0125,0.013999999999999999,0.0021,0.036699999999999997,0.0052,-0.038740828316430595,-0.025830760034521515,-0.012578782206860073,0.013902905168991434,0.00209779808214612,0.03604259134692931,-0.17642038838615481,-0.019339912839999918,0.15119205089916918,-0.16498534750432037,-0.07957752947437358,0.09761073703676533,-0.08301178829247013,0.0638307635428729,0.08411700437711911,0.06677726675405674,-0.019915205730816732,0.061079581985006536,0.0802958958318758,0.08998636702561877,0.2605373927632739,-1.4506854012835284,-0.4187432231339669,0.09423817823520414,-0.6129166442216166,-0.8745366817011805,-1.0933644972921654,0.5006718052996374,-0.7021031509857673,-0.17048802185954892,-0.03758551239211413,-0.6075651925264737,0.04030032280026292,-0.1808926518803516,-0.4686188075486849,-0.3634474004626298
1969-12-01,-0.0263,-0.0368,-0.0288,0.0255,-0.0192,0.0527,0.0064,-0.026652030997426513,-0.037494204427580405,-0.029222858676903284,0.025180298530298326,-0.019386713800190095,0.05135829227514204,-0.16527587402060884,-0.015903610360000098,0.14945991240330259,-0.15470974584365454,-0.14226884325630484,0.0914007368244533,-0.1097771379344733,0.06677781903802772,0.13341012130567442,0.06254985278309382,-0.056934007437246414,0.05887688640396782,0.1335999696393695,0.10038249530965945,0.2988758436599783,-1.3816101875383975,-0.3755675076148923,0.06326639502147323,-0.4906055478432254,-1.3692894781995324,-1.2976706303378454,0.9773729192533436,-1.1018607169269052,0.2367413342407555,-0.16332763316096302,-0.531123716075841,-0.04581550084281066,-0.26047049700327113,-0.32666429490219007,-0.11372294035748617
1970-01-01,-0.081,0.0291,0.0317,-0.0175,0.039599999999999996,0.005600000000000001,0.006,-0.08446915662644996,0.02868463385990886,0.03120792712419322,-0.01765493523872071,0.038836023785198216,0.0055843782939006634,-0.22317825643031863,-0.13917325140000003,0.164675956906439,-0.20777040655861426,-0.11171265632994198,0.10036662015304638,-0.09655427228703106,0.07428338549151406,0.1307630424277264,0.06363435243192604,-0.032074828839728564,0.07175218853363753,0.14166062039994975,0.09971005961125329,0.3648388768302684,-1.740497018324682,-1.9243994235065782,0.33533934579660535,-1.1221897412487947,-1.1281434881070165,-1.1967374243702322,0.951773697121173,-0.8334121375739509,0.298322624084292,0.01821651269400543,-0.33644242071302893,-0.023723370490471803,0.2046817499098005,-0.33584610559607,0.3159392515169477
1970-02-01,0.051399999999999994,-0.0239,0.0369,-0.0241,0.0287,0.0027,0.0062,0.05012260940321052,-0.02419023880121767,0.03623549258209536,-0.0243951568347216,0.02829586915484725,0.002696361547742533,-0.13240877290294994,-0.05917542257999997,0.17275645603760456,-0.20777040655861428,-0.09719150754233286,0.09620888823989718,-0.07148094452812226,0.08545179385111625,0.0819802462057242,0.07129908693800095,-0.01170756965501607,0.07774909980152862,0.17469790053876766,0.0919836930766547,0.3071066734417176,-1.1778954306258922,-0.9192598819851562,0.4798240206343363,-1.1221897412487951,-1.013544215295016,-1.0053468875184157,0.480007764069906,-0.6134707677494708,0.5507189112203197,-0.06597060654492629,-0.046753398563573696,0.1324134378585294,0.42133505425205886,-0.44134620774764105,-0.0601099363005365
1970-03-01,-0.0106,-0.0231,0.0408,-0.0106,0.044199999999999996,-0.0036,0.005699999999999999,-0.010656580188528888,-0.023370986323240202,0.03998964821615841,-0.010656580188528888,0.043251041994314954,-0.003606495594111744,-0.16384691204965773,-0.044005507960000134,0.16774934353526838,-0.20777040655861426,-0.11539256140231191,0.09708676333379034,-0.029521356763275608,0.09718865972012841,0.08505093816738651,0.0704810267416854,0.03653571290300528,0.0892186553646544,0.12480202584742273,0.0885818288542286,0.28864893789708046,-1.3727532871531938,-0.7286561962229536,0.3902935337135826,-1.1221897412487947,-1.157184885001912,-0.685059604329947,0.5097036398826433,-0.09250260240079312,0.1695273160713324,-0.04819510375872263,0.2576804193286796,0.11574889351079853,0.83570121727887825,-0.4877971522329423,-0.18033774769716893
1970-04-01,-0.1099,-0.061399999999999996,0.061399999999999996,-0.0063,0.059000000000000004,-0.0083,0.005,-0.11642146301725123,-0.06336587562181978,0.059588791411657446,-0.0063199287448193475,0.05732506661926935,-0.008334636790057628,-0.2664499668986796,-0.07406888208400009,0.19203990779000835,-0.2657891771581219,-0.16292716819458608,0.11056806817506144,0.02986005991947538,0.11542161668254869,0.07520454453224201,0.07162651254995046,0.09945044066935371,0.1041247022206872,0.10180380188946025,0.09033151839504634,0.36825376878813987,-2.0087009572024637,-1.106390023869406,0.8246249061946378,-1.8127906108520184,-1.5323226548488325,-0.2317874528543608,0.4144816878786106,0.586899141425951,-0.006173174808128414,0.22477877764500334,0.7306115034428685,0.13908336099559254,1.3742191578946186,-0.46390591895230465,0.33818277024425647
1970-05-01,-0.069,-0.0461,0.0332,-0.0129,0.0379,-0.026600000000000002,0.0053,-0.07149600170506992,-0.047196434830974694,0.032660782239548276,-0.012983927558294786,0.037199440989106304,-0.02696018158278308,-0.31644972393421145,-0.18010094085999995,0.1949987952451986,-0.26349501555243127,-0.19895287494062552,0.1142177389553131,0.057494945248262486,0.11932633237674597,0.07064905266597021,0.07270012413586238,0.12926235761575655,0.10819548420208183,0.05342876019958798,0.09596794570690677,0.445712081549968,-2.318606242542798,-2.4386388675784736,0.8775317730731615,-1.7854830691111439,-1.8166334801161392,-0.020843951865119323,0.3704266923220036,0.9088312085156169,-0.3757459986383889,0.29867850845452687,0.8318930141830376,0.16095369274654048,1.5212862609628657,-0.3869430083126952,0.8427215526593186
1970-06-01,-0.057999999999999996,-0.0208,0.0044,0.0014000000000000002,0.0271,0.0564,0.0058,-0.05975000440577405,-0.021019367224075457,0.004390348301292854,0.0013990209137074087,0.02673929718962151,0.0548669014408401,-0.3062123046503903,-0.21938051980000006,0.19197322879749712,-0.3009712838648321,-0.1713655769510466,0.10725513411278838,0.0739614995018758,0.11809987732912622,0.028242026795533004,0.061100446976234395,0.17908444394342116,0.10520413348726093,0.13915666114734848,0.10296187126198872,0.48529674859381144,-2.255153327320697,-2.932170486489555,0.823432641658115,-2.2315653148843313,-1.5989176275555346,0.10484908294071507,-0.03968079796312179,1.4468485143809544,0.2791930221364036,0.15769740232851548,0.800080910612365,-0.07534106320980113,1.4132162916300637,-0.2914440623078039,1.1005634678843133
1970-07-01,0.0692,-0.0055000000000000005,0.009300000000000001,-0.003,0.0172,-0.031200000000000002,0.0052,0.06691070528262681,-0.005515180688110111,0.009257021262676848,-0.0030045090202987243,0.01705375456582762,-0.03169708674325456,-0.20236795283031994,-0.06230946160000017,0.20855522877278102,-0.30097128386483224,-0.14832892339584114,0.10593511489973663,0.07130790813129373,0.11799354838422323,0.009907694527776734,0.05966369603489066,0.1776951064211001,0.10515565709990853,0.08388820793513174,0.11088540540766732,0.38006305925142003,-1.611511930045283,-0.9586377824874469,1.119929780720683,-2.231565314884333,-1.4171149489891373,0.08459360341743562,-0.21698743142889365,1.4318453764998786,-0.1430436852408609,0.13096922042351725,0.797322923342975,-0.10460883578509834,1.4114649618148791,-0.18325172402987566,0.41510472760537054
1970-08-01,0.045,0.0148,0.0141,0.005699999999999999,-0.0014000000000000002,-0.0668,0.0053,0.04401688541677426,0.014691548742989682,0.01400151963581361,0.005683816468297709,-0.0014009809156281003,-0.06913573883486211,-0.20381556090140796,0.052509787999999835,0.20794771283500493,-0.3009712838648321,-0.1426685759965277,0.10759226580046816,0.12874114247890422,0.10789219630822476,0.0050110512434051735,0.058993867148968183,0.2247930985962412,0.08918820650241337,-0.009707777907710047,0.13267254182804025,0.42860865949764915,-1.620484401491748,0.4840184696022916,1.1090669934963429,-2.2315653148843313,-1.372444124021203,0.5229948264469451,-0.26434161500947473,1.9404458131633655,-0.8580928423841806,0.16452375529758467,0.5353114790025214,-0.1182537890845259,0.83460117655403,0.11424194361411956,0.7313153080649946
1970-09-01,0.0418,0.0861,-0.0541,0.0025,-0.059800000000000006,-0.0864,0.0054,0.04094998632895417,0.08259329830385337,-0.055618423763012265,0.002496880198587146,-0.06166266039210687,-0.09036244008039132,-0.14514588410500562,0.1640177251999999,0.21579345284505436,-0.3009712838648321,-0.08016629496179861,0.1427379928363122,0.1031992629373788,0.11959547918650715,-0.025228735611925512,0.04731325338435282,0.15873462598126964,0.11757933268660166,-0.11673242789854921,0.15648893823605908,0.30388051008627526,-1.2568417758787205,1.8850694546908586,1.2493540198065423,-2.2315653148843313,-0.8791831527003128,0.32802772496516985,-0.5567828517961877,1.2270954883265752,-1.6757335251588381,0.8761659617967622,0.8388742127230538,-0.356197288799874,1.8603010788915066,0.43944425477509763,-0.08112413701301477
1970-10-01,-0.0227,-0.0417,0.0021,0.0181,0.0225,0.09449999999999999,0.0046,-0.02296161163734704,-0.0425943976324205,0.00209779808214612,0.017938145131012998,0.022250608934819723,0.09029763798078061,-0.2047887612181819,0.06396794130000005,0.2048077837883899,-0.27335892293641584,-0.15177382646448356,0.1375208538663598,0.14111889078194384,0.1118236553793836,-0.008378672788270647,0.051398413694861825,0.20997360607214866,0.11204345973168663,0.010807567612963087,0.18057109312991448,0.41476236729033056,-1.6265164292403789,0.6279854137622192,1.052922983089367,-1.9028937440819647,-1.4443017365049515,0.6174770553522682,-0.3938302081265187,1.78041350561071,-0.7013609014685411,0.770527621056129,0.6372866662695078,-0.2729792866666822,1.6603039279376524,0.768275379981831,0.6411249700347242
1970-11-01,0.0462,-0.0397,0.0158,0.015300000000000001,0.0139,0.0259,0.0046,0.04516455195437366,-0.04050954333820994,0.015676479385007616,0.015184135325040055,0.01380428097639708,0.025570276111530045,-0.1351871122520394,0.06518972266800005,0.21304921173094452,-0.2537320765496722,-0.16413381791056303,0.13969753723773706,0.17382133595574523,0.10885431108618424,-0.007107363394409649,0.05180987223536446,0.22422137431049993,0.11107960927741209,2.773064668071257e-4,0.17864078752197254,0.38835519222106296,-1.1951159552804413,0.6433365899401895,1.2002851716311573,-1.6692742267740772,-1.541845398676632,0.8671024181426973,-0.3815357004549563,1.934271893470615,-0.781809376787782,0.8146018197681715,0.5602670572951965,-0.2645975451685128,1.6254824379268789,0.7419179145535868,0.46911704110607444
1970-12-01,0.0574,0.0282,0.0104,0.0028000000000000004,0.003,-0.023,0.0042,0.055813064819212686,0.027809700639267233,0.010346292054144267,0.002796087302001188,0.002995508979798371,-0.02326862693935433,-0.06084713206871384,0.08113996232399989,0.2226495736738831,-0.2276550862901201,-0.10772673543982658,0.14341035829960652,0.22119962711046637,0.09868680251486532,-0.029085581679096917,0.04389218716717159,0.25193111585790295,0.10521233078273111,-0.0716529605603966,0.17065518255118015,0.35965785129772954,-0.7343466608509445,0.8437447361545317,1.3719459998960972,-1.3588782641606552,-1.0966870488008398,1.2287519234024007,-0.5940814226947041,2.2335030496191375,-1.3313380381692528,0.889780238189014,0.29653962892003144,-0.42588715997256876,1.4135124392752345,0.6328780267372289,0.2821917011166928
1971-01-01,0.0483,0.0728,0.0155,-0.0202,-6e-4,-0.06860000000000001,0.0038,0.04716980447638993,0.07027205298533169,0.015381102038302391,-0.02040680977766262,-6.001800720324606e-4,-0.07106644843386022,0.0712883040830985,0.15968384580399997,0.2101037772698029,-0.22765508629011993,-0.069836985501745,0.16050122320978955,0.2020240586708142,0.09740106159966058,-0.03175374343936821,0.04500366862776013,0.20352054365947292,0.10437601260135633,-0.14015271227720094,0.1817372950899931,0.34367325593667386,0.08464671975881606,1.830616057475465,1.1476188531939064,-1.3588782641606532,-0.7976654043399118,1.0823803538447943,-0.6198845319842525,1.7107283617366595,-1.8546584486393312,1.2358416755653918,0.26318975340773654,-0.4032453884072478,1.3832983691677618,0.7841993495950649,0.17807313729433594
1971-02-01,0.0141,0.018600000000000002,-0.0124,0.0064,-0.008,0.008199999999999999,0.0033,0.01400151963581361,0.018429135468367143,-0.01247752151111258,0.006379606964038988,-0.008032171697264267,0.008166562666393401,0.033282736513857936,0.12410188112199982,0.20481805060517755,-0.21938051979999995,-0.029337110369918817,0.16089949940625495,0.14487314142472396,0.09817556870973458,-0.001492947430454028,0.03892251690421085,0.1605836291534919,0.10580602992456857,-0.1354362865442046,0.18232040730571056,0.2960199156976965,-0.1509169501545563,1.3835434281998615,1.0531065605715375,-1.2603856081698512,-0.47804494545139187,0.6461341228507244,-0.32724012105192835,1.2470624503424372,-1.8186261742341994,1.2439061025997133,0.28327911620151686,-0.5271233414463864,1.43496129438052,0.7921614878198752,-0.13232554562188728
1971-03-01,0.0412,0.026000000000000002,-0.0395,0.0178,-0.0265,-0.013999999999999999,0.003,0.040373894138273164,0.025667746748577813,-0.04030129677352569,0.01764343517259528,-0.026857454169882642,-0.014098924379501648,0.08738021554298436,0.10687996843599978,0.20751932301672918,-0.12299800000000007,0.01944940603998746,0.161426105471727,0.05654367057883114,0.10514156696814893,0.027168463821795052,0.040811090210388784,0.08200360369749515,0.10673606066234585,-0.14446023537995367,0.18208721467445274,0.23184045092293804,0.18438657267656883,1.1671572377661492,1.1014070998941468,-0.11313875511442442,-0.09302724572389541,-0.02810525245619504,-0.05006295063206508,0.39849474258689693,-1.8875668125639393,1.2545689949054033,0.4639649542188814,-0.48865158379763396,1.4685609631897225,0.7889773460491571,-0.5503701409524551
1971-04-01,0.0315,-0.0049,0.0086,-0.0146,0.0085,0.013600000000000001,0.0028000000000000004,0.03101405352916954,-0.004912044361020641,0.008563230660487814,-0.014707628872274288,0.008464078412129364,0.013508350024792299,0.26011986555734,0.08914116897999991,0.1584478597124074,-0.05800000000000011,0.08081621984912779,0.14556478874500664,0.003985251691924985,0.08680270075424794,0.018588914410784918,0.0435021390958779,0.030406642425801378,0.09148208719131502,-0.12556710152376815,0.18399809563128885,0.38568696708110817,1.2550503858876143,0.9442765794365005,0.22397684413296892,0.6605362962292392,0.3912727459763352,-0.4292958763562675,-0.13303357647780342,-0.15868903152616276,-1.743228149767595,0.9334038523583809,-0.011713231049757198,-0.433832752987723,0.9174733100268685,0.8150695764970588,0.4517370722515827
1971-05-01,-0.039900000000000005,-0.0104,-0.013300000000000001,0.0149,0.002,0.009300000000000001,0.0029,-0.040717833278559004,-0.010454457903858873,-0.013389237119016052,0.014790085472635345,0.001998002662673058,0.009257021262676848,0.299507070807306,0.03114528777999981,0.14127297518932871,-0.03990000000000012,0.12126609829405255,0.1350423509466186,-0.041199914978298224,0.08004433160478118,0.04727574636359555,0.04223771994837967,-0.0052341692738673284,0.08332340673726595,-0.0933171107129025,0.18417430631640752,0.3928241815202085,1.4991776338075335,0.21558238486449666,-0.08312146321313424,0.8759816703841411,0.7104986366357353,-0.7742047528288013,0.14438943102906607,-0.5435659988092868,-1.4968465497499384,0.7203420811519345,-0.18701353232776383,-0.45958998827738173,0.6227207281591806,0.8174756551107216,0.4982266142328466
1971-06-01,-9e-4,-0.015300000000000001,-0.0197,0.0158,-0.0167,0.0269,0.0037,-9.004052431641551e-4,-0.015418252728380644,-0.019896631714456645,0.015676479385007616,-0.016841017196026556,0.02654455522211221,0.37827761618214395,-0.010548158834999932,0.11378163273889783,-0.040764089999999996,0.1275640594262193,0.13376986477711117,-0.06420577125968296,0.08110809865167629,0.06233543354917148,0.04372117199701656,-0.04765530001654528,0.07910728845082363,-0.11863625614452822,0.17557737293564804,0.49691387232667217,1.9874081730770574,-0.3082784802765268,-0.5746848691769273,0.865696355834225,0.7602014374609988,-0.9498137994925613,0.2900278102689808,-1.0016620794076574,-1.6902782812226158,0.694576363900321,-0.15942127157872782,-0.42937087657437717,0.47040299033532706,0.7000883494737263,1.176233712359754
1971-07-01,-0.0449,-0.0151,-2e-4,0.0058,0.0139,-0.0232,0.004,-0.04593923194144522,-0.015215165806480377,-2.000200026670447e-4,0.005783244755727361,0.01380428097639708,-0.023473356185642127,0.23119430528953067,-0.08383378235900008,0.12565701156989495,-0.08383378235900002,0.11667957981788168,0.1353400483810488,-0.0730139008277334,0.07976748212925555,0.07171211540998668,0.042831557112282696,-0.05074489646753366,0.078222546344404,-0.11135827312342594,0.17468582345648606,0.3425525784129566,1.0757658345236112,-1.2290819460151987,-0.3623452325876716,0.35303525168940253,0.6743023487389754,-1.0170482991528846,0.3807072999575448,-1.0350259242663358,-1.6346763707552068,0.7263699564293755,-0.19419452457529887,-0.4474930474926288,0.4384394857437457,0.687914637457402,0.17077340078916803
1971-08-01,0.0379,-0.0022,0.0264,-0.0043,0.0259,0.0344,0.004699999999999999,0.037199440989106304,-0.0022024235552000394,0.0260575343192896,-0.004309271588098403,0.025570276111530045,0.03382154847551066,0.2228292530717737,-0.009593878461000016,0.1242547409167118,-0.08383378235900021,0.09797288602905208,0.1356458433160741,-0.061770503707312296,0.08392070986920096,0.061055735620686225,0.044003578458850286,-0.02479390074708865,0.08378039646205664,-0.014990353320694316,0.16671875387969218,0.284599756779086,1.0239181046918737,-0.2962883431471381,-0.38741876035753775,0.35303525168940025,0.5266712255907904,-0.9312248364036698,0.2776521792266723,-0.754787061722275,-0.8984503541148967,0.7325617925543115,-0.08646704506257515,-0.42361802974414403,0.6392306162504847,0.5791278422106894,-0.20671282402154983
1971-09-01,-0.0086,0.005,-0.028999999999999998,0.0254,-0.0158,0.021,0.0037,-0.008637193395663588,0.004987541511038968,-0.029428810690812168,0.025082780367463243,-0.015926150550259255,0.02078253918252841,0.16367145468934186,-0.01722687529400002,0.12361810214394225,-0.08383378235900014,0.01598632764864849,0.10842706219549417,-0.03687404493054269,0.06967139169721796,0.08529331801042561,0.04822975275341264,0.02084433406159847,0.05627185660320703,0.10080434463613308,0.13616477940027086,0.20054549961988455,0.657250035189354,-0.3921937827112426,-0.39880228315477767,0.3530352516894011,-0.12035747084196897,-0.7411843815900074,0.5120476332913808,-0.26195021071739527,-0.013808770075989256,0.18142698646215807,-0.4560694910538363,-0.33752745930669903,-0.35458366443777223,0.16192689603749366,-0.7542154877357177
1971-10-01,-0.044199999999999996,-0.0175,-0.0051,0.015600000000000001,-0.0139,0.005,0.0037,-0.04520659283807923,-0.01765493523872071,-0.005113049386823014,0.015479570848386375,-0.013997509643853661,0.004987541511038968,0.13807139710638827,-0.016506593452000118,0.13230183940025464,-0.09895656564805659,0.041643083496605726,0.09994390389210563,-0.04379401985969156,0.0694538474910075,0.08262832115842111,0.04767094193900222,-0.015496725850227544,0.05344793924629249,0.010788822621574878,0.1024751006597392,0.18186541696607983,0.49857740115362703,-0.3831437400899235,-0.24353131121500268,0.17302786472949688,0.08212276029510525,-0.7940061581577521,0.48627513101941106,-0.6543889981552224,-0.7015041083611455,0.00965721521945998,-0.46171220811272745,-0.34891088517276075,-0.45660468813388294,-0.29809069860595805,-0.8758915973941243
1971-11-01,-0.0046,-0.0277,-0.0167,0.0241,-0.0044,0.0151,0.0037,-0.004610612557683294,-0.02809088016652561,-0.016841017196026556,0.023814178099254887,-0.004409708488700073,0.014987129808248238,0.08281042695440477,-0.05677874855200016,0.1274634984429693,-0.10310136544607583,0.05465955439315828,0.09462170924578792,-0.07438733975982958,0.06711377076037675,0.09201188190518916,0.05008320865175683,-0.03326614089800395,0.05087370188312117,1.4790315153545563e-4,0.1002166029597281,0.16639922166501875,0.15606240231145382,-0.8891466667990239,-0.33004405116088403,0.12369206675814788,0.1848472844454492,-1.027532077655468,0.5770211446529153,-0.8462768437972694,-0.7827979846931672,-0.09810832730754174,-0.5224097146887908,-0.2997710715083054,-0.5496054023312934,-0.32892948123337806,-0.9766334683122889
1971-12-01,0.08710000000000001,0.0329,-0.0038,-0.0043,-0.0168,-0.0062,0.0037,0.08351360022781759,0.032370380030450646,-0.0038072383429540663,-0.004309271588098403,-0.016942720730312024,-0.0062192998139168326,0.1132241489901018,0.0342705491719999,0.14137456137149068,-0.10310136544607576,0.059480503533061,0.09595134689562236,-0.08739575204744876,0.06470056216009208,0.08428024612385032,0.05127554132933219,-0.052350219073696524,0.05227534301092508,0.01734594283725266,0.0973038018514096,0.20061990103755056,0.3445707824429061,0.2548499981113229,-0.0813050350124222,0.1236920667581487,0.22289367277031225,-1.1268283112969155,0.5022504744396576,-1.0523614356283495,-0.6514094035371522,-0.07118538814035541,-0.5850041343366074,-0.2754822956062461,-0.49896763760953555,-0.3687024861896821,-0.753730860594476
1972-01-01,0.024700000000000003,0.0584,0.0212,-0.0169,0.0054,7.000000000000001e-4,0.0029,0.02439988682353512,0.05675833381860888,0.020978406385191814,-0.017044434609258474,0.005385472276337888,6.997551142732649e-4,0.08816253502829086,0.10882719369799987,0.13640346393149924,-0.10310136544607569,0.04525928872053653,0.08636730472023364,-0.08227330575170311,0.06707012831490897,0.08793213917570619,0.049409644591405295,-0.04666090680077484,0.053096323966674436,0.09304067532449989,0.05715225034441068,0.175313981076203,0.18923549510531024,1.1916233156079565,-0.17019154877165785,0.12369206675814953,0.11066144515143332,-1.0877274884638148,0.5375669971984572,-0.990923854689386,-0.07312119835623844,-0.2652462170405196,-0.5235417235610222,-0.3134921133158891,-0.46930766284594144,-0.9169540824042448,-0.9185655644493135
1972-02-01,0.0287,0.0132,-0.028300000000000002,0.0169,-0.005,0.0253,0.0025,0.02829586915484725,0.013113639145383204,-0.02870816413674374,0.016758783814954624,-0.005012541823544286,0.0249852526939086,0.1038288135130685,0.14592177431899978,0.13793955064609797,-0.10310136544607551,0.03971795732539518,0.08553721396072254,-0.0970483709993214,0.07035859217723746,0.09928278251965006,0.05034347140450676,-0.04377782486569648,0.0529306569585131,0.11157965126979708,0.05980700277447387,0.20862802226911847,0.28633721703159776,1.6577013368279487,-0.1427253012195289,0.12369206675815168,0.0669298811008412,-1.200508994650505,0.6473361630232048,-0.959790112816385,0.06851178947556687,-0.2820541669540494,-0.43824470987932573,-0.294469309847247,-0.47529279471387903,-0.8807046174966952,-0.701568509110897
1972-03-01,0.0062,-0.0029,-0.0161,0.0158,-0.002,0.0294,0.0027,0.006180859075081099,-0.002904213147389827,-0.01623101311041727,0.015676479385007616,-0.0020020026706730793,0.028976108236517188,0.06672354221748922,0.060644365117999977,0.13341142176572188,-0.1031013654460756,0.010431554823734368,0.08206834658225111,-0.07505038232819627,0.06212873376964876,0.09712266701067063,0.04996467638907538,-0.019712654561854337,0.04653242824590754,0.1605071937293403,0.057261030049050456,0.23555757605753658,0.056353705705427436,0.5862260574263897,-0.22369124382833752,0.12369206675815068,-0.16419511314436086,-1.0325932356451657,0.6264462389615626,-0.6999158472765585,0.4423055764819363,-0.35229293119275157,-0.6517128745236711,-0.3021856690611363,-0.7064446878468563,-0.9154687438689679,-0.5261579715593335
1972-04-01,0.0029,0.0016,3e-4,-0.0040999999999999995,-0.0106,0.0279,0.0029,0.002895803112025468,0.0015987213636970735,2.9995500899794244e-4,-0.004108428044543191,-0.010656580188528888,0.02751788603673928,0.03714691273865256,0.03807966602599966,0.1304483997718776,-0.06582789860022442,0.017031700644611236,0.08182629055524336,-0.08266200420671677,0.06047034621142413,0.10881313585947527,0.04571720558421944,-0.03827833457957197,0.04591893445196391,0.17687977943408462,0.05923533756614074,0.2595417836408014,-0.1269662610602213,0.3027099716219245,-0.2766720389956135,0.5673603546396281,-0.11210750474721638,-1.0906945140893665,0.7395017702428061,-0.9004023760621663,0.5673879024279646,-0.35719416100599566,-0.6947285536265821,-0.3887100665468081,-0.7286086738913083,-0.8885104519216571,-0.36993248123063194
1972-05-01,0.0129,-0.0271,-0.027200000000000002,0.024,-0.0197,0.0333,0.003,0.012817503710614343,-0.02747397700075509,-0.027576767770234493,0.023716526617316065,-0.019896631714456645,0.03275756423817229,0.0941840515706498,0.022135601941999816,0.1215391849656251,-0.06498638634793767,-1.312231637610184e-4,0.08617236520715517,-0.09558487655041492,0.0636383973753554,0.11875519866006745,0.04785556561256263,-0.05910603930973524,0.048343620732565595,0.20486463498388985,0.06196647028125923,0.30044951153430477,0.22655767250939568,0.1023794189085594,-0.4359746988246498,0.5773769249186255,-0.24755536886149007,-1.1893378014627025,0.8356489142529768,-1.1253159919349531,0.7811849706832822,-0.2691934162286188,-0.6125548352014634,-0.3451499524082217,-0.641010863748883,-0.8512180481579691,-0.10347256896507392
1972-06-01,-0.024300000000000002,0.0028000000000000004,-0.0246,0.0178,-0.0034999999999999996,0.019,0.0029,-0.02460011686823269,0.002796087302001188,-0.02490763570618478,0.01764343517259528,-0.00350613932928759,0.018821754240587667,0.06855708048992426,-0.008847439063000118,0.1255701410109961,-0.05677874855200008,0.01824759765550965,0.08452896611704146,-0.10010556828243855,0.06481476037055377,0.1209579062770394,0.04817850624351272,-0.04647530577865455,0.04661181241047873,0.19559554294340642,0.06094179816038026,0.29570111122584497,0.06771822495894306,-0.28690964168303573,-0.3638985357007261,0.6750729246906525,-0.10251178230808383,-1.2238452918865115,0.8569507356867226,-0.9889195917359985,0.710371501586857,-0.30246949993161104,-0.58204203205178,-0.33857139194239005,-0.7035767378641902,-0.8652094906996236,-0.13440213642694424
1972-07-01,-0.008,-0.028999999999999998,0.006,0.012,-0.0070999999999999995,0.0268,0.0031,-0.008032171697264267,-0.029428810690812168,0.005982071677547469,0.011928570865273812,-0.007125324942588627,0.02644717001484823,0.10984046052350971,-0.01961976224000017,0.11379070755687617,-0.05677874855200022,0.003876959410599845,0.08868907734135825,-0.09452510671347591,0.06599266882192234,0.12786776809739897,0.048050953856485425,-0.06622480630005545,0.04241750299233047,0.25679515099743,0.04503158126108439,0.3513202577109059,0.3235982217363246,-0.42225941478267043,-0.5745226054227297,0.6750729246906508,-0.21592324284736666,-1.1812483320479754,0.9237742403112278,-1.202189927161718,1.1779207000109249,-0.21823420361990106,-0.5514891424661151,-0.3411697366850493,-0.8551065761896517,-1.0824564334395168,0.2278832716327927
1972-08-01,0.0327,-0.039900000000000005,0.045599999999999995,-0.0204,0.028999999999999998,-0.0536,0.0029,0.0321767316952212,-0.040717833278559004,0.04459088332787522,-0.02061095390412435,0.028587456851912472,-0.05508996631796001,0.10428003042935607,-4.55453119999949e-4,0.11252141966844578,-0.04859668000000011,-0.03405264709348854,0.09778222710468437,-0.07758715079852907,0.07801786326245451,0.10963067754164113,0.055538780725324775,-0.06340318323692096,0.04488055117488476,0.1498752232250269,0.08406556842900643,0.22746237402355596,0.2891339207654402,-0.18146781872830367,-0.5972183133064186,0.7724645722346687,-0.5152594308439316,-1.0519569788257352,0.7474080065466882,-1.1717198655787655,0.3610800679366532,-0.03411312525947247,-0.23957658460913214,-0.18863667923291616,-0.7661228471220314,-0.5494646817334427,-0.5788875396585925
1972-09-01,-0.011399999999999999,-0.026600000000000002,0.0049,0.0165,-0.0197,0.0183,0.0034000000000000002,-0.011465478109278096,-0.02696018158278308,0.004888034072775866,0.01636535408626423,-0.019896631714456645,0.018134570195482678,0.10116122461414379,0.012759802239999951,0.11301936188481718,-0.032105599999999825,-0.06442472306547442,0.10016547125508837,-0.04538344782434811,0.0745983712259863,0.0999995940326488,0.053370038537905375,-0.06711455042385028,0.046051147589984194,0.14683441705195355,0.08379259370255247,0.21394896747580383,0.2698031387098874,-0.01542361590966512,-0.5883147767732709,0.9687588761472918,-0.7549524379943314,-0.8061386311333356,0.6542682636496798,-1.2117980702901565,0.337849094177338,0.01414358384459716,-0.32827224046242603,-0.23281570239505087,-0.7238321461172653,-0.5531920303386025,-0.6669095665112423
1972-10-01,0.0052,-0.0273,0.012199999999999999,-0.0011,3e-4,0.006999999999999999,0.004,0.005186526687300154,-0.02767956910674239,0.012126179797840555,-0.0011006054440330039,2.9995500899794244e-4,0.006975613736425138,0.1580741399687562,0.026236041543999944,0.09725998206773354,-0.032105599999999984,-0.07375666984812934,0.10197247045991785,-0.028783923899693753,0.07625857797527379,0.08191177085389234,0.053391101111069206,-0.053680848584299445,0.045487121638652435,0.14911667459832612,0.08364963935103992,0.23183080981688553,0.622557118293977,0.15389974192712966,-0.8701029227225159,0.9687588761472901,-0.8285991122936189,-0.6794306079314552,0.47934555647317545,-1.0667305991292761,0.3552849523524725,0.05073229632038748,-0.28520937471813035,-0.2323866408343652,-0.7442089835644173,-0.5551440084928941,-0.5504329400470316
1972-11-01,0.046,-0.0118,0.048799999999999996,-0.019799999999999998,0.0334,-0.0508,0.0037,0.044973365642731196,-0.011870172570487445,0.047646653467352994,-0.01999864650668997,0.03285433687094728,-0.05213575442052851,0.2169434904634504,0.03945279312000016,0.10047993649920069,-0.03210560000000001,-0.05860983353277904,0.09946510044083104,0.035911136595140336,0.08914559908419496,0.03553355901863564,0.05586497324316326,-0.01775189727502502,0.05893209621185663,0.07451635063415485,0.10490080617825026,0.27555332399622945,0.9874373486097658,0.3199627440792846,-0.8125280054468631,0.9687588761472897,-0.709061983893508,-0.18559817855368366,0.030833743412305114,-0.6787420781578218,-0.21464225438444892,-3.775407785919815e-5,0.04905746288841831,-0.18199187521494806,-0.2584759056583472,-0.2649687675085172,-0.2656384062956766
1972-12-01,0.0062,-0.0195,-0.0218,0.0258,-0.021400000000000002,0.0495,0.0037,0.006180859075081099,-0.019692633345736045,-0.02204113087688028,0.02547279597303107,-0.02163230012711384,0.048313860278550724,0.12638077463372666,0.05795812304000014,0.0688935998739897,-0.03210559999999991,-0.10636745258872127,0.09140635987957567,0.017193609533594056,0.09245454471451277,0.06683772706770763,0.0594876676440171,-0.022347443727969263,0.06044060458542077,0.1347402998496139,0.11191718937663286,0.24110775243833515,0.42611733518527284,0.5524745397849349,-1.3773126186902318,0.9687588761472908,-1.0859597414396336,-0.3284734118411718,0.3335683382243031,-0.7283683323722941,0.24545316251370577,-0.16321377569685444,0.13488573788772373,-0.10819467572619809,-0.20397729643087256,-0.16916317236244258,-0.4900058900911074
1973-01-01,-0.0327,-0.0349,0.027000000000000003,0.004,0.009000000000000001,0.038,0.0044,-0.03324659379363568,-0.03552355606904674,0.026641930946421092,0.003992021269537457,0.008959741371471801,0.03729578474369693,0.06328498419362139,0.018068933959999978,0.07904385680792216,-0.032699999999999875,-0.185142884064035,0.059634661622027595,0.022970854867803592,0.09392331763846651,0.08951793101004824,0.05432820109393338,-0.018846798012255084,0.06101252149967627,0.17703650568991636,0.11436577525793903,0.36217938975395136,0.035041056030174454,0.05128342228914562,-1.1958193038822005,0.9616836976722817,-1.707646585542889,-0.28437435579759796,0.5529027840391474,-0.690565660593939,0.5685852505420481,-0.8065375410344804,0.17298314428618666,-0.21329716026431422,-0.18331537836213033,-0.13572882007693887,0.2986161996263204
1973-02-01,-0.048499999999999995,-0.038900000000000004,0.016399999999999998,-0.0029,5e-4,0.0222,0.0042,-0.04971559224593286,-0.039676817152898426,0.01626697246387194,-0.002904213147389827,4.998750416509929e-4,0.021957167352042138,-0.01651048657506482,-0.07390765710999991,0.09158568874298376,-0.07961404999999988,-0.2270438470923256,0.05354936280206714,0.07002940916706324,0.0885526708949404,0.06830399155287603,0.0540900032353991,-0.013423338101769877,0.06092370506052196,0.17347772955840424,0.11407616027704623,0.40052157665072985,-0.45954211004126316,-1.1043642989361335,-0.9715630445110719,0.4032629763810231,-2.0383242725081243,0.07483452374993424,0.34774820667213546,-0.631998958462726,0.5413971200855524,-0.9297546671171731,0.03367794041578912,-0.2181494422784704,-0.1865240926757344,-0.13968338396308042,0.5483649948462022
1973-03-01,-0.013000000000000001,-0.0278,0.025699999999999997,-0.0096,0.005,0.0355,0.0046,-0.01308523954865548,-0.028193734370781983,0.0253753063312283,-0.00964637705180545,0.004987541511038968,0.03488440185350188,-0.035277132030996694,-0.09157906734999999,0.09187486036138232,-0.09157906734999989,-0.24634643279827395,0.049831509843874515,0.11548853032082196,0.08710465376439584,0.04159113332739528,0.054818422150696204,-0.006503461715710257,0.06121434026406935,0.1804315027761103,0.11510845689570266,0.42677793557438426,-0.5758603275631693,-1.3263982397151606,-0.966392464503771,0.2608426647931421,-2.190658107636964,0.42183455845168216,0.08941499371198468,-0.5572727973448667,0.5945221513944331,-1.0050349730248969,-0.00388109692389268,-0.2033109629436169,-0.17602417456891362,-0.12558783229189202,0.7193905554303441
1973-04-01,-0.056799999999999996,-0.0384,0.053899999999999997,-0.0155,0.0252,0.0635,0.0052,-0.05847692975897584,-0.03915671520119391,0.052497568957754044,-0.01562138090295678,0.024887715507778883,0.06156535565815473,-0.09270454774318071,-0.11421211239999995,0.10686011880831621,-0.1431773763245198,-0.27644441870888603,0.04366105995530904,0.17526078386995292,0.0964817852097629,0.02966811001186942,0.057672412973590353,0.029444765564032416,0.06501021811196622,0.22131423601750466,0.12420342941969961,0.4977586547263907,-0.9318032502456748,-1.6107730641366846,-0.6984461212248139,-0.35333506906186773,-2.4281880268541807,0.8780900585436628,-0.02588951227908668,-0.16907611958063848,0.9068556738497656,-1.129976265868631,0.23934532814139303,-0.14517287377812155,-0.03888866565623227,-0.001400023436243275,1.181736355887121
1973-05-01,-0.0297,-0.06269999999999999,0.0038,0.0197,-0.017,0.0719,0.0051,-0.03014997695088322,-0.0647518772296969,0.0037927982386962624,0.019508466388043013,-0.017146158834970514,0.06943277471533682,-0.1308630888293103,-0.09671047047999992,0.10631862781205771,-0.16862500824768176,-0.30292049918371755,0.05776972458608461,0.21271255638225672,0.08651178255990602,0.025344308378030478,0.056110936605975756,0.03228012297199223,0.06403109361419618,0.26693770404254646,0.13438607815568088,0.569858203226264,-1.1683150707944057,-1.3908721918902258,-0.7081283387774667,-0.6562397420476057,-2.637134275784343,1.1639681404681934,-0.06770389091441001,-0.13845774395173951,1.2554071855784745,-0.8442993977144393,-0.019259141311172234,-0.17698140363111267,-0.07426196839961828,0.13763952083194772,1.6513698544201358
1973-06-01,-0.015700000000000002,-0.028399999999999998,0.011399999999999999,-0.002,9e-4,0.0433,0.0051,-0.01582455034697146,-0.0288110818541196,0.011335509663745679,-0.0020020026706730793,8.995952428359939e-4,0.04238876649178652,-0.12320235557516668,-0.09918147527199994,0.1055150921555354,-0.1816775956181931,-0.32460865277911854,0.04549485611421314,0.2574712728367998,0.07454783107566078,0.005397543487202228,0.05354935102260594,0.03683810846228486,0.06372000833396423,0.2971502518425797,0.13626809941185272,0.6217589046216982,-1.120832805563508,-1.4219193422987277,-0.7224960883642925,-0.8116054641321011,-2.8082947443547606,1.5056218233539649,-0.2606039474681918,-0.08923710197515355,1.4862232472399295,-1.0928449598791066,-0.32958316376104435,-0.22916296282056395,-0.08550069628531387,0.1633376848898445,1.9894344953200427
1973-07-01,0.0504,0.07919999999999999,-0.0526,-9e-4,-0.0323,-0.1167,0.0064,0.04917104400644938,0.07622002591140901,-0.054033888492485624,-9.004052431641551e-4,-0.03283315709524021,-0.12409038523105055,-0.07158442973402723,0.003201631015999906,0.12153448137384118,-0.18167759561819305,-0.2493487724811787,0.11826537532648836,0.1842229462083338,0.10428780645159424,-0.007418294764758859,0.0520652012005915,0.010522950507556361,0.0727315710623765,0.11586756666590459,0.19916089291260222,0.4335717186895125,-0.8008978901776863,-0.1355180732666473,-0.4360588021601539,-0.8116054641321004,-2.2143522346945343,0.9465003261311551,-0.3845426381339724,-0.3734084691296908,0.10127035558583593,0.38063637705550296,0.4418198963711444,-0.2593962887286444,0.24006437466239142,1.022110836437134,0.763643095134359
1973-08-01,-0.0382,-0.02,0.0103,-0.0132,0.0124,0.0359,0.006999999999999999,-0.038948750138574795,-0.020202707317519466,0.010247316451549499,-0.013287894326935407,0.012323749688831903,0.03527061408191933,-0.1353247840788102,-0.005586593104000115,0.1177949858511802,-0.18167759561819305,-0.23379001878091366,0.11685397434047916,0.14424296342222576,0.09884328644710463,-1.2288002640270523e-4,0.04944707413163385,-0.005778974641544865,0.0676086794734584,0.22139392678488012,0.1875311186083514,0.4551839455657938,-1.19596926396209,-0.24593846458301652,-0.5029234581521269,-0.8116054641321004,-2.0915643006274416,0.6413238277287503,-0.31399054994751757,-0.549449227267668,0.9074644907293656,0.3520578670444757,0.30059854903227223,-0.31272964346848275,0.054987200606324546,0.863311435502174,0.9044182585046964
1973-09-01,0.047400000000000005,0.029300000000000003,0.0222,-0.0222,0.0173,-0.0698,0.0068000000000000005,0.04631090286325036,0.02887895955037677,0.021957167352042138,-0.02245012883759187,0.01715205881756566,-0.07235566219214039,-0.08389558855365742,0.05816174172800004,0.13151376334241408,-0.181677595618193,-0.18978843880336393,0.12724739215174963,0.16394184218350039,0.0991222310416435,-0.03819001681241174,0.0506441817456517,0.031746454245798805,0.06613822884400244,0.115722901596087,0.2075246267319748,0.3537302809868643,-0.8772041247091134,0.5550329241526146,-0.2576226329410741,-0.8116054641320998,-1.7443087809877642,0.7916899465683055,-0.6821280839813275,-0.144220710367936,0.10016515181764404,0.5625071992417302,0.3078338850106854,-0.28834359826954054,0.0018635218469721638,1.1363139056755778,0.2435813957706482
1973-10-01,-0.0083,-0.0021,0.0166,-0.0199,0.0273,0.0678,0.006500000000000001,-0.008334636790057628,-0.0021022080918701985,0.01646372603066503,-0.02010067170700291,0.02693400124008104,0.06560045708394888,-0.09619902026329319,-9.720113559997801e-4,0.13080622683930898,-0.18167759561819313,-0.1687980704039035,0.12759375551066396,0.1690014589643809,0.0991920557828538,-0.056291956630138085,0.05326298977965043,0.05959525387054776,0.07035427637671024,0.18308730320188826,0.21500788498715723,0.35188537360579175,-0.9534624655632576,-0.18795815873078356,-0.27027385410050503,-0.8116054641321014,-1.5786551546929386,0.8303111771153003,-0.8571873095592139,0.15651210212714003,0.6148117806866773,0.5695204781173351,0.3096450169420908,-0.23499637172396282,0.1541787035165499,1.2384944722864202,0.23156425660861843
1973-11-01,-0.1278,-0.07719999999999999,0.0409,-0.0277,0.0166,0.08929999999999999,0.005600000000000001,-0.13673652357347102,-0.08034275268253838,0.04008572353928558,-0.02809088016652561,0.01646372603066503,0.08553528810626268,-0.24637168783331187,-0.09404012092399994,0.17016763434427218,-0.2510153924004292,-0.22380779130613437,0.142969562430598,0.1601960513310683,0.09656545245196474,-0.06389784679808497,0.056305207363041926,0.042369397217727034,0.06493051010189611,0.35770859605754013,0.21286876467432503,0.604080283890852,-1.8842530564161903,-1.357320357196573,0.43353417461092125,-1.6369373741224553,-2.012785684253108,0.7630974546153027,-0.9307419261383381,-0.02950598082951424,1.9488733555641449,0.8808548588813949,0.24151551039109143,-0.17302395201425436,-0.041768315361355904,1.2092857348407247,1.8742815897081555
1973-12-01,0.0059,-0.054000000000000006,0.0401,-0.028900000000000002,0.024399999999999998,0.1016,0.0064,0.005882663158155512,-0.05551270993025883,0.03931686237695041,-0.029325829381828733,0.024107075343233104,0.09676366843230796,-0.24659638321559174,-0.12993599163399994,0.17011100977756538,-0.22569563982262927,-0.2511189908981165,0.14701147498910297,0.23361266917751422,0.09209419789844525,-0.11381477775942739,0.04969640746794297,0.0911539040566518,0.06167796894832012,0.425108898920425,0.2237719675665371,0.6762278898185415,-1.8856457489148881,-1.808337085527346,0.43252168986515793,-1.335554856573635,-2.228322599316966,1.3235035578092993,-1.4134757858963027,0.4973067416411897,2.4637942607644425,0.9626968298463907,0.12553897034304318,-0.3076505228132978,-0.15927443758871213,1.358164125965026,2.344228119021881
1974-01-01,-0.0016,0.0968,0.059500000000000004,-0.0292,0.0449,-0.0892,0.0063,-0.0016012813669738792,0.09239684926596758,0.057797098726216814,-0.02963480512969074,0.043921187057928086,-0.09343194479255244,-0.22237344050702657,-0.12405777356800007,0.17109317736290813,-0.18622768241999915,-0.14892478418511457,0.18651306294438585,0.2726510447843973,0.10036786323546995,-0.14311891060642656,0.050683969496082906,0.12997692205034217,0.07180107327005321,0.2504712766249739,0.2548450252334292,0.49502448529142384,-1.7355086599177194,-1.7344797134089556,0.45008349661755065,-0.8657654173615146,-1.4218174153123382,1.621492549819723,-1.6968685523115163,0.9165476262793081,1.129607933184603,1.7625379366770821,0.34014341028670414,-0.28753308978307024,0.20644783234844918,1.7824529224308658,1.1639268468951505
1974-02-01,-0.0046,0,0.024700000000000003,-0.018500000000000003,0.026699999999999998,0.0037,0.0058,-0.004610612557683294,0,0.02439988682353512,-0.018673265265621256,0.026349775322781963,0.0036931718376176062,-0.18649555720514377,-3.2917657599995653e-4,0.16875242387116973,-0.17578070638819024,-0.11447797751026378,0.18463459083560327,0.2830436103803342,0.10035926279678517,-0.1565251336477862,0.04974541796795679,0.15956752210803282,0.07264626378209577,0.2278399729490186,0.25523880171913826,0.469539167585478,-1.5131326660868742,-0.17988120632377638,0.40822927429300443,-0.7414144416730967,-1.1499670918033655,1.7008214178423318,-1.82651670312719,1.2360897429477025,0.9567106184886649,1.7245020174036567,0.33992032991639265,-0.30665213949790937,0.23698243742309455,1.7878297653855924,0.9979236032619427
1974-03-01,-0.0282,0.025,-0.0014000000000000002,0.028999999999999998,0.0044,-0.01,0.005600000000000001,-0.028605257010334437,0.024692612590371414,-0.0014009809156281003,0.028587456851912472,0.004390348301292854,-0.01005033585350145,-0.19902369046804347,-0.03421800755200011,0.16905297127721922,-0.15970784844299138,-0.06638544224235798,0.1865548851174389,0.24914433979311945,0.10256646946731654,-0.12365141611830766,0.065689247709347115,0.15887524299035638,0.07271459771460388,0.17388853039065988,0.2557789389832064,0.4481680302611629,-1.5907837376883136,-0.6056803127789976,0.4136032609157985,-0.5500982596984029,-0.7704262131856672,1.442060408575551,-1.5086033971210977,1.2286139792201547,0.5445355323391655,1.7633847657519708,0.39717141901345737,0.0181364995224643,0.23945117034496594,1.7952050997397009,0.8587188204571627
1974-04-01,-0.0528,-0.0068000000000000005,0.0092,0.0271,0.021400000000000002,0.0206,0.0075,-0.05424501485239577,-0.006823225348125537,0.009157937784765724,0.02673929718962151,0.021174235231406567,0.02039068964773398,-0.1956268443716398,-0.083745289216,0.16801083272184789,-0.20407527404520112,-0.035705096958308924,0.18300181259369774,0.19616326759580227,0.09584903104079694,-0.08573120314384364,0.07538112730989831,0.15457976315874977,0.07210488128762597,0.1265356221125602,0.25057468598023674,0.39179011196744207,-1.5697296242050205,-1.2279700663742772,0.3949691335104819,-1.0782063596518756,-0.5283003793003163,1.0376435737488887,-1.1418867256537866,1.182228075763586,0.1827715437703151,1.6914409881181207,0.22293278925789622,0.21556788433213747,0.2174236510578625,1.7241433372699444,0.491491014469791
1974-05-01,-0.047,-0.029300000000000003,-0.0208,0.0501,-0.0033,-0.0029,0.0075,-0.048140375327934984,-0.029737818263956432,-0.021019367224075457,0.04888539772981066,-0.0033054570087264813,-0.002904213147389827,-0.20996844551805927,-0.12277402112000002,0.17036040639577227,-0.2414837361650769,-0.001343153331303526,0.17320633789358814,0.16684904525782973,0.10200693863306057,-0.058474390920221775,0.09096404066452965,0.17067105792505144,0.0671653895032261,0.04792300476577438,0.24213436201713837,0.3806395034431107,-1.6586208160634113,-1.7183498963121298,0.4369810665326552,-1.5234815042914398,-0.2571197854190705,0.813881303155803,-0.8782930728389342,1.355994284611477,-0.4178085480835771,1.493099004121503,0.38265816564564664,0.5330043661884584,0.038972250152274804,1.6088944636484583,0.4188595014990406
1974-06-01,-0.028399999999999998,-0.0024,0.0083,0.005,0.0298,0.0232,0.006,-0.0288110818541196,-0.002402884616310315,0.008265744417032593,0.004987541511038968,0.02936460862990398,0.02293497128249599,-0.22016188323209018,-0.12295455744000006,0.17053798554467586,-0.26302559805798875,0.025380887439987454,0.1704237314550293,0.16327258486599705,0.10210309623304878,-0.05187050388258829,0.09148416296287029,0.20447302972446657,0.06754097002875153,0.027733938921058465,0.23952848097371357,0.42463491295655675,-1.72180112754214,-1.7206182602988713,0.44015629929622785,-1.7798955648169437,-0.046216661721207544,0.7865813499543814,-0.8144285720035113,1.721014040726333,-0.5720477965489447,1.436755876442418,0.3851523259786071,0.5435996758563522,0.05254102885629946,1.573312315811559,0.7054315885521052
1974-07-01,-0.0806,0.0078000000000000005,0.0516,-0.032,0.045,0.03,0.006999999999999999,-0.08403399561000945,0.007769737264360694,0.05031281387358918,-0.03252319170556006,0.04401688541677426,0.02955880224154443,-0.31741892178558984,-0.14869554488000003,0.16283031035332554,-0.32242573485451476,-0.042458433689752106,0.15052728585208086,0.2912153791905032,0.0783730220181639,-0.08138389326228124,0.09552606279292547,0.30068648967868916,0.04861034810634757,0.19842177865808952,0.1965155068849089,0.618105411464279,-2.324613462467271,-2.0440430918898227,0.30233796336176677,-2.486938918241248,-0.581596953131882,1.7631984279722088,-1.0998450047732342,2.760001171295576,0.7319632124649903,1.0338861211537422,-0.2303643862961278,0.6259364271986195,-0.6313746753333891,0.9859892655923872,1.9656368043624046
1974-08-01,-0.09390000000000001,-0.0069,0.026099999999999998,-0.0029,0.0259,0.030299999999999997,0.006,-0.0986056037541221,-0.006923915072824198,0.025765207886026424,-0.002904213147389827,0.025570276111530045,0.029850021968885292,-0.35694872637754527,-0.190590800856,0.17606863091332361,-0.3860499583516759,-0.029658643364584125,0.14951330169046034,0.3114085920888594,0.07751753198244699,-0.07179558164959554,0.09535339480928381,0.3180306892150997,0.04755466585376339,0.19194319775212776,0.19598209826874133,0.674979415592645,-2.569624560477445,-2.5704396079551595,0.5390479005154966,-3.244261826344065,-0.48058244767746583,1.9173379141441718,-1.0071188979350867,2.9472972119631655,0.6824685276814862,1.0133546373294096,-0.2525543048526394,0.6224190414563608,-0.6695138169916036,0.978705807935776,2.336095955496098
1974-09-01,-0.11789999999999999,0.0027,0.054299999999999994,-0.0433,0.0582,0.0424,0.008100000000000001,-0.1254498507174158,0.002696361547742533,0.05287703960076694,-0.044265416298015434,0.056569351487894326,0.04152574682849831,-0.4584346682620132,-0.2651504172860001,0.1713423703072452,-0.453902055321179,-0.05473498659445164,0.14576248049959406,0.35259056802904043,0.08319970990662044,-0.0918253558643568,0.101691809908776,0.3710214050205629,0.05754341054915411,0.3357144585431284,0.17252316591798153,0.8294560732825761,-3.1986482126401588,-3.507250266193013,0.4545392314613961,-4.051909363293749,-0.6784821277206247,2.2316895055881654,-1.2008217164088493,3.5195318222528678,1.78084382577019,0.9374067798351067,-0.10516852582909532,0.7515376564379292,-0.308645622046868,0.6583845096529038,3.342307709966887
1974-10-01,0.1611,-0.034300000000000004,-0.09910000000000001,-0.0029,-0.0291,-0.0053,0.0051,0.14936783165082343,-0.034902052009264876,-0.10436101532474273,-0.002904213147389827,-0.029531802606037858,-0.005314094823768765,-0.365925676433421,-0.07196666250899997,0.2625748036243097,-0.37755690784743673,-0.08523657335831447,0.14878602154354367,0.1986512322814895,0.15432282683015078,-0.07607291330716281,0.10091544362142399,0.29575068834270835,0.08013159021935591,0.2442734331455796,0.16845025749887826,0.6616763647761293,-2.625264916221076,-1.079976506765743,2.0858355472583696,-3.143168542167143,-0.9191972194724213,1.0566347863011536,-1.0484838773269778,2.706700582484296,1.0822580098290375,0.9986284304147831,1.7396410056996001,0.7357224505595219,0.5074084341184197,0.6027707548115783,2.2494441188880825
1974-11-01,-0.0453,-0.011699999999999999,-0.0025,-0.0342,0.028999999999999998,0.022000000000000002,0.0054,-0.04635812397814956,-0.01176898359999889,-0.002503130218118477,-0.03479850554269554,0.028587456851912472,0.02176149178151271,-0.305949602489093,-0.02219023584299995,0.24007759361515307,-0.37755690784743656,-0.020307006339425948,0.1262136643062397,0.14867384398192596,0.15266833312132597,-0.08224953170015192,0.1026816883370325,0.31155563476750636,0.08020246282426323,0.16739874109499886,0.15190498261592342,0.6175052372565993,-2.2535250636433655,-0.45455634954855717,1.6835705361290048,-3.143168542167141,-0.406780380199211,0.6751457686055845,-1.108216372487964,2.8773745811380658,0.4949552183533488,0.5415759388313803,1.6967263262547168,0.7717022764021298,0.5099688828818901,0.3768523774654993,1.9617274607015025
1974-12-01,-0.0344,-0.047400000000000005,0.0012,-0.0076,0.0338,0.0298,0.006999999999999999,-0.03500560919881529,-0.04856019061537703,0.001199280575482187,-0.007629027164491163,0.033241333779801936,0.02936460862990398,-0.3337557770787041,0.07036969535199988,0.23678945073526397,-0.3765594028920641,-0.013471938941793882,0.12313440256991155,0.10571315507615009,0.1498378370620654,-0.06211969442820586,0.09982298177295351,0.3235906044734944,0.08090662217714002,0.09131011581302628,0.12363302754356569,0.6573463815521985,-2.425871510532953,0.70842079841795,1.6247763642456836,-3.1312951814858376,-0.3528387971436038,0.347216847791359,-0.9135458698059832,3.0073374641615187,-0.08634222604158544,0.4792260373997161,1.623308198155908,0.7134681237947739,0.5354083872816131,-0.009188607621332494,2.2212399870682074
1975-01-01,0.1367,0.1106,0.08259999999999999,-0.0054,-0.0105,-0.138,0.0058,0.1281293277105278,0.1049004098253698,0.07936555538074047,-0.005414632701498842,-0.010555513939516587,-0.14850000831844395,-0.24146653826658915,0.047876352344000006,0.28639980219785516,-0.3736783231786858,-0.001059386751236513,0.13367829635084286,0.12982072834869296,0.15887838221470532,-0.03912674915357783,0.0962685961418689,0.2534145881199379,0.08408332127508271,0.03283851540495042,0.17440813006997696,0.49488112638652704,-1.8538502731580246,0.4258012722153504,2.511842297092842,-3.097001518678165,-0.2548803314888293,0.5312355562448908,-0.6911869826335988,2.24952272700673,-0.533050150661552,0.6927222563768436,1.8578041621859644,0.6410624289022445,0.6501745270034679,0.6841228576457227,1.1629930526418804
1975-02-01,0.0556,0.0012,-0.0447,0.011699999999999999,-0.021099999999999997,-0.0058,0.0043,0.05410932564703204,0.001199280575482187,-0.04572985170617433,0.011632084229707696,-0.02132578671475243,-0.005816885321564851,-0.19559180007455435,0.15862394211200015,0.2963659724240679,-0.3555035225135685,1.3934198466203362e-4,0.13368454028781104,0.053301202099645284,0.16728252352802828,-0.009561418358303708,0.09576684280599902,0.1950594529177041,0.09252023773282574,0.02306271995178033,0.17460777571253072,0.39065125299225845,-1.5695124148917812,1.8172988071607012,2.6900440196767934,-2.8806657877672825,-0.2454200991448124,-0.052855767781627934,-0.4052682377316613,1.6193589795789134,-0.6077347029556223,0.6928486856601744,2.0757929212528907,0.630841309778145,0.9549790751075142,0.6868489301908471,0.48407284977972853
1975-03-01,0.026600000000000002,0.0375,0.0242,0.0125,-0.0134,-0.0207,0.0040999999999999995,0.0262523711440657,0.0368139731227164,0.023911820046312877,0.01242251999855711,-0.013490590182499144,-0.020917248255388307,-0.15023105778610557,0.23181787383200003,0.2993146405439268,-0.31957719859962896,0.012336163228377384,0.13664264483528724,0.08030351611301478,0.16824925543911304,-0.02544308657704808,0.0916302718081007,0.1738805816891753,0.09637308273607934,0.012005375402806218,0.1757535339654274,0.3241116394752809,-1.2883603730496334,2.736950203409569,2.7427681580730243,-2.4530326221513215,-0.14916415785589493,0.15325916937201264,-0.558855785102456,1.3906531970730749,-0.692209959333211,0.7527453566004076,2.1008682599211834,0.5465760305817184,1.094172663904268,0.702493750065793,0.050654997141334285
1975-04-01,0.042199999999999994,-0.0064,-0.0113,0.0139,-0.0137,0.0151,0.0044,0.04133386349297721,-0.006420567802922695,-0.011364330079049759,0.01380428097639708,-0.01379471102218926,0.014987129808248238,-0.06500296497537938,0.129410212112,0.3004022751533213,-0.2860201454350776,0.012743870100398569,0.136618016864041,0.058359181907389646,0.16913644131528963,-0.03796781762288859,0.08802372889177176,0.13354064785591668,0.09957094201926447,0.006551691721917052,0.17518513069406857,0.19854361283129607,-0.7601050776738841,1.4502404055583118,2.7622157850487548,-2.053601026871061,-0.14594658108304678,-0.01424703263095038,-0.6799792525061579,0.9550314855088912,-0.73387469403555206,0.7522466813622655,2.123880313264795,0.4731078498269922,1.2097032678391948,0.6947324559409138,-0.7672551407675738
1975-05-01,0.052000000000000005,0.0393,-0.0405,-0.0113,-0.005600000000000001,-0.0058,0.0044,0.050693114315518165,0.03854740961223883,-0.04134296353438243,-0.011364330079049759,-0.005615738785635745,-0.005816885321564851,0.03212684244060959,0.12555849104000005,0.30139099763328486,-0.26515041728600003,0.08431513773085819,0.13689271692149027,0.03706662075177691,0.1736715987534523,-0.09421843756189874,0.06729047522968977,0.1309248723065346,0.09994510090570918,0.0036242020960084442,0.1752718689009715,0.22514330986843334,-0.15808133862025753,1.4018451277178399,2.7798947976571857,-1.80518741418658,0.4188858123211522,-0.17677809949641266,-1.223964596836839,0.926784324107994,-0.7562399586428039,0.7578088982089759,2.2415143826195063,0.05075479233726882,1.223220686302812,0.6959168276177847,-0.5939931850496265
1975-06-01,0.0487,0.008100000000000001,0.013500000000000002,-0.027000000000000003,0.010700000000000001,-4e-4,0.0040999999999999995,0.04755130185822235,0.008067371077758793,0.01340968690991774,-0.027371196796132015,0.01064316009847976,-4.0008002133969133e-4,0.11402986791628966,0.14978880728,0.3023715102100462,-0.20072919000000009,0.09572783715565203,0.13652930021478904,0.04241497583251652,0.17391668137142346,-0.1230592435300768,0.06812316973297071,0.10994927989921832,0.09776945867606943,-0.01952428419158525,0.17352929689370644,0.23708911144636646,0.34956473778446734,1.70628900220339,2.797427011760306,-1.038377722686567,0.5089535524175368,-0.13595286241502083,-1.5028766476264037,0.7002737030614522,-0.9330884149097293,0.75045031755501,2.2478713980204383,0.06771744929153073,1.144620210647655,0.6721227810954394,-0.5161820377601841
1975-07-01,-0.066,0.026600000000000002,0.0176,0.0045000000000000005,0.0124,0.0034000000000000002,0.0048,-0.06827884075329449,0.0262523711440657,0.017446913603720703,0.004489905272852001,0.012323749688831903,0.003394233068015617,0.13172057497695722,0.030419061599999964,0.29745380871002275,-0.11790000000000002,0.11616808654891053,0.1377968322110657,0.008711943141088474,0.16723517962690856,-0.08999277905574632,0.06532999200028818,0.0753231109760466,0.09011499813951536,-0.04484530753188054,0.1703402431360467,0.22171335403270354,0.45921414299282454,0.2064576541015112,2.70949525276296,-0.05245695857068407,0.6702657013958709,-0.3932159422251922,-1.1830993352630899,0.3263536308677157,-1.1265344931196015,0.7761157210824055,2.0745649030806934,0.010818171699215895,0.8680838248116437,0.6285776689533537,-0.6163348250801511
1975-08-01,-0.028399999999999998,-0.0317,-0.0091,0.0109,-0.009899999999999999,-0.0016,0.0048,-0.0288110818541196,-0.032213322364651575,-0.009141657917283387,0.010841023177874769,-0.009949330853668103,-0.0016012813669738792,0.21353019605740164,-0.04833159672000009,0.2770636147260078,-0.09252560000000004,0.08829479227198722,0.1432302212069334,-0.02589156567731743,0.16516312485373774,-0.07739815499694502,0.06786396945422586,0.037798432768674894,0.0887114593173548,-0.07441866935827357,0.16641595920012947,0.29092835105434667,0.966281286269195,-0.7830117073280278,2.3449050832898894,0.24957603048766624,0.4502927983060022,-0.6573525655482824,-1.0612999504248244,-0.07886677961083145,-1.352467339036348,0.8861327632634988,2.020819418339003,0.062437331080741336,0.8173775011710305,0.5749933153950421,-0.16549037627914964
1975-09-01,-0.0426,-0.0016,0.0033,0.0058,0.005699999999999999,0.004,0.0053,-0.04353400202372837,-0.0016012813669738792,0.0032945669494301114,0.005783244755727361,0.005683816468297709,0.003992021269537457,0.3171225594664513,-0.13118400943999997,0.24118647912536817,-0.13118400943999986,0.08362772574484079,0.14343708753444495,-0.07301243274594749,0.15420945880039302,-0.03004814915430898,0.05486152012105078,-0.0136893934648874,0.0672445020786482,-0.10851529550624195,0.1586653359011223,0.42563785497269324,1.6083608251466905,-1.8240179116677153,1.7033981432823502,-0.21057731128217666,0.4134608342514372,-1.0170370929434875,-0.6033901663141076,-0.6348720294283638,-1.6129567560661948,0.8903214605014463,1.7367004368534318,-0.2024330226141574,0.04183038830282472,0.4691619979029209,0.7119644334542443
1975-10-01,0.053200000000000004,-0.0408,0.0034999999999999996,-0.0052,0.022799999999999997,-0.0022,0.005600000000000001,0.0518331486400172,-0.04165567526883251,0.003493889254255838,-0.005213567052887434,0.022543964434894436,-0.0022024235552000394,0.1947235204806359,-0.02030299651199996,0.20194732650075406,-0.13118400943999997,0.0763339696949894,0.14571450875104902,0.032558578909359204,0.11109346748644851,-0.03228552680644514,0.05492670128397863,0.03903438908653145,0.06331524593232693,-0.1057369677853911,0.15878690235473403,0.300460488266027,0.8497149566212556,-0.4308439700517242,1.0017761127806677,-0.210577311282178,0.35589933194837314,-0.2111890303735164,-0.6250272727818176,-0.06551997024746697,-1.5917310498868924,0.9364354321390013,0.6183468666240306,-0.20110522988552937,-0.10012374269551481,0.47082193381416837,-0.10340107003022025
1975-11-01,0.0265,-0.012199999999999999,0.0203,-0.0066,0.0174,-0.005,0.0040999999999999995,0.02615495747685118,-0.012275030875612578,0.020096701699122397,-0.0066218763088869695,0.017250353406527672,-0.005012541823544286,0.2845749384868257,0.035054522520000075,0.1906852657141002,-0.13118400943999997,0.07578943161460128,0.14578318332924364,0.056159917855859165,0.11223827946282793,-0.004630816245104863,0.04289184799819302,0.02732127060897671,0.059238128528003,-0.12936231208068882,0.15528967357114756,0.4139372505675145,1.406626249523215,0.2647002980906757,0.8004030089229446,-0.210577311282178,0.35160189867063063,-0.031034526159876293,-0.3575856470115197,-0.19200725552753528,-1.7722225781660976,0.9378259775190123,0.6480412914072369,-0.4462648736411914,-0.24741972864208422,0.4230688286173599,0.6357504224640848
1975-12-01,-0.016,-0.0087,0.017,-0.0011,0.0077,-0.001,0.0048,-0.016129381929883644,-0.008738065943285299,0.016857117066422806,-0.0011006054440330039,0.00767050630421974,-0.0010005003335835344,0.3090531684662763,0.06381204319999978,0.1855155393199636,-0.13118400943999994,0.11949408309841925,0.13450077730743068,0.07282724376688798,0.11281851498919131,0.0018886312502663927,0.04218025408221633,0.0013848369052678056,0.049333337803957884,-0.1554019710318587,0.1494211257089718,0.464455139498135,1.5583456436998122,0.6260266187915342,0.7079648779446273,-0.21057731128217766,0.6965140920379503,0.09619104535855016,-0.2945377393713797,-0.47208886618614093,-1.9711588468282815,0.7093761205052701,0.6630915883552407,-0.46076061420377795,-0.6052548779918204,0.3429364149959691,0.9648078633304619
1976-01-01,0.1215,0.0487,0.0863,-0.0175,0.0233,0.0437,0.004699999999999999,0.11466707497812591,0.04755130185822235,0.08277742645756819,-0.01765493523872071,0.023032699110572784,0.042772091843869056,0.29154845468015167,0.13280023399999985,0.17746261520735704,-0.13118400943999992,0.05709836569900273,0.09711158979871382,0.07649384343614485,0.11526861492237131,-0.010300040012681921,0.045582911765187736,0.03559080707949547,0.052725243702533765,0.022629887278479366,0.053038902584964534,0.3018484946928336,1.4498490500696724,1.492834624632916,0.5639732626970864,-0.21057731128217733,0.20409410894007485,0.12417905260941957,-0.4124112586516562,-0.10270642409781693,-0.6110414327842671,-0.04769240935551107,0.7266429047969546,-0.3914457396830387,-0.4827138584374508,-0.9731200184704725,-0.09436003818230748
1976-02-01,0.0031,0.0697,0.0571,-0.0255,0.037000000000000005,0.0038,0.0034000000000000002,0.0030952049073025216,0.06737823532994819,0.05552930979248023,-0.025830760034521515,0.036331929247390204,0.0037927982386962624,0.22731361774314185,0.10697702360000005,0.17448744822129564,-0.13118400944000014,0.12942281441093018,0.11539211281084588,0.19120866941939552,0.10990984030102341,-0.04669110308624902,0.04959810242146463,0.09705553881033446,0.05527194694136697,0.03250440640729968,0.05238714026883314,0.27400472082939087,1.0517128060153795,1.1683766956500004,0.5107753070273569,-0.21057731128217996,0.7748705227172087,0.9998239746120892,-0.7643399129153425,0.5610371444487998,-0.5356026571073447,0.32245761539842227,0.5876456430570655,-0.30965307569879724,-0.3907078828235448,-0.9820195433147177,-0.2757255141654712
1976-03-01,0.0232,-0.011699999999999999,-0.0011,-0.0038,0.009899999999999999,0.0022,0.004,0.02293497128249599,-0.01176898359999889,-0.0011006054440330039,-0.0038072383429540663,0.009851316050374202,0.0021975835434872013,0.22324887363606338,0.15107610828000007,0.1743284419201078,-0.1311840094400001,0.07586367950103323,0.11335104834780249,0.161783186763361,0.11043808960836399,-0.06203819940199662,0.046285971948603,0.12296410768757049,0.0501962883370439,0.05664854089798399,0.04570961318556011,0.28528707303806,1.026518969944448,1.7224634053844006,0.5079321690786542,-0.21057731128217963,0.35218785463853525,0.7752124281586574,-0.9127577522716033,0.8408178492246461,-0.3511477057325348,0.28112947281636985,0.6013475082080699,-0.3771238381183181,-0.5740786480752577,-1.0731982087650993,-0.20223586478925795
1976-04-01,-0.0149,-8e-4,-0.0016,0.0045000000000000005,-0.0105,0.0053,0.0042,-0.015012120120503621,-8.003201707691552e-4,-0.0016012813669738792,0.004489905272852001,-0.010555513939516587,0.005286004429237438,0.15622957725857423,0.011078978392000005,0.17478056208628648,-0.13118400944000005,0.0819273234273672,0.1128122048333193,0.17318128215286688,0.10855242034550491,-0.07073416638653274,0.04289698068462222,0.1266075074083457,0.04862475612002319,0.046447422091167256,0.0443108680659189,0.24391544853939962,0.6111242680779079,-0.03654247046955988,0.5160163770140228,-0.210577311282179,0.40004145043267264,0.8622167387416689,-0.9968542226660655,0.8801620888269439,-0.42908161859265603,0.27021879263002724,0.5524365383306766,-0.4461603166892608,-0.6308541500775718,-1.092297451901618,-0.47171745181104346
1976-05-01,-0.0134,-0.011899999999999999,-0.0129,0.024300000000000002,-0.0139,-0.010700000000000001,0.0037,-0.013490590182499144,-0.011971371781219958,-0.012983927558294786,0.024009452460351854,-0.013997509643853661,-0.010757656652960208,0.08434990582063628,-0.0055522678879998955,0.17106404092674263,-0.13118400944,0.028627334050401076,0.10841226705608493,0.2069278203367324,0.09594923561194835,-0.0372742051478967,0.0518284736978895,0.11720400548609144,0.05214394764430837,0.04128991618868594,0.04573132651452375,0.2442020254846291,0.1656043014246005,-0.2455071824797145,0.449562517846689,-0.21057731128217833,-0.020596070250245783,1.1198119060846032,-0.6732715038369055,0.7786158240511648,-0.46848363156705125,0.18112740962757132,0.22553192096020366,-0.2642186184115609,-0.5037146213618539,-1.0729017229054838,-0.46985078085141513
1976-06-01,0.0406,-0.0132,0.0073,-0.0067,0.0102,-0.0044,0.0043,0.03979746987406606,-0.013287894326935407,0.00727348396649847,-0.006722545760826811,0.010148331051815136,-0.004409708488700073,0.0759745513463852,0.011358786196000059,0.16921213511114497,-0.0697901599999999,0.006893614959761818,0.10928391346160991,0.19954454210674943,0.09630271337191228,-0.017188559068248677,0.044967260143409245,0.11665131724750122,0.052131724183928765,0.037123089793372976,0.046264757901741595,0.2167331011749981,0.11369271680780506,-0.033026801457347675,0.41644921565416276,0.5201973220554206,-0.19211613658362264,1.0634536277678892,-0.47902836286195477,0.7726474702742042,-0.5003171089870547,0.19877679188909766,0.23470051717718315,-0.4039870585249624,-0.504156224207625,-1.0656179543202986,-0.6487746062134179
1976-07-01,-0.0106,0.0028000000000000004,0.0174,-0.0103,0.003,-0.0015,0.004699999999999999,-0.010656580188528888,0.002796087302001188,0.017250353406527672,-0.010353412079491597,0.002995508979798371,-0.0015011261262670914,0.1397957399380232,0.01577340682400008,0.1503389053375864,-0.04259999999999995,-0.016449525539013243,0.1057305214615655,0.19930878256624074,0.09629782583257705,-0.03166900638113057,0.045278908575935396,0.1062833575654325,0.05235499151026854,0.03205840657632342,0.04648206889333111,0.2309777889473713,0.5092651122335553,0.022441075852212427,0.0789833706974969,0.8438434101510913,-0.37633757563331033,1.061654020413821,-0.6190650615881405,0.6606862469167293,-0.5390099806197133,0.1268265453942921,0.2345737429363827,-0.39763852922586723,-0.49609013787712236,-1.062650669282928,-0.5559892463430737
1976-08-01,-0.005699999999999999,-0.020499999999999997,0.0079,-0.004,-0.005699999999999999,-0.0078000000000000005,0.0042,-0.005716306996109192,-0.02071304159754157,0.007868958378695197,-0.004008021397538822,-0.005716306996109192,-0.007830579115188564,0.16642538515888883,0.023701093051999855,0.14537524970242371,-0.028100339999999852,-0.005073128436913654,0.10265281139096598,0.2198842687945448,0.0930657774383181,-0.045941567272337336,0.04280844747690783,0.11097620687537568,0.05088552175490846,0.025649390029074404,0.047506733019142135,0.26582583606688215,0.6743192702931545,0.1220491654475793,-0.009770078663929265,1.0164337236217482,-0.28655632938414094,1.2187114877387588,-0.7570913439527069,0.7113632524110914,-0.5879732116702732,0.06450806259914496,0.15074004804219443,-0.4479638093574632,-0.5491783801251571,-1.0486593359103742,-0.32900016490925615
1976-09-01,0.0206,8e-4,-0.0031,0.0098,-0.011399999999999999,0.002,0.0044,0.02039068964773398,7.996801705642441e-4,-0.0031048149534787565,0.009752291442678302,-0.011465478109278096,0.001998002662673058,0.2434235931618567,0.004025884651999823,0.13175474952351138,-0.02810034,-0.002681477303348556,0.10265084658293194,0.2121026886886095,0.09427326604652982,-0.04214734005926257,0.04395835653501885,0.09208618685194003,0.054762271974948006,0.02360626375411612,0.04746240679564066,0.28557093322111926,1.1515646218034976,-0.12516166817407318,-0.2533136404579318,1.0164337236217464,-0.26768168766430467,1.159312878653006,-0.7203983439606851,0.5073742501458881,-0.6035821686964791,0.06446827852174453,0.18206019527416012,-0.424539236714698,-0.4091211560374456,-1.0492645907978375,-0.2003868899532425
1976-10-01,-0.0242,0.0014000000000000002,-0.0017000000000000001,-0.0019,-0.0037,-0.0043,0.0040999999999999995,-0.024497631600400235,0.0013990209137074087,-0.0017014466397575704,-0.0019018072895963312,-0.003706861931326512,-0.004309271588098403,0.1520440013362514,-0.009775158436000075,0.13257852595914843,-0.028100339999999977,0.04119554694373129,0.09218943280232192,0.20582173803471715,0.09516584108206133,-0.03896990361193198,0.04394954231618969,0.0637910324213804,0.053077859503510134,0.02145195111242093,0.04770933336080355,0.24479164164664913,0.5851815000040692,-0.29856605085053795,-0.2385839723384284,1.0164337236217467,0.07859085216122788,1.1113689228627301,-0.6896701695554236,0.201821354274477,-0.6200405608464792,-0.14735785836088464,0.20521203400647436,-0.42471878944349567,-0.4699747374079532,-1.045892918261728,-0.4660102089376873
1976-11-01,0.0036,0.023399999999999997,0.015300000000000001,-0.0131,7.000000000000001e-4,0.0282,0.004,0.003593535510130218,0.023130417388854466,0.015184135325040055,-0.013186561804175559,6.997551142732649e-4,0.027809700639267233,0.12634326326455114,-5.132746719999082e-4,0.1318302178520174,-0.02810034000000007,0.0787199055904173,0.09243559432122905,0.1999125851481407,0.09503914409620817,-0.04525810134348285,0.04496729846553976,0.04632955194031396,0.05152038621630162,0.055534568978684806,0.05355237176905327,0.24517068649162355,0.4258848346241284,-0.18219432254877693,-0.25196421677410463,1.0164337236217456,0.37472886965171254,1.0662629858217447,-0.7504817199334638,0.013258823531419158,-0.35965816347068713,-0.14237349920133155,0.20192573530039873,-0.4039862778723327,-0.5262423256754694,-0.9661088248996694,-0.46354123152590015
1976-12-01,0.0565,0.030299999999999997,0.0223,-0.0072,0.0241,0.0073,0.004,0.054961558073974334,0.029850021968885292,0.022054990780831313,-0.0072260450917395825,0.023814178099254887,0.00727348396649847,0.20933095288516101,0.03464405772000001,0.13562262476128134,-0.02810033999999993,0.1211592038028928,0.09362725901819634,0.20616581690948332,0.09528060055022702,-0.05108844029813764,0.04497451686046087,0.06335823572697796,0.05524682929826045,0.06430427560783714,0.05326300103718653,0.26041939318329865,0.9402538067240068,0.2595429781112664,-0.18415347015524736,1.016433723621747,0.7096550373355911,1.113995356864394,-0.8068654352996465,0.19714768183975748,-0.2926598699317004,-0.11824428162981615,0.20818869433665727,-0.40383923336042027,-0.3916153200246678,-0.9700600536738815,-0.3642160121491414
1977-01-01,-0.0403,0.0475,0.0432,-0.0054,0.019299999999999998,0.0405,0.0036,-0.04113454335855504,0.046406372814155834,0.042292912190251365,-0.005414632701498842,0.019116117192230143,0.039701366851552046,0.03485948772526881,0.01757317297999994,0.09525184061934984,-0.04030000000000004,0.11987629062985605,0.09312570489081824,0.15831002503909897,0.06917681567970811,-0.03940209946109685,0.04263499094434101,0.059201651203467875,0.05398589866067016,0.06104110258690665,0.0509373003914899,0.19771212450019582,-0.1411440319834589,0.045054391183030555,-0.906009821478167,0.871220446645912,0.6995304308832145,0.748700977689403,-0.6938498249633313,0.15226167702187612,-0.31758966897401286,-0.12839991407759846,-0.468897929832028,-0.4514972584757337,-0.4371695690333239,-1.0018164626659016,-0.772671190965512
1977-02-01,-0.0194,0.0103,0.0045000000000000005,-0.0021,-0.0019,0.0034000000000000002,0.0034999999999999996,-0.01959064976500415,0.010247316451549499,0.004489905272852001,-0.0021022080918701985,-0.0019018072895963312,0.003394233068015617,0.011647107629746412,-0.005747057169999903,0.0978554811738968,-0.05891817999999993,0.05769002189711436,0.06865666709454299,0.10067393827620386,0.05070081780995367,-0.01633592103871584,0.03488443533305539,0.019468821664591296,0.041777317599818266,0.060618292822974595,0.05094862998790567,0.1170098593149197,-0.2850175166449757,-0.2479546290228365,-0.8594550044041649,0.6496071451993215,0.2087633931027826,0.3087513350389992,-0.4707827187679385,-0.27680405423480825,-0.32081982636387385,-0.6238570156050163,-0.9481330709363447,-0.6093823117829869,-0.8782348624829706,-1.0016617620606627,-1.2983400464170398
1977-03-01,-0.013500000000000002,0.009899999999999999,0.0109,-0.0032,-0.0011,0.0068000000000000005,0.0038,-0.013591953519466972,0.009851316050374202,0.010841023177874769,-0.0032051309489483358,-0.0011006054440330039,0.006776984279023669,-0.02463851478035095,-0.07162278456999993,0.09570272132430802,-0.07162278456999999,0.08080659021946368,0.06637421780111878,0.11389657043088786,0.049761751895076166,-0.015743471282264387,0.034843765056634154,0.008364596455847417,0.04084465153384452,0.06548642707460672,0.05088899200907051,0.1385350852112388,-0.5099207328498387,-1.075655823079145,-0.8979477759301103,0.49838348304055136,0.3911967500222205,0.40968275870213405,-0.46505328885034275,-0.39671604048202064,-0.28362853806081567,-0.6700727973909025,-0.972490801944708,-0.6102107980338869,-0.9119297390643554,-1.002476092164088,-1.1581315797243594
1977-04-01,0.0015,-0.0013,0.0338,-0.019799999999999998,0.0104,0.04190000000000001,0.0038,0.0014988761237359487,-0.0013008457330480696,0.033241333779801936,-0.01999864650668997,0.010346292054144267,0.04104596943600102,-0.008400642120110935,-0.03118705714999981,0.09468747867978507,-0.07162278456999996,0.08026575425558291,0.06643593201004501,0.1533917012334256,0.05371394066916636,-0.03955375863700916,0.03877149144173729,0.02966305028700167,0.03990165438355313,0.10427763689349745,0.06219701464760023,0.19294545987043477,-0.409276192587061,-0.5675976780078011,-0.9161009866407632,0.4983834830405517,0.38692853343151934,0.711158269253167,-0.6953164820262937,-0.16671891282315535,0.01272628566145457,-0.6688231878503794,-0.8699779223604032,-0.5301998516205305,-0.945997851709252,-0.8480700672680476,-0.803719726399991
1977-05-01,-0.0147,0.0125,0.008100000000000001,0.0043,0.0022,0.020099999999999996,0.0037,-0.014809115653708226,0.01242251999855711,0.008067371077758793,0.004290781417156246,0.0021975835434872013,0.019900661706336174,-0.009707229557009533,-0.026543552325000053,0.09489069616109705,-0.08389783453127617,0.1069416822019813,0.06347605315533345,0.17792946410031063,0.046752320551595755,-0.05830698018075575,0.026728583006806597,0.0464743017925493,0.035689638139032746,0.13865724996973272,0.05946339546272851,0.23623644428106638,-0.41737459898864415,-0.5092539656883752,-0.9124673235177194,0.3522728348815866,0.5974519561273288,0.898460714839675,-0.8766740864375074,0.014821944052143293,0.27537764973120543,-0.72875578554537,-1.0505501990448527,-0.7755235852448359,-1.0981673930870957,-0.8853964226714603,-0.5217360401396138
1977-06-01,0.0472,0.0207,-0.0062,0.0091,-0.0127,0.016,0.004,0.046119935613553036,0.020488666427315602,-0.0062192998139168326,0.009058844488346146,-0.012781334364733152,0.015873349156290163,-0.0034263028945804574,0.033353869239999945,0.09800212333507301,-0.08389783453127621,0.1449689653663988,0.059723294936695245,0.162142660004853,0.050551450488707295,-0.04332787043229702,0.030072851756324268,0.022752007681433595,0.03848637113039402,0.16198851543717208,0.05721265005055406,0.20547053043715002,-0.37844456242589575,0.2433322949415843,-0.8568329454655865,0.3522728348815861,0.8975589973399954,0.777956370938593,-0.7318149509627817,-0.24134967996755863,0.4536224917225296,-0.804742864613216,-0.9520073985790785,-0.7073981402738277,-0.9971284720702585,-0.9161293512528663,-0.7221354053881929
1977-07-01,-0.0169,0.0209,-0.006,0.0075,0.0012,0.0038,0.0042,-0.017044434609258474,0.020684591192832603,-0.006018072325563021,0.0074720148387010564,0.001199280575482187,0.0037927982386962624,-0.0097719813782714,0.014368635895999793,0.09894320008031379,-0.08389783453127608,0.1656350386343799,0.059629614705799625,0.1354136072781833,0.05344930531139096,-0.02612188487474898,0.03103251599802724,0.020916560409422802,0.03847122182990957,0.16815630625521627,0.05603094526830622,0.19427819112996525,-0.4177759395717635,0.004790711744332745,-0.8400058701418556,0.3522728348815876,1.0606533229357111,0.5739273006816474,-0.5654202696558044,-0.26117025492001306,0.500742820507614,-0.8066397326493195,-0.8768421017091299,-0.6878490075977504,-0.9976757781519747,-0.9322650050148095,-0.7950387393891124
1977-08-01,-0.0176,0.0155,-0.0277,0.0104,-0.0067,-0.0163,0.0044,-0.017756721589258985,0.015381102038302391,-0.02809088016652561,0.010346292054144267,-0.006722545760826811,-0.016434306463424773,-0.02162324701399332,0.011383079168000076,0.10031648958638929,-0.08389783453127603,0.20847614265769598,0.047132674535898304,0.09530970369736869,0.06605211998891646,-0.012041719354866198,0.03335594760773042,0.019889791264890322,0.03869605203420334,0.1581489200395647,0.0600301669486239,0.2300993896716893,-0.491231693684178,-0.03272157033922281,-0.8154505444716744,0.3522728348815882,1.398750496881385,0.267804886058865,-0.4292545936708794,-0.2722580998820632,0.42428897460524084,-1.0596818753805464,-0.5499470829462946,-0.6405188364523949,-0.9895532289762021,-0.8776574098520707,-0.5617108594950359
1977-09-01,-0.0027,0.015,-0.0026,0.0092,-0.006500000000000001,0.021,0.0043,-0.002703651574314823,0.014888612493750559,-0.0026033858701149278,0.009157937784765724,-0.006521216990265463,0.02078253918252841,-0.04395930261322378,-0.03681021308800003,0.09735253593661816,-0.08389783453127632,0.22562278656830648,0.044266230813568765,0.09585906155858703,0.06596542635918998,-0.012628741506170105,0.03315142265498854,0.024944879245061502,0.0371542997862624,0.18010982770498551,0.05947194270181415,0.26958208918153026,-0.6296736000906029,-0.6382503002701188,-0.8684479982638036,0.3522728348815848,1.5340698818737766,0.2719982622629864,-0.4349315346086509,-0.21766936190515165,0.5920646369357679,-1.1177225678745129,-0.552195764406841,-0.6446851742849105,-1.0452528556793625,-0.8852797139193437,-0.3045331283145564
1977-10-01,-0.043899999999999995,0.011899999999999999,0.016200000000000003,-9e-4,-0.0046,-0.0012,0.0049,-0.044892768890736685,0.011829751753577221,0.01607018017749446,-9.004052431641551e-4,-0.004610612557683294,-0.001200720576518877,-0.06326039068303257,-0.06326339612800003,0.10400424799458288,-0.11653625809653405,0.23847383436036473,0.0414040778618865,0.11550834253815112,0.06561642777826064,-0.011639490671089825,0.03313877504111611,0.024019003112049075,0.037317779033104966,0.18378396696970944,0.05851280566138233,0.3017342250433973,-0.7493043655241691,-0.970623574205278,-0.7495109823432763,-0.03622425776168162,1.635488905491165,0.4219857897101459,-0.4253647430473484,-0.22766768633043294,0.6201341119331185,-1.175676379437324,-0.561248178536563,-0.6449428163547964,-1.0393467621192554,-0.8983763040551841,-0.0951043542890997
1977-11-01,0.04,0.0368,0.0023,-6e-4,0.0068000000000000005,0.021400000000000002,0.005,0.03922071315328133,0.03613904661587314,0.0022973590486834584,-6.001800720324606e-4,0.006776984279023669,0.021174235231406567,-0.02928537894614769,-0.008340728800000141,0.11308769779817503,-0.11653625809653397,0.25468992716907013,0.04510155862697616,0.10122526516890429,0.06558031424877579,8.790080284863944e-4,0.030352414661297802,0.030261149528541198,0.0375845924066872,0.17595501251007684,0.05717266344364466,0.2839753061152178,-0.5387226281113623,-0.2805430373770366,-0.587092885394907,-0.03622425776168063,1.7634644858608999,0.31295974131794985,-0.30430154706878354,-0.16026017602002549,0.5603229219845073,-1.100808576376283,-0.5621849004673865,-0.7017032189845454,-1.029707466747519,-0.9166753506038868,-0.21078029678712745
1977-12-01,0.0027,0.013600000000000001,-0.0029,0.009300000000000001,-0.0066,0.0159,0.0049,0.002696361547742533,0.013508350024792299,-0.002904213147389827,0.009257021262676848,-0.0066218763088869695,0.01577491911536224,-0.07871694223313042,-0.0029712712000000696,0.09471319826794218,-0.0794375930983995,0.2343528197404341,0.0437155066285208,0.07407973383538513,0.06450020325930271,0.017513278407686572,0.030503389036550324,-6.235465856337941e-4,0.03037315266567912,0.18599493418940471,0.0567923428163088,0.3130697619735645,-0.8451061714230785,-0.21307802951505467,-0.9156411033747026,0.40536335335270873,1.6029663216653827,0.10575159308146119,-0.1434357768829609,-0.4937769397809095,0.637025330425856,-1.1288738117745263,-0.590201094564043,-0.6986277494981946,-1.2902386267331352,-0.9218684597910589,-0.021268276573939447
1978-01-01,-0.06,0.022799999999999997,0.0338,-0.018000000000000002,0.015600000000000001,-0.0058,0.0049,-0.06187540371808753,0.022543964434894436,0.033241333779801936,-0.01816397062767118,0.015479570848386375,-0.005816885321564851,-0.09762834812873045,-0.01976048000000008,0.10465679132973066,-0.09729178449226675,0.20524683916994402,0.0312708699406857,0.06440148469998253,0.05936817771497584,0.004623003615873866,0.03583106523433838,-0.004251225264759517,0.02799406684079939,0.13322072423940945,0.05259450722429386,0.30287518729867446,-0.9623216338121842,-0.42402747507701266,-0.7378430754397636,0.19284385362425782,1.373265197006115,0.03187526858152779,-0.2680943242686473,-0.532951411453016,0.23384399733949943,-1.3808568964487882,-0.7233168809602196,-0.5900986991076997,-1.3761890072288072,-0.9791880396724819,-0.08767248950230605
1978-02-01,-0.0139,0.0359,0.008100000000000001,0.003,0.0105,0.0196,0.0046,-0.013997509643853661,0.03527061408191933,0.008067371077758793,0.002995508979798371,0.010445257861538604,0.019410393519823387,-0.09256711614291391,-0.07056327820000019,0.1041620216844875,-0.1098394286878243,0.23578659872923335,0.03625109582640074,0.06821616398810626,0.05942918471784133,0.00975736308920827,0.03580775881222909,0.008119564041639382,0.02990733890749133,0.1515166936760035,0.05269838220559025,0.32835371487214726,-0.930951430520527,-1.0623435649505304,-0.7466898843004713,0.04348850011738041,1.6142815441655287,0.06099360197116323,-0.21844124828392672,-0.39936208943458495,0.37362047821041566,-1.280015649529639,-0.7217344657730834,-0.5905734696766339,-1.3070673049328314,-0.9777696729552561,0.0782865253703174
1978-03-01,0.0285,0.0344,0.0115,-0.005699999999999999,0.02,0.014499999999999999,0.0053,0.028101430110874778,0.03382154847551066,0.01143437762566317,-0.005716306996109192,0.01980262729617973,0.01439588028373234,-0.05393337957728006,-0.04664838100000013,0.10994538973328395,-0.10983942868782429,0.26576656869543425,0.03848708037217756,0.06885018288057099,0.059490298157344974,0.0072248656898070696,0.0362007690655717,0.029414311064642984,0.035361902944494664,0.16032348602930613,0.052463221988827316,0.3196999482727143,-0.6914942838462401,-0.761862799888437,-0.6432794342238873,0.04348850011738057,1.850880094824544,0.06583321549872552,-0.24293238227184594,-0.16940499074844184,0.44090209710312256,-1.2347407011914857,-0.7201492898053029,-0.5825675346299977,-1.1100076404534533,-0.9809806812318346,0.021918645568864983
1978-04-01,0.0787,0.0036,-0.0354,0.0287,-0.0127,0.0049,0.0054,0.07575661239924632,0.003593535510130218,-0.036041771347265536,0.02829586915484725,-0.012781334364733152,0.004888034072775866,0.018993573090352323,0.09402169299499996,0.1363583229593793,-0.10983942868782431,0.2719768983105417,0.03579933254563398,-0.002695989159800294,0.06444476043445353,0.0570620478831918,0.03837172549476617,0.0058796014589490575,0.03721798212186032,0.11911802582862996,0.04241743943373484,0.274672887470342,-0.23948312588395537,1.0055983395790082,-0.17099869924253078,0.043488500117380244,1.8998913175744576,-0.4802953402385056,0.23903024756821825,-0.4235509326326073,0.12610302403529502,-1.2891631005871254,-0.5916391846838365,-0.538343405581495,-1.0429521732414893,-1.118151378610585,-0.27137328944670625
1978-05-01,0.0176,0.0453,-0.0055000000000000005,0.002,0.0029,0.0277,0.0051,0.017446913603720703,0.044303925556524314,-0.005515180688110111,0.001998002662673058,0.002895803112025468,0.02732329564889041,0.05239811222647184,0.1289691459200002,0.13594660002661446,-0.10983942868782422,0.31318266844840426,0.04204299723096464,-0.016150343437576598,0.06396774335357115,0.05464121475550998,0.038461868224474755,0.006582171525823188,0.037259485405062555,0.12745573487313355,0.044997120472329726,0.32933301188598085,-0.03243725513532851,1.4446985917797803,-0.17836057789608176,0.043488500117381396,2.2250826204476093,-0.5829955527104304,0.21561899016417604,-0.4159640393002949,0.18980096760724674,-1.1627393305288716,-0.6040121752891269,-0.5365071256553723,-1.0414527641215041,-1.0829269801987937,0.0846653542573029
1978-06-01,-0.0169,0.0174,0.006,-0.0141,-0.0012,0.0278,0.0054,-0.017044434609258474,0.017250353406527672,0.005982071677547469,-0.0142003494011414,-0.001200720576518877,0.027420595575992218,-0.012020068630782532,0.07913424147199999,0.12923547491782897,-0.09453710577542909,0.30893704994553417,0.04235275538853577,-0.004072494966997797,0.0641194314693731,0.030394186530033673,0.042256073100519403,0.018306768884829516,0.034432873023196205,0.14055020108524285,0.04802217641673216,0.3209571185763167,-0.4317098897100478,0.8185436854843275,-0.29835993850468023,0.225632957868768,2.1915766767938085,-0.49080252891136006,-0.018867812159652334,-0.2893527962069726,0.28983930732763047,-1.1564672457741523,-0.6000776502857874,-0.4592161198027503,-1.143571152283256,-1.0416211853313677,0.030107452575522487
1978-07-01,0.0512,0.0029,-0.01,0.0147,-0.0073,0.04190000000000001,0.005600000000000001,0.04993236874820893,0.002895803112025468,-0.01005033585350145,0.014593002302900086,-0.007326775386460855,0.04104596943600102,0.05641796750617556,0.051623171071999874,0.1372743194802127,-0.0783154578332951,0.28585852423388824,0.04667031896194674,-0.008080251526486615,0.06463368959230137,0.03775779759009956,0.04374481346682285,0.009661535629215567,0.03555459693387605,0.1838406600027045,0.055780310399577454,0.29393877576037486,-0.007521646113506017,0.4728784956097448,-0.15462007493767088,0.4187201960070085,2.0094435478787966,-0.521394665976988,0.052343785194658404,-0.38271069122109863,0.6205672320620851,-1.0690438026640114,-0.586738692041534,-0.4288892808143013,-1.1030460918059193,-0.935687312788486,-0.14588142842610274
1978-08-01,0.0378,0.0506,-0.0066,0.015700000000000002,0.005,0.03,0.005600000000000001,0.03710308795150226,0.04936142953772409,-0.0066218763088869695,0.015578029963318462,0.004987541511038968,0.02955880224154443,0.11599202634151973,0.07249855241599978,0.1384955667201718,-0.0758201722985011,0.3303032649533455,0.05403466473072756,0.013445519010169882,0.05791617264725864,0.043201301476904375,0.044986941560321604,0.02155425682810952,0.034771074024340536,0.23956071953114266,0.04654439349733794,0.3168577459431756,0.36172646221488275,0.7351690045234954,-0.13278336565799137,0.44842172781181555,2.3601964422444164,-0.35708345771721145,0.10498651765591108,-0.25428391726475325,1.046254095050905,-0.9199281145186743,-0.7609793584305574,-0.4035861322282921,-1.13135280167632,-1.0617996545064698,0.0034054447051690803
1978-09-01,-0.0144,-0.0049,0.018799999999999997,-0.0069,0.015700000000000002,-0.032,0.0062,-0.014504686202881688,-0.004912044361020641,0.01862546412316482,-0.006923915072824198,0.015578029963318462,-0.03252319170556006,0.1028995700012052,0.07522589081599995,0.1400905780793204,-0.07306600000000016,0.30422145709859527,0.060795564467418586,0.0351897882169252,0.06027282743465521,0.026558870884575647,0.04565946903990833,0.0443811360446007,0.036017884248622165,0.1752152561274698,0.06835361131035002,0.2776625862140196,0.28057763953025106,0.7694368804069541,-0.10426350644530534,0.48120480412881017,2.1543617484819526,-0.1911043983379613,-0.05595816786192669,-0.007781673729627304,0.5546713742913963,-0.7830311995215375,-0.6998518459934081,-0.38988620640484145,-1.0863086876463783,-0.7640044752569032,-0.25189934391214386
1978-10-01,-0.11900000000000001,-0.0989,0.0126,0.0017000000000000001,0.011399999999999999,-0.0842,0.0068000000000000005,-0.12669765304595754,-0.1041390397411454,0.012521280553671691,0.001698556635581512,0.011335509663745679,-0.08795727875914203,0.01626871788626949,-0.09886414591999981,0.18917395232853312,-0.13168639999999995,0.1614131386417077,0.14054193281972518,0.03152251480855939,0.05952555863885032,0.02923032826051397,0.045541735551916665,0.0611684558926151,0.035570438150660376,0.0775551977988953,0.12236387406735638,0.1451444207554382,-0.25637214854325124,-1.4179322305972542,0.773379724897163,-0.21655729593251427,1.027334563096402,-0.21909754839600012,-0.030123187516995054,0.17350075065398,-0.1914262469428091,0.8316994184182531,-0.7192346944503596,-0.39228453227460824,-1.102473788530481,-0.02651833444525665,-1.115080472759294
1978-11-01,0.0271,0.030600000000000002,-0.0208,0.0109,-0.011899999999999999,0.0545,0.006999999999999999,0.02673929718962151,0.030141156911986808,-0.021019367224075457,0.010841023177874769,-0.011971371781219958,0.05306672093669223,0.0036630770586412176,-0.10815510144000007,0.1868451945948025,-0.13168639999999998,0.15446795976479932,0.13956456019417962,0.007749023745925676,0.0640442214135228,0.04107358298834596,0.04615230217925706,0.04145863256604465,0.039267328082588294,0.11247499126584581,0.13050019285017392,0.1508048827061581,-0.3345036225583699,-1.5346692334561898,0.7317399946685942,-0.2165572959325146,0.9725239926322995,-0.4005661297135583,0.08440989688458142,-0.03934111982696431,0.07535195579003191,0.811909256982532,-0.6020284678807,-0.37984679886038686,-0.9689144637777114,0.08457948351110993,-1.0782100262094896
1978-12-01,0.0087,0.011899999999999999,-0.021400000000000002,0.020099999999999996,-0.0147,0.0301,0.0078000000000000005,0.008662373078652587,0.011829751753577221,-0.02163230012711384,0.019900661706336174,-0.014809115653708226,0.029655884907510675,0.009668839961156417,-0.08725248663000018,0.1870236662030215,-0.1316864,0.15253169740134176,0.139554469595251,-0.010948556175144786,0.06780381959051386,0.05221357575191887,0.04878930483075282,0.03296677135828818,0.04228132942999694,0.12802489270887696,0.13202927899049394,0.16348025357648654,-0.2972790883537795,-1.2720365473367197,0.7349311851956536,-0.21655729593251494,0.9572432278614831,-0.5432891018428534,0.19214191487663318,-0.13104278520348256,0.19414918646583323,0.8117049392263753,-0.5045110522830659,-0.3261289333183945,-0.860026184122085,0.10545847537357593,-0.9956466968836997
1979-01-01,0.042199999999999994,0.0355,0.0219,-0.024,0.0158,-0.0143,0.0077,0.04133386349297721,0.03488440185350188,0.021663639636026355,-0.024292692569044587,0.015676479385007616,-0.014403230310743743,0.1194434734122527,0.07975647949399978,0.17752773085871898,-0.13168639999999984,0.1668425622400178,0.14112477899527315,-0.02233345865291203,0.06219756095647293,0.045784572234086385,0.05213018226608809,0.0331701913605249,0.042346648971797116,0.11838074506451401,0.1334260014080421,0.18917602089292984,0.38311899995326504,0.826361848169184,0.5651375736587188,-0.21655729593251297,1.0701829634024151,-0.6301927078650433,0.1299686677880997,-0.12884609916262219,0.12047038942803416,0.8435010789158021,-0.6499276174121466,-0.2580725721456742,-0.8576663535464849,0.12453009941171445,-0.8282726515062482
1979-02-01,-0.0356,0.0044,0.011699999999999999,-0.0111,0.0096,-0.009899999999999999,0.0073,-0.03624913267512103,0.004390348301292854,0.011632084229707696,-0.011162064706191918,0.009554212804811711,-0.009949330853668103,0.0948091327033529,0.013842029816000023,0.18206395482751236,-0.13168639999999998,0.1313608162118678,0.1391393973670593,-0.018842138794912255,0.06291762282330071,0.031083114139868417,0.05422821864841324,0.03225000019553326,0.042178343643102974,0.08602273017690787,0.13423244246878105,0.15020295500678005,0.23043201027174823,-0.0018258752508511756,0.6462482618084611,-0.2165572959325146,0.7901650149329562,-0.6035426521417234,-0.012205369621930836,-0.138783032919549,-0.12673648663462472,0.8033004206336706,-0.6312504692123218,-0.21533388311780247,-0.8637468012921823,0.13554169378873449,-1.0821307915569085
1979-03-01,0.0567,0.032,-0.0068000000000000005,0.0054,0.0029,0.0291,0.008100000000000001,0.05515084446484802,0.031498667059371016,-0.006823225348125537,0.005385472276337888,0.002895803112025468,0.02868463385990886,0.12482723434869514,0.06208671845599989,0.187328413241954,-0.1316864,0.12873584912088898,0.13872952993206283,-0.036593190559670696,0.061427494337137754,0.0425937473159248,0.05351357182442972,0.01494463254519629,0.03784114329479734,0.10165203708728998,0.13585627133654063,0.16532903968055968,0.4164882814885067,0.6043486289293136,0.7403802640351157,-0.21655729593251494,0.7694490699218911,-0.739040554917488,0.09911101690910408,-0.32565973693813577,-0.007332618697720995,0.7950012904004116,-0.669901801625544,-0.22989181387262497,-1.0204389291357312,0.15771435549953516,-0.9836042929552394
1979-04-01,-7.000000000000001e-4,0.0217,0.011200000000000002,0.011399999999999999,0.0024,0.0087,0.008,-7.002451143934259e-4,0.021467906615240975,0.011137744410456021,0.011335509663745679,0.0023971245997214514,0.008662373078652587,0.04203194148943257,0.018368122964000033,0.17301862657076028,-0.13168639999999995,0.14909268338662063,0.13896748893052582,0.009949166189156866,0.05107831853878693,0.02506009141180776,0.04725367750708176,0.03046743610179714,0.03461394326259323,0.10581790208971009,0.13581232942224128,0.13914351719746376,-0.09668818935218523,0.05504260804136797,0.484511803359161,-0.21655729593251427,0.9301029160967821,-0.38377193121667674,-0.07045248043045307,-0.15803253453489308,0.024493513928897113,0.7998195622361266,-0.9383413608309031,-0.35741089735008835,-1.137029540454938,0.15711434818347558,-1.1541684475237366
1979-05-01,-0.022000000000000002,0.0021,0.0132,-0.015600000000000001,-0.0031,-0.0055000000000000005,0.008199999999999999,-0.022245608947319737,0.00209779808214612,0.013113639145383204,-0.015722960465236198,-0.0031048149534787565,-0.005515180688110111,0.001481170181470759,0.03272918317999984,0.17406074084442913,-0.13168640000000006,0.10160315509588869,0.13446188592515235,0.02893966333117559,0.051945479380490225,0.007055043897987279,0.0504919822984809,0.024302509771544356,0.03505658553631145,0.07009429174682924,0.1347822825672295,0.10012198491441793,-0.3480273777413206,0.23548337367453176,0.5031454965915595,-0.2165572959325156,0.5553209007133516,-0.23881305387729193,-0.24457468534331617,-0.22460616280985254,-0.2484256421200046,0.7085886350430934,-0.9158487219345695,-0.291444023456466,-1.1210379896450915,0.14304951603526916,-1.408342282249456
1979-06-01,0.0384,0.0113,0.014199999999999999,-0.0158,-0.005600000000000001,0.0077,0.008100000000000001,0.037681066967688484,0.011236631925987768,0.014100124378781626,-0.015926150550259255,-0.005615738785635745,0.00767050630421974,0.05781512268989908,0.014844311359999862,0.17675455017247427,-0.13168640000000004,0.0949983003228545,0.13414778891859636,0.037326646670455155,0.05317971360439486,0.005318565984784751,0.05106950570114781,0.019790163913519843,0.035767274504142035,0.04916717045464103,0.132732888056981,0.08967973433806975,0.0011381114842932483,0.010767376671999954,0.5513125910395118,-0.21655729593251527,0.5031961297954708,-0.1747932612392119,-0.26136771867450975,-0.27333395284458917,-0.40830344357338433,0.7022286958512729,-0.8838348401070016,-0.27967940711289957,-1.095362586698162,0.11506594455805631,-1.4763597771265202
1979-07-01,0.0083,0.0128,0.0179,-0.0044,0.0052,-0.010700000000000001,0.0077,0.008265744417032593,0.012718772407774612,0.017741681476157126,-0.004409708488700073,0.005186526687300154,-0.010757656652960208,0.014645156210259858,0.023984308159999745,0.16989636940503153,-0.13168639999999987,0.10580743699968775,0.13413462879486684,0.06656039762207744,0.052970506588114294,-0.013604844491523327,0.04881077748170635,0.032631281118031596,0.03451465043216534,-0.0037997104033242746,0.12694267511529742,0.11941228149121108,-0.2664352043319791,0.12560764582143388,0.42868377788358336,-0.2165572959325133,0.588500620577055,0.0483547525634359,-0.44437117668131254,-0.13466566751354628,-0.8129567326320979,0.7019622253503462,-0.8892613050088707,-0.3256915181432154,-1.1406167404064997,0.036003159471236244,-1.2826914334218142
1979-08-01,0.0554,0.019799999999999998,-0.0158,0.015,-0.0146,-0.0029,0.0077,0.05391984198943033,0.01960652963891835,-0.015926150550259255,0.014888612493750559,-0.014707628872274288,-0.002904213147389827,0.03185247433446525,0.10502355708800004,0.17454076451206546,-0.11900000000000001,0.0733889437010109,0.12734611351028208,0.056682850150642894,0.0559989295564569,-0.01428464818243147,0.048557368366303144,0.012492402401700575,0.038468486292046314,-0.035620088585587184,0.12268747917905526,0.10900903228659808,-0.15978190940828205,1.1438321990903855,0.5117286376088455,-0.06555032385081612,0.3326575180768452,-0.027042862444626156,-0.4509453841349707,-0.3521408089367756,-1.056056203130906,0.5645061416833812,-0.8107092983032913,-0.3308536656976076,-0.9977746062470979,-0.022099650425009634,-1.3504548857835414
1979-09-01,-0.0083,-0.0026,-0.009399999999999999,0.0084,0.005,0.0528,0.0083,-0.008334636790057628,-0.0026033858701149278,-0.009444458827999689,0.008364916331627672,0.004987541511038968,0.05145328158891566,0.038238736604595536,0.055327293493999896,0.17398882519188302,-0.03559999999999998,0.0758698949325578,0.1271530287016875,0.02743426713705066,0.055357916482431845,9.015816864728077e-4,0.04899588617037882,0.0018261931807701526,0.03543916576607764,0.04886277968707997,0.12922502514737055,0.074968313246085,-0.12019898844175655,0.5194192576267448,0.5018595971062428,0.9271648255701139,0.35223690612498076,-0.250304092822686,-0.3040832430016309,-0.46732276079443075,-0.4106289104171463,0.5605964971598922,-0.8273360587708812,-0.32192070523063754,-1.107216329251571,0.06716763509520655,-1.5721852892076857
1979-10-01,-0.081,-0.0338,-0.0183,0.0096,0.0014000000000000002,0.0204,0.0087,-0.08446915662644996,-0.03438442686183081,-0.018469516283661322,0.009554212804811711,0.0013990209137074087,0.020194707285519253,0.0830208841539426,-0.03813767457999995,0.14175317327878142,-0.08862769999999982,0.15359615190748754,0.06524573058947272,-0.0039184080106235974,0.057712971686021325,0.008795284886355947,0.049901238959149184,-0.008079147863137015,0.03334988881528075,0.1686608215687886,0.08187037337675031,0.1767399694319256,0.15736684461961042,-0.654929303377295,-0.07453520341828086,0.29597296551078445,0.9656437830882054,-0.48962634736952854,-0.22774526027560102,-0.5742882713728411,0.5045971871931846,-0.692922776521591,-0.7662500367461526,-0.30347794054564625,-1.1826966448433418,-0.5794390948315752,-0.9092771304119419
1979-11-01,0.052199999999999996,0.0281,-0.0321,-3e-4,-0.0183,0.0803,0.009899999999999999,0.05088321031456982,0.0277124385665358,-0.032626502827094166,-3.0004500900199243e-4,-0.018469516283661322,0.07723878034080223,0.10948746403152398,-0.04105406593999994,0.14742912887084075,-0.08862770000000007,0.15079779136045812,0.06454673426441684,-0.01541322213386731,0.06316276917092105,-0.0023813964775052376,0.04866697086511977,-0.014503895817469359,0.03625719505409096,0.19725394551044384,0.09695745838320019,0.21266716764431115,0.3214103015331277,-0.6915725512969756,0.0269546408104134,0.29597296551078145,0.9435594364262521,-0.5773689345208401,-0.3358320843281454,-0.6436676538924843,0.7230412688539659,-0.7070762833359545,-0.6248918007755083,-0.32862097461890943,-1.077662990811205,-0.37343165236527065,-0.6752588024192037
1979-12-01,0.0178,0.041299999999999996,-0.0213,-0.0067,-0.0101,0.0472,0.0095,0.01764343517259528,0.04046993255371312,-0.021530118550363214,-0.006722545760826811,-0.010151351056375355,0.046119935613553036,0.11949671943222473,-0.01581610195999994,0.14770270705727714,-0.08862770000000006,0.18423336312248706,0.07067078665071334,-0.015312610364209944,0.06312694903255302,-0.02859076671023031,0.043700783001594884,-0.009902980279825946,0.034614385449613295,0.2171287561775903,0.10098606121288026,0.24571952288782062,0.3834490260172106,-0.37446800086136106,0.03184639992929055,0.2959729655107816,1.2074292077525781,-0.5766009415047758,-0.5892961938117028,-0.5939834201613411,0.8748796889309636,-0.583074462333479,-0.625820912652777,-0.429786216814546,-1.1370135653512965,-0.31842287066223735,-0.4599662860202603
1980-01-01,0.055,0.016200000000000003,0.018500000000000003,-0.0184,0.0189,0.0745,0.008,0.05354076692802976,0.01607018017749446,0.01833095668472342,-0.018571385585435342,0.01872361399810251,0.0718554371004281,0.13324605546056167,0.12983026380000018,0.15104775635100973,-0.08862770000000002,0.1621612202849554,0.06704322969596,-0.018588798958751207,0.06188089475554979,-0.02301710717496097,0.040858589636818786,-0.006881420168453389,0.03629292477911865,0.3267777706328716,0.1088408998210641,0.3497948778078326,0.46866927822911364,1.4555181808094604,0.09165809617179968,0.2959729655107821,1.033238339276517,-0.6016088503059625,-0.5353947593961726,-0.5613542841605037,1.7125698383727834,-0.6565264251524384,-0.6581413860297971,-0.48768398226684245,-1.0763721658106857,-0.21116853942689517,0.21794743270762193
1980-02-01,-0.0123,-0.018600000000000002,0.0059,-0.0095,0.0292,0.0789,0.0089,-0.012376271068055405,-0.01877515532633398,0.005882663158155512,-0.009545412843531385,0.028781801425451947,0.07594200357515733,0.16062539296805944,0.06057151829999996,0.1447560644069876,-0.08862770000000002,0.13554860771371469,0.0737733411156159,-0.024215155552641976,0.06080107912487256,-0.021436388569925136,0.040490878908531334,0.012398615652364775,0.04595461237102688,0.4457736963294665,0.11376958674389044,0.4699888518821085,0.6383701309084701,0.5853107673700735,-0.020841521729908143,0.2959729655107821,0.8232145943993854,-0.6445561375339971,-0.5201080344572712,-0.35315359057485596,2.6216679755056247,-0.5202529220951636,-0.6861499190347388,-0.4951745456340386,-0.7273197205098509,-0.14386950934557033,1.0008527035663963
1980-03-01,-0.129,-0.067,-0.0096,0.0182,-0.0105,-0.0958,0.0121,-0.13811330212963427,-0.06935007813479317,-0.00964637705180545,0.018036362486098575,-0.010555513939516587,-0.10070470412163227,-0.04333801715228558,-0.09239753149999996,0.20070950456031222,-0.13971329999999996,0.02661516569466671,0.10494295358070437,-0.02696605926232054,0.0611079958620659,-0.008978049375271246,0.04469954268147228,-0.0011282977485140844,0.04730659705869753,0.27030276573812406,0.17395349977927135,0.31364078289040964,-0.6258227884173976,-1.3366819023172265,0.9796430368816854,-0.31210196299350784,-0.03647587657378142,-0.6655544247532101,-0.3996266256489708,-0.4992276320501824,1.281115387778495,0.11087961267236268,-0.6781890344918308,-0.40944067860965055,-0.6784759179389669,0.6779150830215368,-0.0175488281655492
1980-04-01,0.0395,0.0105,0.0103,-0.0218,0.0034000000000000002,-0.0048,0.0126,0.03873982831593065,0.010445257861538604,0.010247316451549499,-0.02204113087688028,0.003394233068015617,-0.004811556997222082,-0.004853266116082167,-0.1057319753499999,0.2051762086637601,-0.13971329999999993,0.015361285048899775,0.10329992323790901,-0.02783209026179001,0.06090087442865878,-0.041509123886583454,0.04724244181162341,-1.3181759862235243e-4,0.04737433888702266,0.25330158864140095,0.17542189771906516,0.2948107125279844,-0.38728907429053117,-1.5042236590815206,1.0595106638075897,-0.3121019629935075,-0.1252902367309079,-0.6721650406041471,-0.7142263187487197,-0.488466871008039,1.1512307859552011,0.0776109954859974,-0.6835614030136458,-0.3576397775059577,-0.6760285762503536,0.6979654044700068,-0.14020190999371254
1980-05-01,0.0526,0.020499999999999997,0.0038,0.0043,-0.0063,-0.0118,0.008100000000000001,0.05126329393754151,0.020292703267762394,0.0037927982386962624,0.004290781417156246,-0.0063199287448193475,-0.011870172570487445,0.0710546544848798,-0.04697122329999992,0.20975709667697906,-0.1397132999999999,0.03400478135156404,0.10504654088988913,-0.03685141354597821,0.05900232890396683,-0.022132886143128694,0.04582689559556982,-0.0033413453182373765,0.04771129339000451,0.24536212156403492,0.17649526410989186,0.2822135351100131,0.08319852781351994,-0.7659191794951343,1.1414199746452396,-0.3121019629935072,0.021842138965265927,-0.7410116309729714,-0.5268436841726952,-0.5231258261840804,1.090575308151161,0.11297708247853216,-0.7328063606518017,-0.3864755927673915,-0.6638552584834403,0.7126217456325948,-0.22225591207187173
1980-06-01,0.0298,0.0166,-0.008,-0.002,-0.008100000000000001,0.0158,0.0060999999999999995,0.02936460862990398,0.01646372603066503,-0.008032171697264267,-0.0020020026706730793,-0.008132983230188991,0.015676479385007616,0.06218420954211212,0.1267841954600002,0.20853602879003683,-0.13971329999999996,0.03942377209730008,0.10563364543181876,-0.05793394028555543,0.05602806379973949,-0.008421682961636034,0.043206629792128554,-0.005847023754183334,0.04808341498569703,0.2553724750270383,0.17615122799667118,0.31330641531259373,0.02821830522702636,1.4172455954171796,1.1195864723162572,-0.31210196299350784,0.06460820437231,-0.9019394563369896,-0.39424614850181167,-0.5501840740584566,1.1670518230568987,0.1248649677750401,-0.8099536068765588,-0.43985251524932367,-0.6504114422049563,0.7079240853642037,-0.019726792086723698
1980-07-01,0.06509999999999999,0.040999999999999995,-0.0629,0.0406,-0.024399999999999998,0.0029,0.0053,0.06306869146698292,0.04018178963283176,-0.06496527885235907,0.03979746987406606,-0.02470261264037181,0.002895803112025468,0.12201963858306386,0.15453376294799992,0.21651295961929415,-0.1397133000000001,0.06836507380854018,0.11172158233918768,-0.13271430930503403,0.07668524891718084,0.03639654149268967,0.05885354283922429,-0.03512172341283426,0.05324734684254752,0.27263019832671254,0.17415688207046517,0.40534450763174656,0.3990864215904685,1.7659074022902752,1.262219277339784,-0.3121019629935095,0.29300970199837356,-1.4727553891175786,0.03917942598093505,-0.8663148546279296,1.2988963716079993,0.2481355107166979,-0.27414227509561573,-0.12111230816823625,-0.4638515866047666,0.6806921778436222,0.5797800313745117
1980-08-01,0.0175,0.039,-0.0246,0.020499999999999997,-0.0073,0.030600000000000002,0.0064,0.017348638334613073,0.03825871211709027,-0.02490763570618478,0.020292703267762394,-0.007326775386460855,0.030141156911986808,0.08172729037167681,0.11603467965000003,0.2113728812738732,-0.13971329999999998,0.0884794191871674,0.11577241184978274,-0.14046894665325138,0.07772300484330762,0.042012483343142115,0.06027740113259552,-0.027973751605358754,0.051970087534233406,0.3153873055816965,0.17252455417807347,0.45585625223494786,0.14934897465430896,1.28218238742497,1.1703112731034806,-0.3121019629935082,0.45174985315273897,-1.531948337873219,0.09348976184162129,-0.7891255432657527,1.6255496273993217,0.3301580350517851,-0.2472246974256517,-0.09210716920457925,-0.5099957493723231,0.6584034657276457,0.9087974500487663
1980-09-01,0.0219,0.0096,-0.0461,0.019,-0.0286,0.054299999999999994,0.0075,0.021663639636026355,0.009554212804811711,-0.047196434830974694,0.018821754240587667,-0.029016949070492563,0.05287703960076694,0.114668869648902,0.10747313957500015,0.21119754593263812,-0.13971330000000012,0.10179348467151006,0.11530218729514213,-0.17231307108069516,0.08488230875799058,0.052965807741632176,0.06209115731024426,-0.06047134558153777,0.05754776273637227,0.3172614326318226,0.1727877871771309,0.48957450371251776,0.3535253573158275,1.1746101871210637,1.1671761611067224,-0.31210196299350984,0.5568229603148233,-1.7750219389662778,0.19941655786518023,-1.1400596218424863,1.6398674739982384,0.3206367740668224,-0.06152484803465506,-0.05515949665611655,-0.3084883884811523,0.6619977953735231,1.1284274024590089
1980-10-01,0.0104,0.0239,-0.029300000000000003,0.0177,-0.0143,0.0713,0.0095,0.010346292054144267,0.023618865598634027,-0.029737818263956432,0.017545179215748864,-0.014403230310743743,0.06887286428637532,0.22552929912214492,0.0505969958000001,0.18506429406103223,-0.13971329999999987,0.1675909221229135,0.10623186653314254,-0.18158734653970743,0.08601508505174901,0.06141373072371126,0.06333054604736346,-0.07520132348684028,0.05774083193911704,0.38296959307964684,0.17869297766329417,0.5645569396193543,1.0406533568467533,0.45998502890405085,0.6998963139301464,-0.31210196299350684,1.0760889354185341,-1.8458146385265228,0.2811142582152936,-1.2991252815169247,2.1418608482071186,0.13697794481165806,-0.03214260785440307,-0.029912150963435895,-0.3015132843195579,0.742630547744891,1.616839111493734
1980-11-01,0.096,-0.0327,-0.08109999999999999,0.0426,-0.0552,0.1515,0.0096,0.09166718852582387,-0.03324659379363568,-0.08457797647529774,0.04171759335186847,-0.056782014098984535,0.14106544027860282,0.2765444894866662,0.13165042496000012,0.19731146386073542,-0.1397133,0.09854167782267731,0.11416092374249202,-0.22301953996832025,0.10910044010411626,0.10696204426582123,0.0727557682109289,-0.10996252463111633,0.07616525111050498,0.47411782507749045,0.20736074497447735,0.6971373650458107,1.3568524358817433,1.4783877509070933,0.9188838192152747,-0.3121019629935085,0.5311600664452072,-2.1620761982005474,0.7216003373509849,-1.6745035357571894,2.8382097981994696,0.2975280953936879,0.5666512144849749,0.16208720732262033,0.36411458905596383,1.1340761730907545,2.4804257819446813
1980-12-01,-0.0446,-0.0028000000000000004,0.027999999999999997,-0.0127,0.0127,-0.06709999999999999,0.0131,-0.045625178026275554,-0.0028039273327342593,0.02761516703297339,-0.012781334364733152,0.012620031356102198,-0.06945726501522163,0.1982811998973879,0.05800843136000022,0.2081053824748424,-0.1397132999999999,0.05201744081895088,0.10873732973579904,-0.1838807469985012,0.11943350180095211,0.10027547196581654,0.0743701614912612,-0.08946262116772552,0.07935764962662921,0.31322051090029723,0.229959294204173,0.49710125789879844,0.8717659368693087,0.5531066429613021,1.111886231055052,-0.3121019629935072,0.16399602131747618,-1.8633206971257363,0.6569362085119801,-1.4531297707298343,1.6089958756899405,0.187709385365514,0.8346728020187772,0.19497369726057942,0.4794479092267762,1.4426493221296983,1.177454282302885
1981-01-01,-0.0506,0.0291,0.0674,-0.0338,0.042699999999999995,-0.0782,0.0104,-0.05192507286491937,0.02868463385990886,0.06522578491770732,-0.03438442686183081,0.04181350281341035,-0.0814269986957292,0.07833949875126067,-0.005865791039999957,0.2134933581582092,-0.12899999999999995,0.06537212000273795,0.11094556053111922,-0.14469740731094793,0.1416740715921473,0.08301361146431496,0.08183186417506108,-0.06819381204395669,0.09037416494006009,0.1265953159124189,0.2448260866113284,0.27129272322336684,0.1283509820430137,-0.24944647085673738,1.2082268038350605,-0.18458091730656234,0.2693896472271204,-1.5642251606035318,0.4900011749269482,-1.2234527694802841,0.18322758898305874,0.23242236666302393,1.4115543689717551,0.3469745840459335,0.8774468687530248,1.6456487670301705,-0.29339060292441765
1981-02-01,0.0060999999999999995,-0.004699999999999999,0.0097,0.0026,0.0206,-0.013500000000000002,0.010700000000000001,0.006081470315867954,-0.004711079730119223,0.009653257028138346,0.002596625847265914,0.02039068964773398,-0.013591953519466972,0.09842803451821736,-0.08741019376399994,0.2125290053299665,-0.09294323999999989,0.0804614540847004,0.10848349510069266,-0.14146632086873834,0.1422719527424623,0.09624376259881084,0.08009341149090304,-0.07597998889629032,0.0871963810638775,0.030110556258782895,0.23465199784725765,0.2398943553869557,0.2528624552588554,-1.2740180720693453,1.1909835367353716,0.24460483678258227,0.38847297446950624,-1.5395615270110823,0.6179465794086956,-1.3075339110353201,-0.5538910539398595,0.18256965843288323,1.4270623626105652,0.31156090424331867,0.7626415387247515,1.5067261053751626,-0.4979095720725553
1981-03-01,0.036699999999999997,0.0334,0.0060999999999999995,-0.0227,-0.005600000000000001,0.008199999999999999,0.0121,0.03604259134692931,0.03285433687094728,0.006081470315867954,-0.02296161163734704,-0.005615738785635745,0.008166562666393401,0.30739419447191274,-0.009753137821999935,0.14158516523716538,-0.09294323999999994,0.19672976061214298,0.07288251241145613,-0.12785668964664565,0.14350550394690262,0.05220882850895503,0.08466046732345592,-0.0714042455366054,0.08709086443757787,0.14859263749182183,0.20592754532861876,0.4352508841185584,1.5480630975520366,-0.2982893709682636,-0.07753929844619732,0.2446048367825816,1.3060493710764514,-1.4356760495428564,0.19209600550530345,-1.258121505891983,0.35128144421114155,-0.5382907138299743,1.4590585281052095,0.4045955058568931,0.7588294886993885,1.114506468707123,0.7745806440020874
1981-04-01,-0.0216,0.045,0.022799999999999997,0.008100000000000001,0.0154,-0.0108,0.0108,-0.021836694609174406,0.04401688541677426,0.022543964434894436,0.008067371077758793,0.015282623531156982,-0.010858743334875945,0.23054784018404928,0.020494554407999965,0.14679194120454542,-0.09294324000000001,0.23758792661028139,0.07815228247588507,-0.11706604193862113,0.14603361789580194,0.08437100799414998,0.07967064743881737,-0.060298854811510094,0.08929906384316647,0.1416678426516378,0.20653940464107912,0.3546539685489025,1.0717589559934935,0.08176033723759425,0.015561303433491427,0.2446048367825808,1.6284974211793524,-1.3533085282598531,0.5031282092507688,-1.138196933500481,0.29837780022176946,-0.43158668142885703,1.5246333919674697,0.3029488603786511,0.8386061731450836,1.1228611357654223,0.24959800239769514
1981-05-01,0.0013,0.0194,-0.0043,0.004699999999999999,-0.0178,0.0356,0.0115,0.0012991557316201288,0.01921421892380437,-0.004309271588098403,0.0046889894861314695,-0.01796032537699287,0.034980968895245594,0.17057529201623467,0.01562587946400007,0.14262041676569784,-0.09294323999999994,0.2362539268853714,0.07812164533557439,-0.12419073317223062,0.14539947144200926,0.08480289926488349,0.07965823255098824,-0.07117393096091906,0.09021475495381667,0.19642908100590595,0.2061833525882148,0.360444660057602,0.7000409566575029,0.02058745575802302,-0.059028315640893815,0.2446048367825816,1.6179696454060923,-1.4076929519476682,0.5073049191586441,-1.2556343915086683,0.716739517091688,-0.43220703229282637,1.5081847396453327,0.3026959591255007,0.871687787332276,1.117999403179963,0.28731672281604476
1981-06-01,-0.023399999999999997,-0.0083,0.051399999999999994,-0.0129,0.0269,-0.0567,0.013500000000000002,-0.023678127354577146,-0.008334636790057628,0.05012260940321052,-0.012983927558294786,0.02654455522211221,-0.05837091332632951,0.11010276770543292,-0.04325240292799981,0.14585837850952557,-0.09483846134611171,0.2059738533269948,0.08236153690833559,-0.0717481218319388,0.15781625349703207,0.07295485156750114,0.0817100661780783,-0.03839954602658313,0.09587186239896395,0.11103716490733517,0.21880683988491395,0.2777219751589336,0.3252240372778474,-0.7191937438320829,-0.001131415696981616,0.22204590462681328,1.3790027109549523,-1.0073863139600814,0.3927254831756264,-0.9017113107328683,0.06436733378393641,-0.34635631732312866,1.8302543968377911,0.344493460858024,1.0760648351589917,1.290367513513213,-0.25151250323762586
1981-07-01,-0.0155,-0.0207,-0.0060999999999999995,0.0108,-0.026600000000000002,-0.024399999999999998,0.0124,-0.01562138090295678,-0.020917248255388307,-0.006118681008177177,0.010742096531902029,-0.02696018158278308,-0.02470261264037181,0.026097244208054704,-0.037287398489999846,0.13465929456205786,-0.10886846519524676,0.13449586413364667,0.08509149122777654,-0.015484428864330546,0.14430670274227175,0.042228295180117614,0.0732792085501133,-0.04056797673460022,0.09644746538953783,0.08079355676896616,0.22134156785200268,0.1750638408682469,-0.19545360743787582,-0.6442459369425342,-0.2013784519709554,0.05504593619191734,0.8149064604839583,-0.5779124720401461,0.09557682286557166,-0.9251276975901006,-0.16668602083989909,-0.29107930701836054,1.4798402266341908,0.17275010815194392,1.096859921883857,1.32497809770655,-0.9201948981057706
1981-08-01,-0.0702,-0.0195,0.0471,-0.0031,0.0138,-0.011000000000000001,0.0128,-0.07278576972565273,-0.019692633345736045,0.04602443831127925,-0.0031048149534787565,0.013705647056111967,-0.011060947359424948,-0.06234376642294959,-0.10603198153999993,0.1525378837773289,-0.1714258989385408,0.07061905176423533,0.08420874715117739,0.05688564131244567,0.14900441827085087,0.018125808393002707,0.07111480189593349,-0.02017509299238207,0.09780914144417481,0.03716750208083397,0.22036830233968804,0.13296281818718492,-0.743623003859371,-1.50799311243692,0.11830256121828697,-0.6895789101613685,0.31079784248470715,-0.025494910385791603,-0.13751215621288929,-0.7049096140346354,-0.49997781058200225,-0.3089533985630999,1.6016907691638578,0.12865940328993863,1.1460538491411094,1.3116885895645278,-1.1944275526078951
1981-09-01,-0.0719,-0.0268,0.051100000000000007,8e-4,0.0253,0.0213,0.0124,-0.07461579338078989,-0.02716566807276955,0.049837234847171584,7.996801705642441e-4,0.0249852526939086,0.02107632560191631,-0.14841104767309832,-0.15042830438999988,0.16388998509656846,-0.2310003768048594,0.032019078027885506,0.0901642402525851,0.1645796179720218,0.14370039539437524,-5.857797868791259e-5,0.068562991542922,0.0341923792000316,0.09625029204567973,0.004703755928251896,0.21474563965232799,0.3129906656451201,-1.277079703165718,-2.0658144965034024,0.32128564941753207,-1.3986974556857852,0.0061711916977805065,0.7965582373564254,-0.31336870130646743,-0.11780772666487456,-0.7479924461999874,-0.18836462123736628,1.4641136721352086,0.07667697340729072,1.089736545437753,1.2349136287567524,-0.021783484868877906
1981-10-01,0.0492,0.0213,-0.0409,0.031200000000000002,-0.0279,0.0383,0.0121,0.04802796901058147,0.02107632560191631,-0.04175993424823165,0.03072317264284048,-0.02829659915511379,0.03758476032727121,-0.11570949249664986,-0.09459560890399998,0.17387095354796203,-0.23100037680485955,0.029398461167965628,0.08955223129266157,0.15066272957346838,0.1480114686877453,0.013205850828708954,0.07334263710935716,0.019923315228112415,0.09989331885142264,-0.026244833585079785,0.20596050111086675,0.26637222207011824,-1.0743910224821691,-1.3642998332870333,0.499751974066123,-1.398697455685787,-0.014510421779105666,0.690327394465634,-0.18509180622575228,-0.271896082276938,-0.9844316764404889,-0.200756779356419,1.5759353898374697,0.17404219893351802,1.2213499310647151,1.1149564652712363,-0.32544118048302656
1981-11-01,0.034,-0.0109,0.0191,0.0014000000000000002,0.01,-0.0021,0.010700000000000001,0.03343477608623742,-0.010959840236342012,0.018919884852510768,0.0013990209137074087,0.009950330853168092,-0.0021022080918701985,-0.16573322558534287,0.006870445679999948,0.14378319262289938,-0.19510192255061695,0.052597971612978967,0.08235444962058903,0.27613493057821525,0.10430483850537675,-0.026832592538011735,0.058575582374356755,0.09030752368796979,0.07697523049173675,-0.15613523181463396,0.13476051748357823,0.4418681561635581,-1.3844449146565518,-0.08942093858568546,-0.03823711340080467,-0.9713960242831389,0.1685775050426041,1.6480858596037555,-0.5722933415141703,0.48816687377815415,-1.9767607698164114,-0.3464998230495832,0.44226167812254397,-0.12677458646335835,0.3933771046333659,0.1427523234883892,0.8176834468059552
1981-12-01,-0.0363,0.0118,0.0079,0.0021,0.0245,0.0128,0.0087,-0.03697523612489531,0.011730922875698699,0.007868958378695197,0.00209779808214612,0.02420468869681736,0.012718772407774612,-0.15848556572806682,0.04549191735999991,0.1420293692030886,-0.18717432168474774,0.06800905302648652,0.08227472005539585,0.25118326510679223,0.10466662517530446,-0.012244445439422269,0.05754251987287633,0.10301180805601362,0.07871632038014914,-0.08386082407745887,0.12246032310165313,0.40966883083485905,-1.3395229344452748,0.39584183554116026,-0.06959663741298125,-0.8770333207086682,0.29020002603360945,1.4576239992619107,-0.431215105733353,0.6253575326295225,-1.4246029622980867,-0.3481142134316468,0.45164579296357765,-0.14781890074173903,0.4562782983697358,-0.02520136573491115,0.6079472956212327
1982-01-01,-0.0323,-0.0125,0.0319,-0.0143,0.0195,0.0177,0.008,-0.03283315709524021,-0.012578782206860073,0.03140176313953164,-0.014403230310743743,0.019312311032372884,0.017545179215748864,-0.14226509580266522,-0.03572004533999995,0.13774204962336023,-0.18717432168474765,0.024836206261447336,0.0798935197778158,0.2095709305449689,0.09307929444510199,0.0076905921448577885,0.047498916577596674,0.0784698746649144,0.07106970728592775,0.0114502487918966,0.09372756564280699,0.3518360263476341,-1.238986258696758,-0.6245527946431624,-0.14625675027820434,-0.8770333207086672,-0.050515224313469116,1.1399873804602836,-0.2384284609588121,0.360334811642545,-0.6964509832581607,-0.39632953752852185,0.15109065560878152,-0.352415180183065,0.18002542086594098,-0.41753440267153785,0.2312428242838151
1982-02-01,-0.058600000000000006,0.0046,0.060899999999999996,-0.0355,0.045700000000000005,0.0487,0.0092,-0.06038715001509513,0.004589452333807224,0.05911760448308876,-0.03614544663635326,0.044686517622406094,0.04755130185822235,-0.1974240743351845,-0.12207625791400001,0.14371639536319494,-0.22583589691828346,0.03441219010373753,0.07957632644260813,0.27090601189972974,0.10218179726336102,-0.03060285644951566,0.05992973085717114,0.10499309027738679,0.07992731514499216,0.07522339169595704,0.10287648840381179,0.46833008623491423,-1.5808690996284451,-1.7095827910129666,-0.039431492633050715,-1.3372243451068448,0.025057363009810235,1.6081723083331527,-0.6087545985517063,0.6467529458181949,-0.20924064329232064,-0.4027521721982727,0.38719369335874104,-0.09918949242393618,0.5000284900307641,-0.2926099273000123,0.9900480323812558
1982-03-01,-0.0182,-0.0019,0.037599999999999995,-0.0128,0.023700000000000002,0.028999999999999998,0.0098,-0.01836765735818493,-0.0019018072895963312,0.03691035402009715,-0.012882625831013718,0.02342351494358811,0.028587456851912472,-0.2399256835943706,-0.10558728859599997,0.13099785431257158,-0.22415422868746787,-9.223853855814257e-4,0.07254507371123317,0.31069682730062587,0.1022587435002838,-0.02078291198911497,0.05696646406418321,0.13755171612727368,0.07967881206731897,0.09740613970952183,0.10533353324312444,0.5506225108949965,-1.844299846612501,-1.502405730023634,-0.2668474279955215,-1.3172073483558793,-0.25379913212175714,1.911904848129078,-0.51378842974519,0.9983460936287673,-0.03977017800061647,-0.5451232832896976,0.3891895444607538,-0.15955362101534523,0.49105069954628866,-0.2590600717013039,1.5260746802589034
1982-04-01,0.032400000000000005,0.016399999999999998,-0.0308,0.015,-5e-4,-0.0046,0.0113,0.03188618886232173,0.01626697246387194,-0.03128429003976644,0.014888612493750559,-5.001250416822429e-4,-0.004610612557683294,-0.19797554757034774,-0.04578724475200002,0.14200956849841037,-0.2241542286874678,-0.028265562206607475,0.057992891172808106,0.24200954734040536,0.11556227083604559,-0.014080602786382013,0.058632915769209926,0.11973896028088427,0.08025819477491443,0.10428434236439332,0.10430997179264072,0.4399850949107531,-1.5842872056440278,-0.7510429800724533,-0.06995068712334583,-1.3172073483558784,-0.46958840788025297,1.3875988799351795,-0.44897211334881043,0.8059902206233042,0.012777513727158098,-0.8397806474825597,0.7342598267200833,-0.1256066590841266,0.5119823379301034,-0.27303634853218994,0.8054177854737162
1982-05-01,-0.0393,0.0017000000000000001,0.0178,0.0096,-0.0012,0.025099999999999997,0.0106,-0.04009309356644423,0.001698556635581512,0.01764343517259528,0.009554212804811711,-0.001200720576518877,0.02479016880721869,-0.23049546444705193,-0.02622456557600006,0.141782866901988,-0.21205761258145808,-0.04513793767153118,0.053332639158444994,0.2695764962167968,0.11298274349249901,-0.009272197246074532,0.059361662827221696,0.13866348353547875,0.07563658228867133,0.09308794839488166,0.10193350531978324,0.5000719606638487,-1.7858500674746776,-0.5052460294809727,-0.07400426177419259,-1.17322060896541,-0.602743297150529,1.5980238061974905,-0.40247125440073483,1.0103518153839248,-0.0727600443085764,-0.9341429585242768,0.6673513891254529,-0.11076149521817676,0.3450151156710144,-0.3054859423384814,1.196804494082016
1982-06-01,-0.0308,-0.0043,0.015600000000000001,9e-4,0.0253,0.0489,0.0096,-0.03128429003976644,-0.004309271588098403,0.015479570848386375,8.995952428359939e-4,0.0249852526939086,0.0477419959854211,-0.23632623811394926,-0.03872158174400009,0.14209446942540113,-0.22430293358450917,-0.04128652267776878,0.053114768440012915,0.22634762179739254,0.10807467622229416,0.004578520693348187,0.05785130648032789,0.13688934625467586,0.0752982839956273,0.21545632256057612,0.08011978947089382,0.4626738599113418,-1.8219899946289355,-0.6622658547283917,-0.06843260233296822,-1.3189773915703396,-0.5723483632483968,1.2680477630418365,-0.26852450722402105,0.9911933129925302,0.8621027280660805,-0.9385544762782968,0.5400446895161961,-0.14152866912181927,0.3327932501527156,-0.6033425402694443,0.9532051753578374
1982-07-01,-0.032,0.0091,7.000000000000001e-4,0.01,0.0144,0.044000000000000004,0.0105,-0.03252319170556006,0.009058844488346146,6.997551142732649e-4,0.009950330853168092,0.014297304700824394,0.04305948946044701,-0.24912523970980482,-0.09868509408000004,0.142211227408481,-0.19794459265978778,-0.012112968481707842,0.05080850025697204,0.23473796672970226,0.10668950094966677,0.0037834446975482106,0.0577018310892309,0.1847755833580682,0.06310912173880348,0.3006728175002473,0.07039025352835833,0.5497980572100521,-1.9013199449488194,-1.4156825184860555,-0.06634489228608031,-1.0052324952924905,-0.34211395513718207,1.3320932155006195,-0.27621348362665016,1.5083058262051732,1.5131347390289747,-0.9852525507521641,0.5041156603015687,-0.1445736030949535,-0.10757049080246871,-0.7361950306642979,1.520704451505813
1982-08-01,0.11230000000000001,-0.042800000000000005,0.0109,-0.018500000000000003,0.0017000000000000001,-0.036000000000000004,0.0076,0.10642994361584661,-0.04374292294791874,0.010841023177874769,-0.018673265265621256,0.001698556635581512,-0.03666398437159147,-0.10174446561541839,0.043543842879999906,0.1822578973512875,-0.1979445926597878,-0.03558850936327451,0.06434258305735005,0.1920510080861959,0.10215855902541661,-0.011722889988320384,0.06072915410549959,0.1706349396821627,0.06432755165109193,0.2677943337413937,0.08632450796092092,0.3695387993568121,-0.987833889067742,0.37136508762738124,0.6497160825494822,-1.005232495292491,-0.5273802831147276,1.0062537413825845,-0.42617127649266506,1.3556042519740683,1.2619516152207155,-0.7112100039247565,0.38659093402098776,-0.08290459770056831,-0.063551685985373,-0.5186198660876907,0.34655305014536397
1982-09-01,0.0131,0.0287,0.0023,0.0216,-2e-4,0.0414,0.0051,0.013014937077494763,0.02829586915484725,0.0022973590486834584,0.021370025736192545,-2.000200026670447e-4,0.04056596174666175,-0.019477769760780306,0.0908112538400001,0.16834659789889317,-0.19794459265978773,0.019410296360459656,0.06552959201369395,0.13670699781637796,0.09510833409411082,0.008816842114240497,0.06473919127271226,0.14152034789254442,0.06419366517163844,0.292745539173884,0.08880978733533014,0.3122233089346643,-0.47793373425858177,0.9652605030659726,0.4009728371975613,-1.0052324952924898,-0.09333589491545395,0.5838000511934411,-0.22753678584374043,1.041202439633229,1.4525723801343906,-0.6871750573161589,0.20372040309813447,-0.0012169144346690555,-0.0683886673720513,-0.484684480457039,-0.026781802112914144
1982-10-01,0.113,0.023799999999999998,-0.0362,0.002,-0.003,1e-4,0.0059,0.10705907229340778,0.023521195041345866,-0.036871474775904696,0.001998002662673058,-0.0030045090202987243,9.999500033329732e-5,0.040146056286934684,0.2542075676900002,0.19550481625681948,-0.19794459265978764,0.021905670629431606,0.06636253311773617,0.1422773480298456,0.09225076624664573,-0.019749344648497646,0.05600560938417076,0.17075999058622227,0.0508956013485282,0.24518425669633137,0.08926589545408435,0.264933601344829,-0.10837716198827003,3.0182674210289666,0.8865797638146145,-1.005232495292489,-0.07364268187834362,0.6263198287059973,-0.5037930646046054,1.3569546480625756,1.0892164665022215,-0.6703093926918382,0.129600080057997,-0.17912700387752234,-0.5488142297873263,-0.4784565267474587,-0.33481189775292547
1982-11-01,0.046799999999999994,0.0463,-0.018000000000000002,-0.0102,0.0029,0.0592,0.0063,0.0457378916738537,0.045260131404864574,-0.01816397062767118,-0.010252376464351353,0.002895803112025468,0.05751390620060664,0.05302213899532182,0.18035105804000007,0.19794682820404336,-0.16773331188107068,0.0810028340709481,0.07745204558520839,0.10069311722628638,0.09618482449132919,-0.031104355235752723,0.05652045766382344,0.16252989560289377,0.05185738635109151,0.32167468152395484,0.09419217257060315,0.35277903675970756,-0.02856945246334691,2.0902910078814383,0.9302445543698981,-0.6456258272776008,0.3927454844235326,0.3088977324214226,-0.6136044649213283,1.26807973622478,1.6735835556460306,-0.4457653076227342,0.2316426853502293,-0.16863913021337526,-0.514067359346229,-0.4111904015005697,0.23738529380255133
1982-12-01,0.005600000000000001,-0.0031,-6e-4,0,0.01,-2e-4,0.0067,0.0055843782939006634,-0.0031048149534787565,-6.001800720324606e-4,0,0.009950330853168092,-2.000200026670447e-4,0.09880571025598806,0.17161289504,0.19277204591371128,-0.13995382027598485,0.06508373718652694,0.07777724843781429,0.09141055794815989,0.09656902151401756,-0.0331347722141031,0.05636762421465685,0.1460763246060739,0.050298169581017786,0.30471005784720573,0.0966212336965558,0.33784483006130883,0.2552033407794945,1.9804996137759563,0.8377160206199252,-0.31496489011237006,0.26711376248049074,0.23804180054504057,-0.6332401076982499,1.0904013892893631,1.5439782125100374,-0.439180493618111,0.24160808563214464,-0.1717524705310244,-0.5703979352597077,-0.3780226510744337,0.14010862722818987
1983-01-01,0.0359,0.0282,-0.0072,-0.0152,-0.005600000000000001,-0.0163,0.0069,0.03527061408191933,0.027809700639267233,-0.0072260450917395825,-0.015316704111893288,-0.005615738785635745,-0.016434306463424773,0.17624556707055716,0.09045264867200009,0.1890866932023227,-0.0986850940800001,0.108981365645759,0.0781604728506154,0.05005562741635128,0.09373104153872626,-0.034017574998933764,0.05657961781382096,0.11786002666824902,0.05214316103421207,0.26112143451340897,0.10408060989263786,0.29513900951234273,0.7351860916112432,0.9607547778548324,0.771819473943294,0.17625920691470948,0.6135489084306518,-0.0776299934847796,-0.6417774674180696,0.785700046632567,1.2109723886469967,-0.4314208400354152,0.16799583781215585,-0.16743399036218531,-0.5037430396040087,-0.27616818336964205,-0.13806348798511553
1983-02-01,0.0259,0.0318,0.0066,-0.0036,0.0101,0.0369,0.0062,0.025570276111530045,0.03130484982841253,0.006578315360122507,-0.003606495594111744,0.010049335853001438,0.03623549258209536,0.28182528920510364,0.06868109693600033,0.17111482447434878,-0.09868509408000008,0.13900753839666935,0.08116544583644242,-0.0036893255186167817,0.0723584369925641,-0.0020685450792511384,0.04357385160252377,0.07980339766433775,0.035259818620590515,0.24693126294169354,0.10131213732236581,0.2855146147237204,1.389583549803047,0.6872042596354967,0.45047056130339597,0.17625920691470978,0.8505120862694473,-0.48787770747816195,-0.3328065785508203,0.37473522126691744,1.1025631429864873,-0.37057516158570203,-0.38637222542593064,-0.43237191153293825,-1.1136956900355437,-0.31397044626509474,-0.20075373071044347
1983-03-01,0.0281,0.0175,0.0206,-0.0019,0.027999999999999997,0.0088,0.0063,0.0277124385665358,0.017348638334613073,0.02039068964773398,-0.0019018072895963312,0.02761516703297339,0.00876150566857267,0.3422739660132075,0.09259251766100007,0.16576134016144142,-0.09868509408000015,0.161146348380534,0.08014343637236918,-0.020012842737374914,0.06455373503295327,0.008949944445299396,0.041409530261447905,0.0843390571446121,0.03763679068048319,0.2224531176439073,0.10107487307521094,0.3622868087505824,1.7642526591218857,0.9876413442310141,0.35474671706510813,0.17625920691470898,1.0252290843652758,-0.6124789073606922,-0.2262495872764927,0.4237147697717896,0.9155564353163163,-0.3912691443658667,-0.5888125737772452,-0.4764608784983797,-1.027821674546555,-0.31721018414183977,0.29931589276235754
1983-04-01,0.0666,0.0046,0.0043,-7.000000000000001e-4,0.0151,0.0163,0.0070999999999999995,0.06447601918436478,0.004589452333807224,0.004290781417156246,-7.002451143934259e-4,0.014987129808248238,0.01616858116158369,0.38673906639837985,0.12497266081400005,0.17047566030264208,-0.06181440000000003,0.14766590080980424,0.0803871982059006,0.015477818859733983,0.055993710699531914,-0.006656473414593189,0.038426861986508576,0.10126320851175175,0.03756968616021134,0.24812045756630763,0.09838710060650427,0.39339553981297304,2.0398533907966585,1.3944844138902688,0.4390418827010075,0.6151332666614799,0.9188429084930096,-0.34157044073789417,-0.37717525889552717,0.6064748064093893,1.1116482827641425,-0.3863333748227394,-0.8108446663441667,-0.53722023088608994,-1.0302459918998963,-0.35391052300603354,0.5019482602005372
1983-05-01,0.0051,0.062,-0.013999999999999999,-0.0181,-0.0143,-0.0155,0.0069,0.005087039048557209,0.060153922819747144,-0.014098924379501648,-0.01826580880689254,-0.014403230310743743,-0.01562138090295678,0.45082901596441305,0.10216397444600012,0.1564136519221488,-0.032,0.21675270705801308,0.0929081943332699,-0.016249627239440456,0.054859837314432565,-0.03391045091698619,0.04045826601256852,0.0868193278234215,0.04303391529588613,0.19868753338604028,0.10371042656153813,0.48473946688139924,2.4370916032462615,1.1079027291520236,0.18760386192518536,0.9700158392141826,1.4640682121345594,-0.5837534090397587,-0.6407414978471112,0.4504986450927407,0.7339935099453451,-0.1328041391759356,-0.8402553631591982,-0.49583889656264757,-0.8328371517415023,-0.28122287228078097,1.0969335122782935
1983-06-01,0.030699999999999998,0.009300000000000001,-0.038900000000000004,0.0255,-0.0078000000000000005,0.0183,0.0067,0.030238183060609946,0.009257021262676848,-0.039676817152898426,0.025180298530298326,-0.007830579115188564,0.018134570195482678,0.5428904939687584,0.10495127756200007,0.14102574394144202,0,0.23337200686316417,0.09057877686903783,-0.06904048517115613,0.06344053715958951,-0.010166017999169719,0.04925831476565002,0.05173328495698715,0.04045543942950558,0.16371771879779273,0.09759093477055207,0.6119309791399146,3.0077011481989446,1.1429240368227762,-0.08754212162554141,1.3509137382725729,1.5952258567652717,-0.9867182941786733,-0.41111516607085663,0.07161249945188633,0.46683315876563725,-0.17997094788679766,-0.61768698390000365,-0.31657482361494926,-0.9259909923876332,-0.36478181375394414,1.9254185184746406
1983-07-01,-0.0406,0.015,0.0554,-7.000000000000001e-4,0.0288,-0.0308,0.0074,-0.041447189914173475,0.014888612493750559,0.05391984198943033,-7.002451143934259e-4,0.02839307450121783,-0.03128429003976644,0.5291829957785401,-0.006103266742000013,0.14596154076384468,-0.04060000000000003,0.24058327912606448,0.0901742578429284,-0.018152621214788,0.08735316701480576,-0.020652378006505212,0.0478414821183487,0.06666325272451479,0.04632244120378742,0.08034024239350623,0.10057829335091449,0.5498353737850453,2.9227402125903392,-0.25243025456376644,7.131937174709893e-4,0.8676495288422397,1.6521364062999542,-0.5982794042355153,-0.5125260690182538,0.23283780387036693,-0.17014922558286572,-0.18816178178298704,0.002564903095486713,-0.3454368445158638,-0.7140309909472486,-0.3239907596432836,1.5209475197917033
1983-08-01,-0.005,-0.0429,0.0559,0.0052,0.018500000000000003,-0.0538,0.0076,-0.005012541823544286,-0.043847399780276325,0.0543934838303317,0.005186526687300154,0.01833095668472342,-0.05530131578508931,0.3679196986421358,-0.01609068790000001,0.12826581296423586,-0.04539699999999996,0.24045367368528647,0.09025227981399156,0.025554107487689937,0.1034534179109804,0.00299564913689343,0.04445829959903828,0.08455278316853176,0.04784228770440264,0.06039205119578428,0.1105263708670628,0.3649240495052424,1.923208393296393,-0.3779180593180838,-0.31569813628098636,0.8105505531615189,1.6511135747400771,-0.26465578830237424,-0.2838320528049033,0.42602274818173275,-0.32254825396016845,-0.18658196732684634,0.4201773137720472,-0.4143549942845988,-0.6591227637379605,-0.18815418116028773,0.3164940391981427
1983-09-01,0.0092,0.0060999999999999995,0.009899999999999999,0.0121,0.005,-1e-4,0.0076,0.009157937784765724,0.006081470315867954,0.009851316050374202,0.012027380212718455,0.004987541511038968,-1.0000500033334732e-4,0.3626537951531372,-0.03661465239999995,0.12875237267790113,-0.045396999999999965,0.21320155642535865,0.09020988830252782,0.03333043315556039,0.1037442975998238,-0.006331346425753948,0.040414116358016325,0.09019358580153503,0.04729666554355049,0.01813521412585417,0.10346070670701754,0.3689851415788912,1.8905696082284364,-0.635793161330532,-0.3069981264329655,0.8105505531615188,1.4360429307948812,-0.20529728756329804,-0.3740310390244097,0.48693648462318245,-0.6453795747513369,-0.18744032455258022,0.4277222252680292,-0.49673826054531744,-0.6788347185744293,-0.2846326859419919,0.34294669969456354
1983-10-01,-0.034300000000000004,-0.0355,0.0496,-0.008199999999999999,0.03,-0.0446,0.0076,-0.034902052009264876,-0.03614544663635326,0.04840913920768763,-0.008233804927103542,0.02955880224154443,-0.045625178026275554,0.1823133602689886,-0.030288482200000022,0.10750445120969036,-0.06965876982268006,0.1429311400393225,0.10359782276900634,0.12532021440140695,0.10327983370187305,-0.016446536312437976,0.04100696963343272,0.12627822805976008,0.050720868728899644,-0.027370879336225284,0.1137292957283056,0.20968423960521387,0.7727950980152085,-0.5563074564281923,-0.6869250312539112,0.5217612671334844,0.8814767090846685,0.49688208754051794,-0.47185245076074517,0.876606276514348,-0.9930343751354244,0.0836429628830286,0.4156748423206286,-0.4846613623605987,-0.5551268793710541,-0.14441966526180292,-0.6946886457402882
1983-11-01,0.0217,0.0202,-0.0073,-0.0068000000000000005,0.0064,-0.0014000000000000002,0.006999999999999999,0.021467906615240975,0.019998686506689123,-0.007326775386460855,-0.006823225348125537,0.006379606964038988,-0.0014009809156281003,0.1539640429755691,-0.004267077651999851,0.10229030640878999,-0.06965876982268004,0.11442067195652972,0.0974151078799923,0.13758185013877444,0.10060837554463407,-0.013067993398174882,0.04033564112885805,0.13020880319009143,0.05031331044408417,-0.08301790040139234,0.09335475454426549,0.23698194337696143,0.5970821788748729,-0.22935930017296452,-0.7801573927560983,0.5217612671334845,0.6564753019917415,0.5904780022520129,-0.4391794272003984,0.9190516576293483,-1.4181632431297928,-0.04154667571189826,0.3463818798531182,-0.4983368640984501,-0.5698509340006613,-0.4226249725795588,-0.5168800964361798
1983-12-01,-0.0177,-0.0025,0.0175,0.0155,0.013300000000000001,0.008100000000000001,0.0073,-0.017858518301313193,-0.002503130218118477,0.017348638334613073,0.015381102038302391,0.0132123314721349,0.008067371077758793,0.1272264115104429,-0.030808115713000017,0.10647828999403021,-0.06965876982267995,0.11509140362788495,0.09733518302938514,0.1581844431821129,0.10000015421341638,0.002229452704153534,0.043592758735138015,0.13390156462625757,0.05040130470283479,-0.07540542647993953,0.09439346924604614,0.23358986966205242,0.4313587074060782,-0.5628364360107657,-0.7052734732460536,0.5217612671334857,0.6617686408944374,0.7477423821946796,-0.29124174234682954,0.9589289430971456,-1.3600059085786056,-0.04316502029706478,0.3306056799669984,-0.4319867580303506,-0.566671922994855,-0.40844178483490823,-0.5389749843953936
1984-01-01,-0.0192,-0.0034999999999999996,0.0748,-0.0088,0.0288,-0.025699999999999997,0.0076,-0.019386713800190095,-0.00350613932928759,0.07213459775919909,-0.008838948667204392,0.02839307450121783,-0.02603601455084144,0.06726871745288365,-0.015653515472,0.1063441848058752,-0.08422188066350036,0.08071249145612458,0.0957860616594092,0.2538443186262438,0.11370122013914101,0.008742722908567258,0.04151134451194085,0.17312744337036712,0.05003160373499862,-0.0842406292766138,0.09596737584415871,0.3380849479028576,0.059732775863015036,-0.372425169069344,-0.707671362805858,0.34841569453901805,0.3904541331667021,1.4779364391014247,-0.22825357370605004,1.3825202287633127,-1.4275045759206024,-0.07453213780584136,0.6859874194801269,-0.474386840303865,-0.5800282880838461,-0.3869507895353259,0.1416726783815329
1984-02-01,-0.04769999999999999,-0.0168,0.0341,0.0104,0.0151,0.0045000000000000005,0.0070999999999999995,-0.048875167782136686,-0.016942720730312024,0.033531483208792345,0.010346292054144267,0.014987129808248238,0.004489905272852001,-0.009299152324416138,-0.08251624036799998,0.11652949115394959,-0.12790449695585102,0.02980860786941375,0.09427792007121973,0.28809895677667274,0.11372207714687968,0.0229161453500768,0.04226107778790849,0.17893443002203724,0.04992451152229703,-0.11285534970427114,0.08485162414331351,0.4009543064809439,-0.41484528087380057,-1.212527577324158,-0.5255513412655632,-0.17154107955879988,-0.011273590146865754,1.739410051551846,-0.09118603390740428,1.4452285483824518,-1.646113649156332,-0.10506948325434352,0.6865284138619794,-0.4591141702942452,-0.5838972600787048,-0.5387314402045987,0.5511836591556377
1984-03-01,0.006500000000000001,0.001,0.0053,-0.0097,0.0115,0.0109,0.0073,0.0064789660977090735,9.995003330834232e-4,0.005286004429237438,-0.009747351454880074,0.01143437762566317,0.010841023177874769,-0.030113409993701934,-0.05991305704000005,0.11273891957048884,-0.12790449695585107,0.013109008822883128,0.09286599554270146,0.26878883132234854,0.11482224858039111,0.014922210940968572,0.043731289007724314,0.16001184432615823,0.04757773536272723,-0.11100859735928559,0.08537652087208877,0.37979742868163413,-0.5438548770117038,-0.9285279530549739,-0.5933292710438279,-0.17154107955880055,-0.1430649473580388,1.5920113770354214,-0.16849332699698408,1.240887876874888,-1.6320049382341386,-0.13365859412578177,0.715064940868236,-0.4291647849268858,-0.6686803737200095,-0.5315642085884388,0.41337449466492304
1984-04-01,-0.0051,-0.0116,0.011899999999999999,0.033,0.0077,0.021400000000000002,0.008100000000000001,-0.005113049386823014,-0.0116678048676821,0.011829751753577221,0.03246719013750141,0.00767050630421974,0.021174235231406567,-0.09531204913063407,-0.04639834874499993,0.0858859555669544,-0.1279044969558511,-0.0032282059321745438,0.09361676455244083,0.2783903399532859,0.11395281748099816,0.049149048235785475,0.05359578532318807,0.15155544825876244,0.0477009664851304,-0.10654745778094499,0.0871658332262815,0.38493779773423087,-0.9479648980098788,-0.7587212483005564,-1.073478047685095,-0.17154107955880088,-0.2719964085039137,1.6653019234332571,0.16250565383840493,1.1495691914310748,-1.597922984113292,-0.11845677701392528,0.6925134154494035,-0.2282170587602126,-0.6642283435541806,-0.5071319433958571,0.4468572217020568
1984-05-01,-0.059800000000000006,7.000000000000001e-4,0.0026,0.0241,-0.0051,0.0154,0.0078000000000000005,-0.06166266039210687,6.997551142732649e-4,0.002596625847265914,0.023814178099254887,-0.005113049386823014,0.015282623531156982,-0.1537283738858044,-0.05851488763000001,0.09937519501423507,-0.17893506731910774,-0.06076315035435709,0.06678986572473945,0.299912935940329,0.10956674617394925,0.0942392711052733,0.05098183557046499,0.16230345487738962,0.042794687373594896,-0.07850511795913806,0.09018135259799803,0.4536413098261334,-1.3100372132597227,-0.9109605342829115,-0.8322815146848481,-0.77896098703117,-0.7260557180323153,1.8295888996181924,0.5985616553580411,1.2656344546628497,-1.3836867508673643,-0.661656621928362,0.5787463801561096,-0.2814653182076029,-0.8414798542161639,-0.4659563661912916,0.894370020555189
1984-06-01,0.0181,-0.0024,-0.0275,0.0308,-0.015700000000000002,-0.0053,0.0075,0.017938145131012998,-0.002402884616310315,-0.027885203489535663,0.030335199796072885,-0.01582455034697146,-0.005314094823768765,-0.16407379203758377,-0.04766418986199994,0.0940316509214087,-0.14772947842071577,-0.07165096482067435,0.06502650397276248,0.3153317346810631,0.10276573041403478,0.09989453013682681,0.05314617794633594,0.15304907340840002,0.04743911152879897,-0.09986157402921991,0.08605911768983715,0.4794055267186469,-1.3741595201344114,-0.7746260169517558,-0.9278276212063312,-0.4075190104600034,-0.8119811250783906,1.9472841731365111,0.6532522176112998,1.16569850752787,-1.5468445591319404,-0.6973617489485923,0.4023399002283972,-0.23737592274646258,-0.673688503795563,-0.5222436523245969,1.0621899246731152
1984-07-01,-0.027200000000000002,-0.022000000000000002,0.0039000000000000003,0.0352,-0.0216,0.0277,0.008199999999999999,-0.027576767770234493,-0.022245608947319737,0.0038924147153438535,0.034594644764498965,-0.021836694609174406,0.02732329564889041,-0.15239835823865067,-0.06881869926399997,0.09073034624349698,-0.15590472999027108,-0.10549225969913245,0.06244316751998103,0.2511479329603179,0.09834242084092693,0.13940840348007866,0.0583550126465733,0.09656222144515803,0.05442814293848366,-0.04553006565190798,0.08922857879385357,0.40354629119896857,-1.3017935956288333,-1.0404236541511416,-0.9868571347531697,-0.5048295150574229,-1.0790528176015763,1.4573543007780527,1.03538077050145,0.5557099231437089,-1.1317658682919813,-0.7496699926082613,0.287606969300397,-0.13126776927187195,-0.4211923968133914,-0.47896606916285844,0.5680670221807499
1984-08-01,0.1027,-0.0027,-0.0174,-0.0073,-0.0091,-0.0562,0.0083,0.09776171778249577,-0.002703651574314823,-0.017553159247589156,-0.007326775386460855,-0.009141657917283387,-0.05784099968984994,-0.06065293430126628,0.09212254873600001,0.14408408517079774,-0.1559047299902711,-0.06792125232258361,0.0498980486905698,0.16429392833299428,0.09612573185521224,0.12523947685502823,0.060968978993208016,0.0668468387138017,0.055487353100051935,-0.04795104202311429,0.09084659221034479,0.2322151806555779,-0.7331429967113263,0.9817363795992018,-0.03285695541322249,-0.5048295150574232,-0.7825466535823237,0.7943775019585461,0.8983567085927762,0.23482030694543235,-1.1502615024594733,-1.0036876726366633,0.2301099254956674,-0.0780191717931513,-0.38292580068658805,-0.4568728148552818,-0.5479292708082502
1984-09-01,-0.008,0.0015,0.0525,0.0137,0.0239,0.0366,0.0086,-0.008032171697264267,0.0014988761237359487,0.051168286574399424,0.013607003406216947,0.023618865598634027,0.03594612677346909,-0.07666241659418982,0.06412490752000011,0.14323647203140466,-0.14448851958708234,-0.07218281900513612,0.0489019939338849,0.21340663389491632,0.10340499409300025,0.1270183358244661,0.06105140838672737,0.08690992851647938,0.05839109272193804,-0.013007350896249936,0.09933081088667783,0.29006905048910614,-0.8323719424562768,0.6299576292177186,-0.04801283957897352,-0.3689416851267001,-0.8161784584762377,1.1692661953989951,0.9155595982685624,0.45147702123837125,-0.8833007277773633,-1.0238561159901989,0.41892128444112187,-0.07634001873076479,-0.278020999543449,-0.3410245784273026,-0.1710875865133582
1984-10-01,-0.0084,-0.0111,0.0059,0.011399999999999999,-0.0104,0.032799999999999996,0.01,-0.008435478821101575,-0.011162064706191918,0.005882663158155512,0.011335509663745679,-0.010454457903858873,0.032273560550295635,-0.05189857336108361,0.08468982144000003,0.13994839716131763,-0.14448851958708211,-0.0487108239649342,0.037224142493705606,0.16288655967501553,0.0974940078396615,0.14929052717570634,0.057734044274563724,0.04427773326204676,0.055103077099229396,0.06695207033112105,0.09146455556463692,0.21478513303609914,-0.678882278540004,0.8883472437094614,-0.10680579540200226,-0.36894168512669745,-0.6309401138798868,0.78363472997435,1.1309482587729225,-0.008898296709298864,-0.27243140213873585,-1.260313081515004,0.2656006166669748,-0.14391739459345418,-0.3968087250185516,-0.4484347998178377,-0.6614630503318103
1984-11-01,-0.0177,-0.0072,0.0387,0.008,0.0195,0.015600000000000001,0.0073,-0.017858518301313193,-0.0072260450917395825,0.037969931251628626,0.007968169649176881,0.019312311032372884,0.015479570848386375,-0.08846037840128462,-0.033743709439999936,0.13751015967242786,-0.12907311369956434,-0.07426005296254345,0.02630068230172037,0.2167727103197734,0.09792830650534466,0.16641648348078064,0.0543837919569807,0.05787077609365765,0.05728647763697852,0.08511568458670804,0.09165269907745449,0.30523308872105803,-0.9054973121988498,-0.5997209537079781,-0.15040309614307526,-0.18545119401145183,-0.8325717552092347,1.1949602388954248,1.2965689976680534,0.137889861351328,-0.1336660806649926,-1.4814948856558674,0.2768655661326164,-0.21216472965987584,-0.3179279612262329,-0.4458657837437847,-0.0723138705202203
1984-12-01,0.0184,-0.0066,-0.0029,0.0128,-0.0128,0.0138,0.0064,0.018232768261059684,-0.0066218763088869695,-0.002904213147389827,0.012718772407774612,-0.012882625831013718,0.013705647056111967,-0.054960856524349455,-0.008028824288000003,0.13933104944475386,-0.11202397400037167,-0.07806509936139416,0.025949957145930867,0.19237746384259968,0.09977981172984372,0.16331522842868984,0.054312564637525054,0.030622747616360968,0.05896922541071904,0.09125114674536694,0.09191033366177682,0.27044256320399385,-0.6978627255215841,-0.2766240865403121,-0.11784438134102035,0.017485727619032006,-0.862600753376122,1.0087456540268598,1.2665775540324444,-0.15635536104027173,-0.08679273448751539,-1.4885964836249823,0.3248903804767837,-0.21361568746125098,-0.25713452119194824,-0.4423478979637004,-0.29892827455368914
1985-01-01,0.0797,0.0327,-0.0521,-0.009899999999999999,-0.0346,-0.0682,0.006500000000000001,0.07668322477095754,0.0321767316952212,-0.053506267523141166,-0.009949330853668103,-0.035212755755744486,-0.07063707959944071,0.0403331598803629,0.08010415330399989,0.15989492313941028,-0.07356772389775354,-0.044573836538396194,0.046915183904422085,0.051595271656495134,0.09993523033427464,0.16202422081037748,0.05480001510274758,-0.03288957955984184,0.06270257037599919,0.04364961360703368,0.11695515438751894,0.20659805734877368,-0.10721746850279235,0.8307302254006316,0.24985129635754638,0.47523275479875865,-0.5982914744610696,-0.0658775312462066,1.254092549875288,-0.8422104441021903,-0.45045615277179624,-1.0640856970092405,0.3289216678448459,-0.2036859293192359,-0.122258167875165,-0.10037199854167644,-0.7147910541514181
1985-02-01,0.012199999999999999,0.0070999999999999995,-0.0024,0.014199999999999999,0.011000000000000001,0.0191,0.0058,0.012126179797840555,0.007074913671961985,-0.002402884616310315,0.014100124378781626,0.010939940038334263,0.018919884852510768,0.10577047614292034,0.11298119105599969,0.1494791330811636,-0.07356772389775364,-0.021348973533175886,0.045707387716315113,0.01447775167248766,0.09475270738459476,0.16639446233757393,0.05476661450835872,-0.03679574912323891,0.06157144965127072,0.058818637358812875,0.11796609343381155,0.20319021146081284,0.29837190573841055,1.2438165696185863,0.06361007346829058,0.4752327547987575,-0.41500346808600375,-0.34920418595493874,1.2963560368298823,-0.8843922750863561,-0.33456872928112036,-1.0885415503034161,0.19449606688004117,-0.20436632629850543,-0.16312271158361524,-0.08656807503179816,-0.7369886770231787
1985-03-01,-0.0083,-0.010700000000000001,0.0401,0.0123,0.0286,0.0178,0.0062,-0.008334636790057628,-0.010757656652960208,0.03931686237695041,0.012224969622568948,0.028198654358678736,0.01764343517259528,0.08951076124285584,0.08380149957799987,0.15041558784749962,-0.06881869926399997,-0.032787751764606354,0.046428716564924775,0.04959545361041884,0.10217494001693404,0.19230648714967757,0.04898965186659951,-0.020512217052064963,0.067857098789812,0.0660457108554755,0.11854316718299104,0.22509423891428393,0.19759198430647093,0.8771858479282915,0.0803545047488354,0.5317606768479235,-0.5052770191908752,-0.08114260707199122,1.5469445948760105,-0.7085501395866988,-0.279355754431124,-1.0739358472285427,0.3870158283534415,-0.32204770301426694,0.0639619650052279,-0.07868838938463131,-0.5943128176181104
1985-04-01,-0.0096,9e-4,0.036000000000000004,0.016200000000000003,0.0070999999999999995,0.029500000000000002,0.0072,-0.00964637705180545,8.995952428359939e-4,0.035367143837291344,0.01607018017749446,0.007074913671961985,0.029073247485707165,0.0845828303698104,-0.005837727904000167,0.15088616224544693,-0.033743709439999915,-0.020555706941718488,0.04549518395154038,0.0745932304974739,0.106743085525664,0.1729156362454043,0.04507438286060792,-0.02109541906632373,0.06776967315704949,0.07449976436823191,0.11994976108464804,0.19401105531172802,0.16704799941743828,-0.24909386919156032,0.08876868656739982,0.9492603622684247,-0.40874309737727277,0.10967123241987599,1.3594206401629239,-0.7148480046424324,-0.21476896917207094,-1.0928383217213955,0.5055055506890908,-0.4018048825928649,0.06080349702461498,-0.05948197461695555,-0.7967787770386193
1985-05-01,0.0507,-0.023,-0.0098,0.0127,-0.0143,0.0405,0.0066,0.04945660871259249,-0.02326862693935433,-0.009848336054814406,0.012620031356102198,-0.014403230310743743,0.039701366851552046,0.21205188243943796,0.03197618977600003,0.13610316893098257,-0.03374370944000014,-0.043752299072707945,0.05017159246501751,0.06130282948194554,0.10789459303288092,0.15985906144489914,0.04358894823195084,-0.03014750685865475,0.06889601550991838,0.10106067049945344,0.12441630013661278,0.2558041815121459,0.957118497672603,0.22602232384319176,-0.1755610222163991,0.949260362268422,-0.5918079931929744,0.008222513295063537,1.2331538479687563,-0.8125994286686516,-0.011850506686050553,-0.9981488685873531,0.5353736458574256,-0.43206438104591327,0.10149541018935558,0.0015066316232664725,-0.3942780312420581
1985-06-01,0.0127,0.0048,0.0038,0.0169,-0.0102,0.0337,0.0055000000000000005,0.012620031356102198,0.004788516731797094,0.0037927982386962624,0.016758783814954624,-0.010252376464351353,0.03314459859230209,0.2056231621121889,0.0538290686559999,0.13612556927823413,-0.03374370944000002,-0.036850751912848034,0.05088908966173897,0.09546095653879405,0.10185653065220673,0.14421874231986553,0.03939307218665755,-0.024728235587418657,0.06794362780698991,0.14423083853954477,0.12585462691390087,0.24247391402503693,0.9172724159011753,0.5005946838979783,-0.17516048917551155,0.9492603622684235,-0.5373417593318794,0.26895943414275375,1.0819003258938338,-0.7540779586939009,0.3179584268149541,-0.9836207500564408,0.3787568451088166,-0.5175377517700891,0.06708804052237918,0.02114634470854746,-0.481107148575059
1985-07-01,-0.0072,0.028300000000000002,-0.016200000000000003,-0.0036,-0.0037,-0.0369,0.0062,-0.0072260450917395825,0.027906953253007866,-0.01633265462089761,-0.003606495594111744,-0.003706861931326512,-0.037598030415318485,0.23040982251745512,0.05638277399199998,0.13049122053443524,-0.033743709440000054,0.012685451746440313,0.0548922346191983,0.0735277308923854,0.10462944806728354,0.10133264571823242,0.03261108449029416,-0.006885467207425777,0.06452745458489631,0.07230584859145206,0.13332022889545858,0.2372952897248809,1.070903503749646,0.5326809323433387,-0.2759063754080041,0.949260362268423,-0.14640761216126305,0.10153802635348816,0.6671598652174324,-0.5613979872079903,-0.23152991904511344,-0.9025637581906301,0.4506814836616468,-0.6556922974145728,-0.05632969632741,0.12308582274784942,-0.5148390581122544
1985-08-01,-0.0101,-0.003,0.023399999999999997,-0.0016,0.019299999999999998,0.0177,0.0055000000000000005,-0.010151351056375355,-0.0030045090202987243,0.023130417388854466,-0.0016012813669738792,0.019116117192230143,0.017545179215748864,0.10454582688857283,-0.004746066455999953,0.0986092562954834,-0.025951319999999927,0.012380823614960956,0.05491550058475133,0.11810327681179245,0.1025649250502137,0.10765640524335973,0.030070915093124862,0.021578003103714716,0.06658963109171623,0.15626791916880833,0.11395990045012047,0.14388709555384738,0.2907813633215607,-0.2353775958435864,-0.8459770061301274,1.0420136362165742,-0.14881170310862676,0.44179352598284427,0.7283153245967364,-0.25402748667006836,0.40991861379213274,-0.9020926612904121,0.3971313595290699,-0.707437591661291,0.018171548460330072,-0.1412708602447022,-1.1232702887221202
1985-09-01,-0.0451,-0.016200000000000003,0.0121,0.0111,0.0158,0.016,0.006,-0.04614865602598025,-0.01633265462089761,0.012027380212718455,0.011038847115216448,0.015676479385007616,0.015873349156290163,0.06323670372570356,-0.061550329672000026,0.11195418390077896,-0.06155032967200002,-0.005511478509836687,0.057578251586054174,0.07518510827668923,0.0920669991990657,0.10481542008637823,0.029704454455534508,0.013496372255838995,0.0641778901664544,0.13328979922391415,0.11110995224591999,0.13880127773375084,0.034741807132308684,-0.9490996046478806,-0.6073608644183385,0.6182765114470695,-0.2900157388515883,0.11418917303804671,0.7008408844832835,-0.3412991682928823,0.23437171237989346,-0.8481764058095546,0.12483348354731516,-0.7149026896752598,-0.06895857858908706,-0.18018563672125698,-1.15639768640281
1985-10-01,0.04,-0.015,0.0077,0.0088,-0.0106,0.0487,0.006500000000000001,0.03922071315328133,-0.015113637810048184,0.00767050630421974,0.00876150566857267,-0.010656580188528888,0.04755130185822235,0.11513329152352947,-0.016934269599999996,0.11574303950326446,-0.061550329672000054,-0.009433518386276485,0.05850755700766071,0.07710908997954014,0.09208100140198845,0.1019752776182894,0.029529126258784934,0.013291542754574337,0.06421795279722417,0.1507368439640957,0.11535616926330307,0.1601703623503722,0.3564039071750286,-0.38851731351886604,-0.5396136175161204,0.6182765114470691,-0.3209680363835298,0.12887537243456962,0.6733745937983692,-0.3435110751911079,0.3676626278370624,-0.8293595248820594,0.12519667625499775,-0.7184742660987311,-0.06751121661403346,-0.12220542997263575,-1.0172062742822536
1985-11-01,0.0646,0.0019,-0.0291,0.0032,-0.0235,-0.0055000000000000005,0.0060999999999999995,0.06259914175651995,0.0018981972830802655,-0.029531802606037858,0.0031948908965192886,-0.02378052866540339,-0.005515180688110111,0.20856245765646908,0.05725000159999993,0.1230479070858716,-0.06155032967199982,-3.5399080500653213e-4,0.0581227840934315,0.0068019788785360635,0.09140550264167718,0.09672777629629747,0.029933983189458963,-0.029446599803980456,0.06533478811070267,0.12682925494514885,0.1165105361248797,0.23800905746044954,0.9354905689154468,0.543577287571443,-0.40899774833856467,0.6182765114470719,-0.24931342602805284,-0.40779514324280763,0.6226273519614872,-0.805030493824418,0.18501482276953063,-0.8371505330294775,0.10767541726830443,-0.7102270047039216,-0.027162768844465095,-0.10644306337102973,-0.5101898023850057
1985-12-01,0.0388,-0.0053,-0.0146,0.0096,-0.0177,-0.0023,0.006500000000000001,0.03806620080645628,-0.005314094823768765,-0.014707628872274288,0.009554212804811711,-0.017858518301313193,-0.002302649062675558,0.23277168206356968,0.15014273919999988,0.12506011668796913,-0.061550329671999984,9.54182953754934e-4,0.05797549512947264,-0.005011864419908085,0.09264786347129408,0.09326260164765254,0.029518909236192097,-0.03426397385276547,0.06637931529241073,0.10893425494059517,0.11704622521534387,0.26703565591633516,1.0855426300168451,1.7107360099915505,-0.3730181083008478,0.6182765114470699,-0.23898946587458839,-0.49797295421842036,0.5891165350771065,-0.8570522134695415,0.048301644793913016,-0.8401328882727696,0.13990008906579282,-0.7186823950687836,0.010573368190615402,-0.09912846685112901,-0.3211197836819826
1986-01-01,0.006500000000000001,0.0115,0.0046,-0.0199,-0.0199,0.029500000000000002,0.005600000000000001,0.0064789660977090735,0.01143437762566317,0.004589452333807224,-0.02010067170700291,-0.02010067170700291,0.029073247485707165,0.14919394090671778,0.11309487212000002,0.10721017438111952,-0.061550329672000074,-0.019594116338023437,0.04836122922680062,0.054504780044055456,0.07231640630552372,0.08222066041295228,0.03686938609347362,-0.01955885723337014,0.059744088635938324,0.2252069279473523,0.08000213501841309,0.24480104428537575,0.5675164383513868,1.2452449250406574,-0.6921868957994253,0.6182765114470689,-0.40115433249798604,-0.04366857766715173,0.4823327483179509,-0.6982550251308105,0.9365948347591866,-1.0348056971143527,-0.3874624280973372,-0.5689472678534173,-0.2291406639114664,-0.6049490595433774,-0.46594896314333073
1986-02-01,0.07139999999999999,-0.005699999999999999,-0.0063,0.0116,-0.0123,0.0256,0.0053,0.06896620446472282,-0.005716306996109192,-0.0063199287448193475,0.011533235813673085,-0.012376271068055405,0.025277807184268607,0.21640623225395927,0.1202046270799999,0.12162032187337872,-0.061550329671999963,-0.03205484050729501,0.047528458336835396,0.050382317491758144,0.07282402339710152,0.07944628285717092,0.03638474851802337,-0.04215458287774421,0.058929877241618564,0.23302151437818086,0.08042652682455198,0.27517609725592507,0.9841073492540596,1.3345760474752866,-0.43452391719051703,0.6182765114470702,-0.4994929659901202,-0.07513629222910703,0.4555024532630446,-0.9422610941522139,0.9962962566788206,-1.0516679151882233,-0.37429572661662935,-0.5788197251677348,-0.25855607146585025,-0.5991541779907812,-0.268095541152626
1986-03-01,0.049100000000000005,-0.0054,-0.0039000000000000003,0.01,0.008100000000000001,0.023799999999999998,0.006,0.04793265375530272,-0.005414632701498842,-0.0039076248310170765,0.009950330853168092,0.008067371077758793,0.023521195041345866,0.2868123205179276,0.13131177730999988,0.1221890430438609,-0.06155032967200001,-0.02686924529319279,0.04683742929833176,0.005947338192039853,0.06204920578751804,0.07699372289414419,0.03605509638725633,-0.0612444439034161,0.04981759747186851,0.24029025979601326,0.08065595210071186,0.3480567644213437,1.4204938472451645,1.4741327836326135,-0.42435480609272297,0.6182765114470695,-0.458568831865099,-0.41431881418815303,0.43178437375698225,-1.1484081336565135,1.0518275942432076,-1.0656600977717332,-0.6537756915908104,-0.585535004284398,-0.5877597955192366,-0.5960214777800634,0.20662591561732735
1986-04-01,-0.0128,0.0276,-0.0281,0.028999999999999998,-0.001,-0.0034999999999999996,0.0052,-0.012882625831013718,0.027225986253591527,-0.02850236047271215,0.028587456851912472,-0.0010005003335835344,-0.00350613932928759,0.28265460704291034,0.10961846652799978,0.12311427883474202,-0.06155032967200004,-9.100174475817902e-4,0.05539736530944319,-0.05629322587949526,0.05540584388514158,0.09055947732540304,0.04155389633183335,-0.06879475668703483,0.048265492268980185,0.20053350547520843,0.08231530735929582,0.3514493637299452,1.394723774404152,1.2015653305513125,-0.4078109775217759,0.6182765114470692,-0.25370152574627863,-0.8894155020371941,0.5629753118016673,-1.2299422331233107,0.7480962599146241,-0.8923357063250444,-0.8260929055857444,-0.47352002549870886,-0.6438334484166924,-0.5733637189871783,0.22872422712647633
1986-05-01,0.0462,-0.013600000000000001,-0.0014000000000000002,0.0207,0.011000000000000001,0.0206,0.0049,0.04516455195437366,-0.013693327132002567,-0.0014009809156281003,0.020488666427315602,0.010939940038334263,0.02039068964773398,0.2771611781557941,0.08351954422399999,0.12209288078301718,-0.06155032967199993,0.0087025166731882209,0.05173027631415352,-0.04828763417821014,0.05521452148712701,0.09917454182486307,0.0433736825759335,-0.04489347571329283,0.05003844678874831,0.17757279739355858,0.07821570313927594,0.32544881233400424,1.3606747560149475,0.8736431958409876,-0.4260742509889025,0.6182765114470705,-0.17784048773661576,-0.8283069603925374,0.6462893949753481,-0.971837770944601,0.5726823806403006,-0.9665881268646818,-0.8310554747013768,-0.43644951564529993,-0.5797810657821588,-0.6293419931288904,0.05936491531490996
1986-06-01,0.0106,-0.009300000000000001,0.012,0.018500000000000003,0.0083,0.049400000000000006,0.0052,0.010544213875671097,-0.009343515003152466,0.011928570865273812,0.01833095668472342,0.008265744417032593,0.04821857227047444,0.2745127744092475,0.0437564115839999,0.12225447232652206,-0.05474449000000004,-0.0054522459513054455,0.05244380800937061,-0.04051313587203498,0.05705585022120767,0.10090399336082512,0.04375161915742587,-0.027041919136909343,0.05086442418509827,0.19545796032195084,0.08358837751531326,0.31502591028128246,1.3442595898735064,0.3740359252342506,-0.42318488719579456,0.6992868249593518,-0.2895482821624683,-0.7689624083298893,0.663014478011119,-0.7790628977375059,0.7093204058948412,-0.9521403031086525,-0.7832946207590231,-0.4287506434213787,-0.5499405822003225,-0.5559805116406822,-0.008526549440868253
1986-07-01,-0.0643,-0.034300000000000004,0.0466,-0.0055000000000000005,0.008100000000000001,0.0189,0.0052,-0.06646036670026981,-0.034902052009264876,0.04554681495597036,-0.005515180688110111,0.008067371077758793,0.01872361399810251,0.20121031729928807,-0.010694008996000037,0.1483277730147198,-0.06430000000000008,-0.0659975045367851,0.05299605469927293,0.020734856674454516,0.07310723027473062,0.09880471838352167,0.044342159183404804,-0.015518376675618284,0.051858301354640916,0.26472029464441427,0.060916087938529644,0.33071779918119937,0.8899210043746593,-0.31011102706086935,0.04302299312573221,0.585547022352119,-0.7673646524506829,-0.3014422495666138,0.6427129271551216,-0.6546228004626946,1.2384667505064146,-0.9409582310310669,-0.3669498344532363,-0.4167208679887649,-0.5140343025718983,-0.8655605523557632,0.09368541770719654
1986-08-01,0.060700000000000004,-0.0416,0.0354,-0.0171,0.0332,-0.051699999999999996,0.0046,0.05892906752928747,-0.04249005162095212,0.034787825485664024,-0.01724789340955339,0.032660782239548276,-0.053084371092455285,0.2871237332653347,0.003017458093999892,0.15146147123204723,-0.06429999999999997,-0.10215848379945303,0.06431455205609671,0.032703606215292114,0.07762326068124582,0.08174595122111716,0.050336441360898626,-0.0020931882480611508,0.058959113089934595,0.17847524359958533,0.09492876704919247,0.3892822170647877,1.4224240257513365,-0.13783212964930594,0.09905559217940234,0.5855470223521202,-1.0527430332030145,-0.21008200324861434,0.477741957257206,-0.5096472636891954,0.5795768365635507,-0.7117775848304514,-0.2498118869196636,-0.2946125174913812,-0.2574998538798354,-0.40113253116948094,0.47515538572325666
1986-09-01,-0.0859,0.024,0.0323,-0.0017000000000000001,0.0371,-0.056799999999999996,0.0045000000000000005,-0.08981530432236398,0.023716526617316065,0.031789322489407336,-0.0017014466397575704,0.036428356613551406,-0.05847692975897584,0.2321288140934572,-0.09275850144100006,0.17677115716953004,-0.09275850144100008,-0.06547091625395396,0.07139913019410493,0.05331482333370818,0.08257640680647824,0.06805161023048267,0.050707407188701016,0.018831614951698716,0.06800371039905813,0.09403331669599302,0.11909854261815302,0.29759973034741116,1.0815580470203259,-1.3412173399203673,0.5516095351429249,0.24680379081377293,-0.7632088769561668,-0.05275179373697978,0.3453074915171089,-0.28368510366929195,-0.06553767466513095,-0.5683267234183045,-0.12133592048096414,-0.2870556451282611,0.06925867329040492,-0.07110498457466193,-0.12203513609206174
1986-10-01,0.0464,-0.0253,-0.014199999999999999,-1e-4,0.0101,0.044800000000000006,0.0046,0.0453557017207972,-0.02562554763897273,-0.014301784710859645,-1.0000500033334732e-4,0.010049335853001438,0.043825479540029515,0.2397111452571088,0.014574654367999873,0.17770149922753634,-0.09275850144100024,-0.07524314931241516,0.07365834962874436,0.03042349195432137,0.08450698751151942,0.05862887100461878,0.050857101410551366,0.04014737645311395,0.06709378354897742,0.08996472707540137,0.11778233150051842,0.31495429456952395,1.1285543654453631,0.007379248402709324,0.5682446671511027,0.24680379081377096,-0.8403302410182613,-0.227486645212648,0.2541825928426146,-0.0535010744410428,-0.09662064849961846,-0.522581307430952,-0.07126002617117674,-0.2840062533966263,0.03638530732361874,-0.08907726258421116,-0.008993031380947812
1986-11-01,0.011699999999999999,-0.0187,-2e-4,0.0098,0.006999999999999999,-0.0027,0.0039000000000000003,0.011632084229707696,-0.018877055769689184,-2.000200026670447e-4,0.009752291442678302,0.006975613736425138,-0.002703651574314823,0.1781098681726636,-0.032294543391999886,0.17089648228709556,-0.09275850144100005,-0.0942570140934954,0.07399759328537964,0.0610952799010509,0.07714932324538949,0.06559353462964923,0.051060998547065015,0.07263533854407123,0.060262961091383,0.09303350659859011,0.1174849541563846,0.272366882266159,0.746741283061434,-0.5815127833293463,0.44656645842354203,0.24680379081377327,-0.9903855230849817,0.006638239117628889,0.3215360716899133,0.29732899161194126,-0.07317596557059511,-0.5157121906218856,-0.26210499690746236,-0.2798527046857728,-0.21039510857764476,-0.09313781809153682,-0.28639387298999575
1986-12-01,-0.0326,0.0019,0.0036,0.0087,9e-4,0.0045000000000000005,0.0049,-0.033143218593254184,0.0018981972830802655,0.003593535510130218,0.008662373078652587,8.995952428359939e-4,0.004489905272852001,0.09713466160014916,0.024131122112000192,0.1745977752005852,-0.092758501441,-0.08770091728186702,0.07465828625758181,0.08069334575674336,0.0741778435859359,0.0646436196324558,0.050987566453253745,0.0929458519278843,0.05489494927701124,0.10048326889674608,0.11706777997872327,0.1881841861786131,0.24484595423984962,0.12745230223998139,0.5127480264682884,0.24680379081377393,-0.938645544513948,0.15623482962386953,0.3123496869461821,0.5166575765217495,-0.016261705794977693,-0.5023342626570739,-0.33917999355584494,-0.28134857551456516,-0.40432785918526054,-0.09883414613411462,-0.8347331469814991
1987-01-01,0.1245,-0.0189,-0.0318,0.0017000000000000001,-0.0103,0.0203,0.0042,0.11733849241723338,-0.019080887812791953,-0.03231660147654312,0.001698556635581512,-0.010353412079491597,0.020096701699122397,0.22576048382450797,0.10056904321000015,0.20608928636477414,-0.09275850144100012,-0.11511949574418168,0.07234982251114178,0.041536230700456755,0.08375909405573151,0.0881068398998377,0.04325086412103304,0.10365116789411988,0.05023423923861415,0.0906489356535698,0.11563870864421331,0.34087997956868965,1.0420862710327408,1.0878630796395556,1.0758370976814295,0.24680379081377246,-1.1550298815438964,-0.14266052819429026,0.5392564831752258,0.6322618331703336,-0.09139347168510151,-0.5490767936186473,-0.09065907721795391,-0.43895142638197515,-0.5727075775590094,-0.11834748026051778,0.159878624563534
1987-02-01,0.0438,0.0345,-0.058600000000000006,-0.0079,-0.0255,-0.0222,0.0043,0.04286790022717587,0.033918218203460644,-0.06038715001509513,-0.00793137032628028,-0.025830760034521515,-0.02245012883759187,0.1941840517229998,0.13548874894000007,0.200481389681359,-0.09275850144099997,-0.07934337558820881,0.08480813531183318,-0.013281465652198898,0.10528269251708985,0.0671320639231201,0.045371185471174684,0.088901552204941,0.05752452871966599,0.03981720873835859,0.11734987843920693,0.2735274273112086,0.8463712559878984,1.5266146998427785,0.9755641918034049,0.24680379081377427,-0.8726887655705032,-0.5610967419588102,0.33641479459783935,0.47298410956294673,-0.4797347361052679,-0.296816790526409,0.467625504671252,-0.3957587746308975,-0.30932777500326253,-0.09498221699451767,-0.2788344521468437
1987-03-01,0.0163,0.005,0.0166,0.013000000000000001,0.0417,0.0166,0.004699999999999999,0.01616858116158369,0.004987541511038968,0.01646372603066503,0.01291622526654623,0.04085399400826612,0.01646372603066503,0.15684801426564143,0.19288527553000012,0.1972428629451659,-0.09275850144100012,-0.06971656190041209,0.08563928443807017,0.007025461317111459,0.10665495434232981,0.07030176312289238,0.045789651204847286,0.12519467010404406,0.06673392385326662,0.032504565738831204,0.11622702493027515,0.22656457616605352,0.6149574246471285,2.247778252311236,0.9176571894218994,0.24680379081377246,-0.7967150348241109,-0.40608924986051814,0.3670681440628293,0.8649051821794128,-0.5356014398555972,-0.27998741045633885,0.5032195815967263,-0.38723429097040307,0.02338448261694242,-0.11031428276735991,-0.5847355089949754
1987-04-01,-0.0209,-0.0172,-0.0036,-0.0052,0.0116,0.002,0.0044,-0.021121496622111418,-0.017349638335112993,-0.003606495594111744,-0.005213567052887434,0.011533235813673085,0.001998002662673058,0.14735604818424797,0.038642928653999986,0.19855088572056112,-0.09275850144100002,-0.11027387800284627,0.07802239617581062,0.032410916407418,0.10205486418512845,0.03472905146224825,0.03935074604844298,0.13938631459184325,0.0656836786306672,0.03820328637261272,0.11603835567918827,0.25762992618709424,0.556124929625111,0.30978713294011834,0.9410455027322014,0.2468037908137736,-1.1167888113913884,-0.21231617256186705,0.023053556801872342,1.0181575025039578,-0.49206468612320015,-0.43421666182689306,0.38390127082836334,-0.5183999692578996,-0.01455823283795123,-0.11289047756389113,-0.38238571184527975
1987-05-01,0.0011,-0.0053,0.0022,0.0049,0.0113,-0.0077,0.0038,0.0010993954433010642,-0.005314094823768765,0.0021975835434872013,0.004888034072775866,0.011236631925987768,-0.0077297980619412685,0.09789537357794975,-0.003846104736999978,0.195251849594712,-0.09275850144099998,-0.10278733419447605,0.07800879918414165,0.03613280635240801,0.10196212892063868,0.018711887738231736,0.03451534787578302,0.13972441142109915,0.06568467288809907,0.009415168594496981,0.11487516441800062,0.2425117456155752,0.24956095040222234,-0.22406995008662664,0.8820565523983276,0.2468037908137741,-1.0577058497839362,-0.18390612178901278,-0.13184433291129377,1.021808532771971,-0.7119984703300216,-0.43449197817312174,0.38149587990569733,-0.6169009202272169,-0.01452231282040233,-0.12877333742144348,-0.4808607256419169
1987-06-01,0.0391,-0.0203,0.0113,0.015600000000000001,0.010700000000000001,-0.0022,0.0048,0.038354953876463906,-0.020508876631540447,0.011236631925987768,0.015479570848386375,0.01064316009847976,-0.0022024235552000394,0.1288571964029761,0.018501931090999957,0.19764683581245254,-0.08589999999999998,-0.11274931998620008,0.07885092090126211,0.035416113699792806,0.10189804557970071,0.01581128442508395,0.03309093868262642,0.14243723358455274,0.06562370060065882,-0.040218739066524734,0.102567008116945,0.2551865535707528,0.4414665336719151,0.05672385166270634,0.9248804917731189,0.3284409404877067,-1.1363247210724952,-0.18937680333797624,-0.15989532494978578,1.051103678344039,-1.0911887050302125,-0.417440421484558,0.37983366987767414,-0.6459172814627137,-0.01672508804203412,-0.2968357431129351,-0.39830106296615675
1987-07-01,0.0384,-0.005699999999999999,0.009399999999999999,-0.006500000000000001,0.0158,0.025699999999999997,0.0046,0.037681066967688484,-0.005716306996109192,0.009356094924025029,-0.006521216990265463,0.015676479385007616,0.0253753063312283,0.2527576282407291,0.0801883415839999,0.1803156451141372,-0.08590000000000002,-0.08647266113935881,0.07403774269935849,-0.0013863699899001602,0.09124441187079017,0.014789855280362918,0.033331630548814974,0.15116331899135904,0.06568159391428072,-0.03381328948918849,0.1043341438695245,0.3392302893800879,1.2094182390208572,0.8317880162233185,0.6149873265181652,0.3284409404877062,-0.928952285198375,-0.47029871281000013,-0.1697733047054386,1.1453346772316528,-1.0422527247084816,-0.5148992321212854,0.10349700380122899,-0.6410141945061518,-0.014633548391837288,-0.27270628956216375,0.14913306802554846
1987-08-01,0.0352,-0.0085,-0.0098,0.021099999999999997,-0.0155,-0.0095,0.004699999999999999,0.034594644764498965,-0.008536331022286335,-0.009848336054814406,0.02088047757935513,-0.01562138090295678,-0.009545412843531385,0.22264042307419873,0.11698229068799981,0.17599486796911712,-0.03260000000000002,-0.05492241602637138,0.0636009307654039,-0.04498047475758071,0.08317904864517298,0.054229241252190974,0.03206483170742076,0.09690310447831307,0.06663665628603072,0.009182681388757441,0.08950337923994194,0.2775628391005701,1.022747710719005,1.2940887271134993,0.5377289702321377,0.9628740036068375,-0.6799612997142274,-0.8030626440794021,0.21163489988568496,0.5593910409898607,-0.7137746125332759,-0.7262272227450544,-0.10570444289376324,-0.6668199060749919,0.019870450325048385,-0.4752137911672707,-0.252549064844279
1987-09-01,-0.0258,0.0058,0.0026,-0.0088,0.0182,0.008,0.0045000000000000005,-0.02613865760969481,0.005783244755727361,0.002596625847265914,-0.008838948667204392,0.018036362486098575,0.007968169649176881,0.30302625550692963,0.047217926655999776,0.1422095310194539,-0.03259999999999988,-0.0717196933977774,0.057048534000020364,-0.07245706092410198,0.07417495256281134,0.04673146742379197,0.03426552839717062,0.07691325906838187,0.06021795483106948,0.07851584270554213,0.06195087343702835,0.3754833164310316,1.5209900185702667,0.4175284265153553,-0.06637522484512128,0.9628740036068392,-0.8125235232779142,-1.012797810780488,0.13912584874673722,0.3435252761283855,-0.1840871679788327,-0.8589023012039523,-0.33925498165038803,-0.6219899439922326,-0.21202107144043048,-0.8514310161361555,0.3852737413111325
1987-10-01,-0.23190000000000002,-0.0827,0.0418,0.0229,0.022400000000000003,-0.0775,0.006,-0.2638353459775008,-0.08632070646652716,0.04094998632895417,0.022641730480824573,0.02215280464113328,-0.08066790306745482,-0.04352592999343208,-0.22537741769600017,0.3163948296668188,-0.2517169800000001,-0.12638604160642386,0.09752252852477866,-0.01976644965584251,0.08709888878294944,0.07080869889768704,0.03869756808874916,0.09002684493764268,0.06224958110550917,-0.047730795467206044,0.09562139052365917,0.21641288654406654,-0.6269874977301495,-3.007519021451661,3.0481732489627538,-1.645288412956267,-1.2439441941647913,-0.6105981317171678,0.37197059015683165,0.48513588820136605,-1.1485788756593203,-0.03937158726938672,-0.004030630481777139,-0.5317057297939851,-0.13862352962542565,-0.39167506536306357,-0.6508603823456515
1987-11-01,-0.0776,0.0268,0.031400000000000004,-0.019299999999999998,0.006,-0.0121,0.0034999999999999996,-0.08077631002728779,0.02644717001484823,0.03091710263472161,-0.019488676583862413,0.005982071677547469,-0.012173800931708762,-0.12795128775915954,-0.309783742352,0.3248877707068897,-0.30978374235199996,-0.08587912720011825,0.10397911849619924,0.011215126850334434,0.09302614620582561,0.039950575370331975,0.04576113233840762,0.08894439524058528,0.062261128909792754,-0.05670636001409113,0.09594157665545186,0.21689568299974482,-1.1502673322652344,-4.068049484811303,3.2000326582234853,-2.336460531237504,-0.9242681821138966,-0.3741085593297932,0.07354957771950052,0.47344676169800254,-1.2171498705192083,0.09136356380704794,0.14971208303431952,-0.38781524322388194,-0.13820633653315298,-0.38730306599435904,-0.6477155999818627
1987-12-01,0.0682,3e-4,-0.044199999999999996,0.0313,-0.0246,0.0588,0.0039000000000000003,0.06597498892353292,2.9995500899794244e-4,-0.04520659283807923,0.030820142339886364,-0.02490763570618478,0.057136191370809115,-0.03708658836503431,-0.243185170992,0.33268051028066165,-0.309783742352,-0.08733894693909394,0.10383400000805929,-0.03694757050264097,0.10369019736593023,0.06325074688155463,0.05334798239701615,0.06120128196389896,0.06994016580359672,-0.005714976588272136,0.11424072307867827,0.15058969382064857,-0.5870755836915602,-3.231266056183595,3.3393720016396577,-2.3364605312375044,-0.935788915285226,-0.7417456193663223,0.2988795711709367,0.1738552318838131,-0.8275888715953184,0.08842515706990971,0.42631895961458355,-0.23326500372965153,0.13921793120889786,-0.13743635202319182,-1.0796116980819208
1988-01-01,0.0421,-0.0075,0.0493,-0.011899999999999999,0.021,-0.0735,0.0029,0.041237908016244766,-0.0075282664207915245,0.048123275181728174,-0.011971371781219958,0.02078253918252841,-0.0763412332567226,-0.10764600598950891,0.026789133328000148,0.3105834988253482,-0.30978374235200007,-0.07673418085521422,0.103082390200094,0.04372125002228744,0.11000504309731281,0.048815077362148074,0.05598793369494417,0.09476256328699706,0.06943672670010391,-0.09712332236502474,0.13424669639734305,0.20240856927650597,-1.0244124378850956,0.16084911080862913,2.944262805638042,-2.3364605312375053,-0.8520972942344869,-0.12598176799708513,0.15927590702158687,0.5362758266395105,-1.5259250236743331,0.07320631519984884,0.5901150374483672,-0.17948707188757826,0.12102994402109053,0.135736324850129,-0.7420800452946134
1988-02-01,0.04769999999999999,0.0333,-0.015300000000000001,0.0151,6e-4,-0.014499999999999999,0.0046,0.04659728537678226,0.03275756423817229,-0.015418252728380644,0.014987129808248238,5.998200719675495e-4,-0.014606152389362114,-0.1043118609649436,0.16626948719400025,0.31129094801884416,-0.309783742352,-0.07780515135591393,0.10258940438632813,0.09172754928505067,0.08859238612138266,0.07312991132982205,0.05535975626697134,0.12408355138529403,0.05996145399057172,-0.09001333011938206,0.13358592962558732,0.22839541235023764,-1.0037469541614512,1.9133619102693407,2.956912465643851,-2.3364605312375044,-0.8605492729572735,0.24046146907600952,0.3944184413188049,0.8529064654731938,-1.471606519341477,0.06322417677592777,0.03470808408013784,-0.1922835514789881,-0.22128780095799916,0.1267138481650756,-0.572810025128447
1988-03-01,-0.0226,0.0601,0.0086,-0.0023,0.0178,0.0060999999999999995,0.0044,-0.022859294146082558,0.05836324329691498,0.008563230660487814,-0.002302649062675558,0.01764343517259528,0.006081470315867954,-0.1385953093644947,0.06713330535800033,0.3102688071594667,-0.309783742352,-0.027245015873038736,0.12141024375776328,0.08313634291648841,0.08805283219793963,0.056921730043201446,0.05534197519407833,0.09829340366703687,0.05058485080349533,-0.09941216942072606,0.13191662519236705,0.23688871303153158,-1.2162404239029785,0.6677569003755077,2.9386359102840576,-2.3364605312375044,-0.4615343710124724,0.1748827946019103,0.23767326966138536,0.5744045636862919,-1.5434112239987496,0.4443147043611128,0.020712996915839308,-0.19264576623911248,-0.5600408645331167,0.10392023781301905,-0.5174873692167263
1988-04-01,0.005699999999999999,0.0091,0.0151,-9e-4,0.019,0.022000000000000002,0.0046,0.005683816468297709,0.009058844488346146,0.014987129808248238,-9.004052431641551e-4,0.018821754240587667,0.02176149178151271,-0.1151928328341052,0.029858905286000104,0.3106076168544985,-0.3097837423520001,-0.001213823277862569,0.1207096855751164,0.10346417271630548,0.08765120562640467,0.061490249785044915,0.054670473574871946,0.10632757842695795,0.051682759486872995,-0.08143636441914359,0.13511105904055692,0.22152041126106314,-1.071188695718242,0.19941952233044763,2.9446940519686144,-2.3364605312375057,-0.2560991271850802,0.33004984286246647,0.28185425446729195,0.6611637778780883,-1.4060807167167726,0.4301295725420603,0.010295504554255824,-0.2063247944612867,-0.5203761882532761,0.14753881270088223,-0.6175915928512044
1988-05-01,-0.0027,-0.0254,0.024399999999999998,-0.0077,0.003,0.0066,0.0051,-0.002703651574314823,-0.025728148572731223,0.024107075343233104,-0.0077297980619412685,0.002995508979798371,0.006578315360122507,-0.11855140563924993,-0.019682842186000027,0.31047996300648567,-0.30978374235200007,-0.02139639304976859,0.12336831942336568,0.12790730246516002,0.08874464479705568,0.04818068948323262,0.05612846386992948,0.09724766257513928,0.05184966699448628,-0.06819897654369655,0.13579172951671245,0.24645870810440995,-1.0920055861438294,-0.42305198814293193,2.9424115166422036,-2.3364605312375053,-0.41537769757694165,0.5166299318699846,0.15314090425850252,0.5631118450073671,-1.3049504924034023,0.48396246255773506,0.03865740841081259,-0.1766243591632768,-0.5143462402636229,0.15683306562616067,-0.45515146891594316
1988-06-01,0.0478,0.0202,-0.013500000000000002,0.0152,-0.0352,-0.0302,0.0049,0.046692727991982354,0.019998686506689123,-0.013591953519466972,0.015085637418040953,-0.03583445300921607,-0.030665414310885153,-0.1111713625529841,0.05092727435800004,0.31201980233824267,-0.309783742352,0.019058282954604433,0.1233179733837874,0.10024775425875654,0.09179718704663546,0.047767857388122614,0.05604128332159706,0.0474171810156272,0.06747981205085189,-0.09434693069961608,0.13791577503417426,0.21141911681174064,-1.0462630766982763,0.46413484200847127,2.9699448634738572,-2.3364605312375044,-0.09611394511803203,0.3054981734052019,0.14914851075861457,0.025003880954996224,-1.5047141084585494,0.482943039438178,0.11783502717959501,-0.178400297071622,0.05033154510592409,0.1858359634389099,-0.6833882080956921
1988-07-01,-0.0125,-0.0023,0.0218,-0.0049,0.015300000000000001,0.0066,0.0051,-0.012578782206860073,-0.002302649062675558,0.021565777914560585,-0.004912044361020641,0.015184135325040055,0.006578315360122507,-0.15473971544787346,0.03190880325000012,0.3076905029426796,-0.3097837423520001,0.022542943682800853,0.12314496810718753,0.1137637758089931,0.09280601681164395,0.04945525403816897,0.05573748426735914,0.04690161831577688,0.06738749711382058,-0.11121148527077473,0.1341444052104237,0.26850349125686657,-1.3163056456272404,0.225175640091303,2.8925341237052495,-2.3364605312375057,-0.0686133946251811,0.40866910649689614,0.16546689175944906,0.019436437372769032,-1.6335549494744548,0.4794399718632785,0.14400231071103134,-0.18458892821997536,0.0469964388729759,0.1343395841414309,-0.3115587717119093
1988-08-01,-0.0331,7.000000000000001e-4,0.021400000000000002,-0.0085,0.0165,0.0036,0.0059,-0.03366020149263521,6.997551142732649e-4,0.021174235231406567,-0.008536331022286335,0.01636535408626423,0.003593535510130218,-0.210507950991643,4.538472499999724e-4,0.30347009412675513,-0.29150455999999997,0.032030987134018085,0.1226398516093515,0.1488571203911382,0.09111000764573983,0.01903328212598665,0.053759105779286616,0.08092990860130755,0.06486490641440935,-0.09945668512645078,0.13481601773199123,0.3593650713827812,-1.6619647442671988,-0.17004283669456027,2.8170704196007263,-2.118882338913066,0.006265177023776139,0.6765447600234245,-0.12873621006965455,0.3869001550143786,-1.5437513124926254,0.4692122073702416,0.1000107927607709,-0.2248900896743141,-0.044138411405155065,0.14351015472132245,0.28028462598767673
1988-09-01,0.0331,-0.0134,-0.0075,0.0176,-0.0055000000000000005,0.0029,0.0062,0.03256399087326258,-0.013490590182499144,-0.0075282664207915245,0.017446913603720703,-0.005515180688110111,0.002895803112025468,-0.16277536868144782,-0.013581914875000045,0.3077581473659895,-0.07760000000000003,0.012330256419190944,0.12360948161836809,0.13728375422721428,0.09274503551713471,0.04617460441021404,0.05462559646785764,0.055769784034571446,0.0645644611051799,-0.10401300546956116,0.13422478145814506,0.3000591229086621,-1.3661117158142841,-0.3463963667256051,2.8937436507836978,0.427236333055976,-0.14921077372956346,0.5882025668931559,0.13374056910866994,0.11520172902704254,-1.5785604230722883,0.48884559376741715,0.14242056235379108,-0.2072389772358625,-0.05499274392916862,0.13543708609234043,-0.10601543615166086
1988-10-01,0.0116,-0.0292,0.0203,0.0139,0.009899999999999999,0.013000000000000001,0.0060999999999999995,0.011533235813673085,-0.02963480512969074,0.020096701699122397,0.01380428097639708,0.009851316050374202,0.01291622526654623,0.10263824637657559,0.01049168092399988,0.14465339354382659,-0.045186249999999956,0.07137273839719893,0.08769429564674433,0.11381322176811981,0.08752774022220469,0.036969822476797365,0.05194243805877041,0.04286180056388256,0.06202181936266749,-0.01611401034218496,0.11032679380091566,0.12992723211030477,0.27895792021042604,-0.043921619584351285,-0.02267734474508722,0.8130591229185987,0.31674585261317956,0.40904653899223176,0.044723479608720605,-0.024188629806609175,-0.9070348035322486,-0.23837686959514318,0.007093027436625243,-0.2618970726933921,-0.14685198790754295,-0.19087931732504873,-1.2142003936179306
1988-11-01,-0.0227,-0.016399999999999998,0.0147,-0.0036,0.016399999999999998,0.0018,0.005699999999999999,-0.02296161163734704,-0.01653596864009952,0.014593002302900086,-0.003606495594111744,0.01626697246387194,0.0017983819413793973,0.16826578293996897,0.021360554107999974,0.1142403904635502,-0.04518624999999984,0.026297453727585518,0.08715714130597413,0.09577882114418323,0.08453610091005465,0.05357064455580751,0.046584415350201636,0.05364287683213731,0.06331067056640312,-0.002270488471303289,0.10971498203321665,0.17053627141127226,0.6857263057129476,0.092641264310931,-0.5664819773010966,0.8130591229186003,-0.038983223679972014,0.2713857685350847,0.2052657798467297,0.09223374500177711,-0.8012738720507399,-0.24925334683820777,-0.07050487542081338,-0.3710443059229762,-0.1002890391459186,-0.19923333518075634,-0.9496860437255514
1988-12-01,0.0148,0.0189,-0.0183,0.0069,-0.0038,0.0031,0.0063,0.014691548742989682,0.01872361399810251,-0.018469516283661322,0.006876303939432064,-0.0038072383429540663,0.0030952049073025216,0.10986343056307812,0.0032685028640000446,0.09873679268837261,-0.04518624999999993,0.04538086134463337,0.0886617398021716,0.1254719279318317,0.06913347814727994,0.028643733155476303,0.03688523395290928,0.0761113736930239,0.05573438571608999,-0.05475777010347971,0.09054656017522357,0.18022969803531141,0.32374059316148307,-0.13467785623037262,-0.8436965709790976,0.813059122918599,0.11162088262563875,0.49804015217058534,-0.03579599859965675,0.3348658995132527,-1.2022631468990281,-0.21878774307825993,-0.4700220297921351,-0.568624434206735,-0.3740011342784792,-0.4609696189885427,-0.8865461496077877
1989-01-01,0.060700000000000004,-0.0219,0.0060999999999999995,-0.0097,0.0011,-0.0025,0.0055000000000000005,0.05892906752928747,-0.022143364685689858,0.006081470315867954,-0.009747351454880074,0.0010993954433010642,-0.002503130218118477,0.1296729112352526,0.05196411722799987,0.10638788931055541,-0.045186249999999886,0.030213622651068972,0.09182862656873081,0.07913590650168278,0.055102224193469274,0.030934003586548187,0.035999402263588304,0.05513721469548094,0.05351407899448947,0.017678493601488432,0.04591398784874077,0.11199441763376417,0.44652244499711097,0.4771623426588494,-0.706889897323941,0.8130591229185996,-0.008077259048364448,0.14434653390156651,-0.01364737960829529,0.10837075753074223,-0.6488688015921774,-0.15466358129925403,-0.8339682705217203,-0.586669538390756,-0.4542152255663838,-1.0704075635444514,-1.3310090363402363
1989-02-01,-0.0223,0.0281,0.009899999999999999,-0.0084,0.018799999999999997,0.009899999999999999,0.0060999999999999995,-0.02255240447051149,0.0277124385665358,0.009851316050374202,-0.008435478821101575,0.01862546412316482,0.009851316050374202,0.054196053559899315,0.05239467657200003,0.102969883331951,-0.04518624999999997,0.02502915459940369,0.09013697305607485,0.10675266779328663,0.04974761142705561,0.007067439618186455,0.0347622776309372,0.0743291968136679,0.05510327055348767,0.042875201104153104,0.04299914012667686,0.09968522817510017,-0.021293370544748197,0.4825721422497839,-0.7680061073990534,0.8130591229185986,-0.048992497734222824,0.35515168990366547,-0.24445480950678164,0.3156205793373652,-0.45637246427254585,-0.18891673637414552,-0.9728575810077326,-0.6118707624538958,-0.3968017360033033,-1.1102085141021243,-1.4111871765624076
1989-03-01,0.015700000000000002,0.0067,0.004699999999999999,-1e-4,0.006500000000000001,0.0351,0.0067,0.015578029963318462,0.006677654753240497,0.0046889894861314695,-1.0000500033334732e-4,0.0064789660977090735,0.034498040407567356,0.09550535256884563,0.05332801832300005,0.09896626874062948,-0.04518624999999997,-0.026604235510593655,0.06668469393035353,0.10247313635922595,0.0498888638512314,0.00928809549386056,0.03463208294658946,0.0624015883208453,0.0536356136635231,0.07293521584624685,0.05307140122673336,0.1290773718698196,0.23474727556237363,0.4942991942650808,-0.8395933872208687,0.8130591229185986,-0.4564774044706051,0.3224850320704994,-0.2229794150581816,0.1868170654796641,-0.22672171577632938,-0.6637861749104911,-0.9691937396331876,-0.6145229329187633,-0.44982448398925534,-0.9726762639564916,-1.2197361125829926
1989-04-01,0.0435,-0.0067,-0.0148,0.0073,-0.0048,0.0171,0.0067,0.04258044753511848,-0.006722545760826811,-0.01491061273575424,0.00727348396649847,-0.004811556997222082,0.01695544064941337,0.13668075510151168,0.03624756021500031,0.10488718633469155,-0.045186249999999935,-0.041845195850434114,0.06562480409479396,0.0699995408739138,0.05417980578567638,0.017571713132785716,0.03516242255232878,0.0375878907722329,0.05220056678954012,0.06779100590725795,0.0517010450860788,0.1785259509519458,0.4899580131229757,0.27969032193830423,-0.7337234601987173,0.8130591229185989,-0.576757349084397,0.07460653212809269,-0.14287066961679404,-0.08114037443687415,-0.2660221510238269,-0.6852471718747711,-0.8578941942489307,-0.6037194884790928,-0.5016691142073338,-0.9913878681983683,-0.8976438155436267
1989-05-01,0.032799999999999996,-9e-4,-0.009000000000000001,0.0045000000000000005,-0.0026,0.014199999999999999,0.0079,0.032273560550295635,-9.004052431641551e-4,-0.00904074465214907,0.004489905272852001,-0.0026033858701149278,0.014100124378781626,0.17714216772168978,0.09464711076000021,0.10584739522294437,-0.04518625000000009,-0.01775860370836091,0.06101072485443055,0.035112792860257924,0.051947210683791704,0.030082420479575767,0.033777662351596544,0.031794777922457884,0.05250920396098642,0.07585300833612263,0.05241974894143834,0.1949007714300507,0.7407433442280533,1.0134564544159266,-0.7165542894898904,0.8130591229185973,-0.38666867329338794,-0.19169212178613468,-0.0218828218163076,-0.14369887404509238,-0.20443053478371687,-0.7786745614469217,-0.9158038149483364,-0.6319281678403529,-0.490518830327912,-0.9815742863785539,-0.7909834495775906
1989-06-01,-0.013300000000000001,-0.0097,0.022099999999999998,0.0013,0.0152,0.004,0.0070999999999999995,-0.013389237119016052,-0.009747351454880074,0.021859334352893528,0.0012991557316201288,0.015085637418040953,0.003992021269537457,0.10849988250714993,0.06339303355999992,0.10234378677113268,-0.033100000000000025,-0.04654611375454831,0.056677186620332526,0.07246709131522522,0.051783676993087,0.01597865211406524,0.030846739029498443,0.08569450512736299,0.03285030920517796,0.11379296800316241,0.034197208292488596,0.16033908175771072,0.31528913710645884,0.6207619364413399,-0.7792011284662494,0.95692247393405,-0.6138564643982,0.09344191800955903,-0.15827675487857532,0.4383519422724384,0.08542095764589312,-0.8664214647252879,-0.9200455934921883,-0.6916334339086485,-1.2007451982528785,-1.2303949825384513,-1.0161072897922336
1989-07-01,0.0718,-0.041100000000000005,-0.027999999999999997,0.020499999999999997,-0.005600000000000001,0.053200000000000004,0.006999999999999999,0.0693394780786129,-0.04196848482250158,-0.028399474521698,0.020292703267762394,-0.005615738785635745,0.0518331486400172,0.20312929019864634,0.09223253796800002,0.11576881026478177,-0.02270000000000009,-0.08362540691514087,0.06812641727081539,0.02019770283656186,0.058844316960051504,0.041911581230432926,0.03527081498634384,0.0633454308072976,0.033669523782070825,0.1653554082067663,0.054591382899232196,0.2867546971137872,0.9018150590500325,0.9831183486833069,-0.5391528192364958,1.080714291128026,-0.9064820751358834,-0.30554246962494896,0.09251396334223914,0.197009404443204,0.47934468285509324,-0.6345936879227766,-0.7369049147202882,-0.6015114473939284,-1.1711490383097618,-0.9519215895569455,-0.1926762289308412
1989-08-01,0.0143,0.005699999999999999,0.0062,0.0036,-0.0060999999999999995,-0.0049,0.0074,0.014198719399812928,0.005683816468297709,0.006180859075081099,0.003593535510130218,-0.006118681008177177,-0.004912044361020641,0.26210987594217294,0.072667954358,0.10280543874146121,-0.022699999999999953,-0.07904673901724524,0.06894053115977702,0.005015594864057338,0.055220445989733226,0.05462679064333065,0.032782619158970266,0.03970390917793698,0.032976263812589585,0.15548541919744197,0.056767302439669015,0.3411566149594182,1.2673847405466503,0.737297469668444,-0.7709464855613507,1.0807142911280279,-0.8703477431197948,-0.42143102751162426,0.21547949826810367,-0.058289976035026655,0.40394051612104565,-0.6181092429234908,-0.8309018034429971,-0.6521979982099411,-1.196194775431222,-0.9222103750084617,0.16168053940307164
1989-09-01,-0.0076,0.003,-0.0127,0.0139,0.0058,0.0351,0.006500000000000001,-0.007629027164491163,0.002995508979798371,-0.012781334364733152,0.01380428097639708,0.005783244755727361,0.034498040407567356,0.21238780455426598,0.0788645767759999,0.1050234492827961,-0.02270000000000001,-0.06373796800557163,0.0691821224461444,-2.499780259104245e-4,0.05628458117124286,0.050792160999678426,0.03137728496925637,0.05151753831188466,0.03160931022858334,0.19258446247010874,0.05992077844734314,0.2761257725598376,0.9592005885670433,0.8151554604174707,-0.7312869884622891,1.0807142911280272,-0.7495326443116184,-0.4616243688954869,0.17839577671366533,0.06928270081631469,0.6873676244960439,-0.6132174233311373,-0.8032999939245153,-0.6808257862790186,-1.2455793665361683,-0.8791510612349878,-0.2619096586509119
1989-10-01,-0.0365,-0.032400000000000005,-0.0116,8e-4,-0.0011,0.013500000000000002,0.0068000000000000005,-0.03718279112771595,-0.03293650024626485,-0.0116678048676821,7.996801705642441e-4,-0.0011006054440330039,0.01340968690991774,0.15474065805460202,-0.030149263180000108,0.11782694208110912,-0.0438226,-0.06682412221074485,0.07050539853206153,-0.03150747650770325,0.05275134737513931,0.03721549928836976,0.029649986121657597,0.04006423311193341,0.03136438339226488,0.19317310238248386,0.05990699105882345,0.2599972245932287,0.6018957446187277,-0.5545582271803756,-0.5023520596016943,0.8292907297951911,-0.7738882261510066,-0.7002201178362938,0.04709935715606455,-0.05439892035075446,0.6918646813881151,-0.5864232951963215,-0.8949459125247825,-0.7160122534573957,-1.2544279564252012,-0.8793393218993916,-0.36696588390354834
1989-11-01,0.0104,-0.011899999999999999,-0.0113,-0.0074,0.0138,0.027000000000000003,0.0069,0.010346292054144267,-0.011971371781219958,-0.011364330079049759,-0.007427515828796584,0.013705647056111967,0.026641930946421092,0.1938503641649132,-0.03387835504000003,0.11159137111105819,-0.04382260000000012,-0.06255481410780528,0.06988964238276672,-0.05632348676768162,0.049788874779678215,0.03325984001769977,0.030808662338481417,0.03740369886745176,0.0302931201719296,0.22318703947575447,0.059209392016137535,0.28574185358355975,0.8443030151796509,-0.6014127198302374,-0.6138481973291973,0.8292907297951898,-0.740195326838196,-0.8896464904281763,0.008845189064346105,-0.08312942065466626,0.9211634085486147,-0.5988913276345945,-0.9717872816519991,-0.6924090867382642,-1.2931299992165708,-0.8888647268791626,-0.19927356914259142
1989-12-01,0.0118,-0.023700000000000002,0.0015,-7.000000000000001e-4,0.0131,0.0279,0.0060999999999999995,0.011730922875698699,-0.023985362750511312,0.0014988761237359487,-7.002451143934259e-4,0.013014937077494763,0.02751788603673928,0.19032104696694874,-0.014992059280000025,0.11163277232475331,-0.043822599999999975,-0.10174920503822771,0.06680029301109437,-0.03729038606278201,0.04778570371716451,0.025460878070997506,0.030626455312775875,0.0550026975733946,0.030799471541750657,0.25342833005396037,0.05807383618889072,0.3551775350921881,0.8224278278159513,-0.36411424634343686,-0.6131079162151809,0.8292907297951915,-1.0495130512573823,-0.7443624101939076,-0.06657657525751688,0.10691813792060226,1.1521990576114014,-0.6614454868147864,-1.0237460431525816,-0.6961207904417492,-1.2748367991791891,-0.9043702371648683,0.25300834812875705
1990-01-01,-0.078,-0.011399999999999999,0.0083,-0.011200000000000002,0.013999999999999999,-0.0298,0.005699999999999999,-0.08121005542554317,-0.011465478109278096,0.008265744417032593,-0.011263192278710714,0.013902905168991434,-0.03025304317102094,0.03467144838646807,-0.057418452159999966,0.1360955049001206,-0.09872482629837319,-0.09210639413228883,0.06533563577435117,-0.0351852661436266,0.048294095392155297,0.02390762015207737,0.031296073398298686,0.06859727833325535,0.031915588018589,0.21912397575774611,0.0737146994515442,0.31123036989003494,-0.1423095253458534,-0.8971842773284459,-0.17569806016282585,0.1757862719614833,-0.9734130722648683,-0.7282935407028425,-0.08159773493138832,0.25372290371636413,0.8901226511825906,-0.6911023468552089,-1.0105592503299154,-0.6824801313160568,-1.2345143211674536,-0.6908011986576333,-0.033249490844143095
1990-02-01,0.011200000000000002,0.0097,0.006500000000000001,-4e-4,-0.0060999999999999995,-0.0051,0.005699999999999999,0.011137744410456021,0.009653257028138346,0.0064789660977090735,-4.0008002133969133e-4,-0.006118681008177177,-0.005113049386823014,0.07012352317520398,-0.056672148479999906,0.1333810331347789,-0.09872482629837309,-0.10835504927086093,0.056441836189212405,-0.03843347893213245,0.04742620742387106,0.032168270576862223,0.029353113818504292,0.042480207043014584,0.030394579520557574,0.20101638130644783,0.07665002383879624,0.30937143057730876,0.0774272494849205,-0.887807281104725,-0.22423461267094114,0.17578627196148447,-1.1016456308791187,-0.7530879036760693,-0.0017110995379606574,-0.0283093708908511,0.7517853065443842,-0.8711869174340068,-1.033070749620804,-0.7220597811134203,-1.2894645284175683,-0.6507206483347413,-0.04535802954043866
1990-03-01,0.0183,0.0147,-0.028999999999999998,0.0199,-0.009399999999999999,0.0172,0.0064,0.018134570195482678,0.014593002302900086,-0.029428810690812168,0.01970458327433543,-0.009444458827999689,0.01705375456582762,0.07286283710673414,-0.05061202687999988,0.1336129692880792,-0.09872482629837318,-0.10126936375796425,0.05940293203626018,-0.07068668064407335,0.053114142946990385,0.05281370053139489,0.03369713983826142,0.026011816290918865,0.03275271512452019,0.18024718680795981,0.07380702719561642,0.28151655056592406,0.09440588930079644,-0.8116643665227079,-0.22008744067713945,0.17578627196148347,-1.0457261978487666,-0.9992840867353757,0.19794556797696525,-0.20614775297121665,0.5931140250043188,-0.8112296776790995,-0.8855356285285557,-0.6335684762192565,-1.2042710266525685,-0.6895405043341858,-0.2267958474344983
1990-04-01,-0.0336,-0.004699999999999999,-0.025699999999999997,0.0178,-0.01,0.022799999999999997,0.0069,-0.03417745180158651,-0.004711079730119223,-0.02603601455084144,0.01764343517259528,-0.01005033585350145,0.022543964434894436,-0.006406664322043176,-0.004893126655999835,0.13264505350691733,-0.10313487987520338,-0.0994597782626615,0.05951722566102725,-0.08096836474981783,0.0562008088397469,0.06378813104423076,0.0362016757169891,0.020650822073964514,0.03434590491730573,0.18686149116820494,0.07427689889171918,0.28632126943086644,-0.3969172473619203,-0.23722534626612005,-0.23739441573417516,0.12329314251930958,-1.0314451526721071,-1.0777665705787913,0.3040764758288442,-0.2640399023765271,0.643645601922843,-0.808915422884055,-0.8054729020071053,-0.5825490654112027,-1.14671309097,-0.6831246150911643,-0.19549943883057436
1990-05-01,0.0843,-0.0256,-0.038900000000000004,0.0168,-0.0163,0.031400000000000004,0.0068000000000000005,0.08093461749599924,-0.02593338202650443,-0.039676817152898426,0.01666044089310717,-0.016434306463424773,0.03091710263472161,0.04313831707553084,0.06704349561599998,0.153120684766096,-0.1031348798752036,-0.12172315878204121,0.06116629703235476,-0.10869696807371354,0.0650468019901534,0.07681410815905787,0.03796149323982185,0.0066314554583504215,0.03874143405417903,0.20698968841538812,0.07611447972875782,0.3287128471974293,-0.08983072319570559,0.6666284782141826,0.12872342878974044,0.12329314251930694,-1.2071452474218318,-1.289425442801121,0.4300473656383387,-0.4154318333941358,0.7974198300246732,-0.7755244849709122,-0.5760232773899304,-0.5467001666562658,-0.9879136908629567,-0.6580332652113442,0.08062579897005165
1990-06-01,-0.0109,0.013500000000000002,-0.02,-0.009899999999999999,-0.0039000000000000003,0.024900000000000002,0.0063,-0.010959840236342012,0.01340968690991774,-0.020202707317519466,-0.009949330853668103,-0.0039076248310170765,0.024595046855380134,0.04567559483065531,0.03644576403199995,0.15284705220902803,-0.10313487987520369,-0.10114755268665931,0.06581461236086021,-0.14540947922144531,0.055805128567500605,0.06476944820561648,0.04107403663220521,-0.012307335715068035,0.035486915772699065,0.23211527057463344,0.07544941780474881,0.37752474979607875,-0.07410433104282488,0.2821806706975822,0.12383069748796999,0.12329314251930594,-1.0447648785760169,-1.5696605709542288,0.31356654286299984,-0.619947504144178,0.9893727880913854,-0.6814038718588856,-0.8157361577424053,-0.4832951536386157,-1.1054912417432254,-0.6671143902920501,0.3985709881482718
1990-07-01,-0.019,-0.0308,-6e-4,-0.001,0.0321,0.0604,0.0068000000000000005,-0.019182819416773987,-0.03128429003976644,-6.001800720324606e-4,-0.0010005003335835344,0.03159556158975058,0.05864619543273343,-0.04291121615145288,0.05210398853000009,0.1361068498661529,-0.10313487987520362,-0.09149255194901451,0.06061797519187233,-0.12131917030237893,0.05439406778499653,0.04233677487252385,0.037956407378263606,0.02513837370120542,0.04766397069926778,0.2405383905405818,0.07906300551405077,0.3618575608429607,-0.6231774178438445,0.4789197675594781,-0.1754952046582815,0.12329314251930677,-0.96856869880286,-1.3857736453223486,0.09662590219821683,-0.21557985956456774,1.053723249042581,-0.7866270854103523,-0.8523366119087867,-0.5468037697479031,-0.6655649081448207,-0.6177724556636764,0.29651990858785615
1990-08-01,-0.1012,-0.035,0.015600000000000001,-0.0048,0.029900000000000003,0.0197,0.0066,-0.1066947386709629,-0.03562717764315116,0.015479570848386375,-0.004811556997222082,0.02946171014961905,0.019508466388043013,-0.1518964813930056,-0.12788797852,0.1686152140891581,-0.14540153304414102,-0.12825923499134861,0.06440599145760291,-0.11311046447932438,0.05821717544092011,0.03361255316175327,0.038843296779660745,0.062269857203814505,0.053872179185044826,0.27120590577251646,0.07502372344742643,0.42310238716552206,-1.2986828947719309,-1.7826046501250352,0.4057758725393871,-0.379809338489378,-1.2587272256513773,-1.3231146863903884,0.01225618758002352,0.18539453130039615,1.2880151443712513,-0.7099260898426689,-0.7531718712620679,-0.5287371191179365,-0.4412779673506734,-0.6729270576023245,0.6954492035883912
1990-09-01,-0.0611,-0.0364,0.0059,3e-4,0.0362,0.0571,0.006,-0.06304630171763533,-0.03707900824142074,0.005882663158155512,2.9995500899794244e-4,0.03556017539855088,0.05552930979248023,-0.19761749937514417,-0.17215046308000004,0.1753983134622136,-0.18540504349807832,-0.16250308956895654,0.06702274212932927,-0.0964021231841915,0.060203343656111255,0.01974813781211382,0.03695419712458471,0.09437664151381253,0.061947995483801865,0.29822409718107235,0.08207476115897841,0.4958415965562165,-1.5820679742981374,-2.3387444115845946,0.5270621806497342,-0.8559734974539114,-1.5289758740380932,-1.1955760349147126,-0.12182302374413016,0.5321083457492487,1.4944271482649238,-0.6569412641201462,-0.701654133948284,-0.5672195989172033,-0.14951905876804364,-0.5766482704761632,1.1692492494615963
1990-10-01,-0.0192,-0.0552,8e-4,0.0317,-0.0025,0.0674,0.0068000000000000005,-0.019386713800190095,-0.056782014098984535,7.996801705642441e-4,0.03120792712419322,-0.002503130218118477,0.06522578491770732,-0.18321042385795694,-0.17231923974399999,0.17421232803738598,-0.20104526666291536,-0.18223741114587633,0.07749434619064421,-0.08506601060576569,0.06076417235150879,0.0512331672469597,0.047278010749065756,0.09284282701974989,0.06217625506736939,0.36726630619741063,0.09207768659729454,0.5504767300553676,-1.4927709633966493,-2.340865020370792,0.505855975972649,-1.0421400019629987,-1.6847169200965804,-1.1090448535310744,0.18266063522614745,0.5155450341214382,2.0218917923933697,-0.44490879109206466,-0.6871072163274411,-0.3569152096342054,-0.14127261475402667,-0.4400627679852789,1.5251251102940633
1990-11-01,0.0635,0.0042,-0.0297,0.0058,-0.0471,-0.0536,0.005699999999999999,0.06156535565815473,0.004191204618468052,-0.03014997695088322,0.005783244755727361,-0.04824531262799454,-0.05508996631796001,-0.14028531846094316,-0.02065143688000015,0.18977394511047574,-0.2010452666629151,-0.16891287144285927,0.08022252542719625,-0.10209320328792804,0.06486383896296827,0.0652128950402906,0.04555915383532135,0.027194643782915584,0.08277259485775089,0.25996186191356396,0.12270296764654756,0.42887473335642323,-1.2267153298288298,-0.435221978766527,0.7841079931138641,-1.0421400019629958,-1.5795611515789163,-1.2390173717326314,0.317855003671327,-0.1933746696370054,1.2021135534875713,-0.3896677232477412,-0.5807690190147159,-0.39192970782823366,0.6028212818547378,-0.021888162283036035,0.7330484284487438
1990-12-01,0.0246,0.0079,-0.015700000000000002,0.026600000000000002,-0.019799999999999998,0.0025,0.006,0.024302292522964817,0.007868958378695197,-0.01582455034697146,0.0262523711440657,-0.01999864650668997,0.002496880198587146,-0.12940930746697243,0.0687405876799998,0.1919360450438355,-0.19689548179020552,-0.14201299101429654,0.08279458705648585,-0.11751406889296812,0.06412157810651171,0.09431357755264935,0.049510762721546156,-0.0061630738959495,0.08464509951862717,0.2288274798797041,0.12341428209035707,0.37084047089400063,-1.1593043364502844,0.6879517361611777,0.8227677715220209,-0.9927448663517654,-1.3672703210852901,-1.3567284221064562,0.5992802539869215,-0.5535970271948043,0.9642549163781652,-0.3375877759115327,-0.6000219702646445,-0.31143225565299165,0.6704701604278223,-0.01217547959477035,0.3550317240160022
1991-01-01,0.046900000000000004,0.0378,-0.0148,0.0134,-0.0407,-0.0647,0.0052,0.04583341634317215,0.03710308795150226,-0.01491061273575424,0.013311014059672416,-0.041551427158235114,-0.06688794554163173,-0.011473540116240133,0.14076725248999966,0.1834947659500821,-0.19689548179020552,-0.09931325316066841,0.09670282264753392,-0.13773168766572674,0.06086018370757854,0.12153861194564586,0.04526171352133158,-0.0597753814481109,0.09217111024697024,0.18462414134352412,0.1427021167937487,0.32235582900925086,-0.4283224317444915,1.592936907787994,0.6718321120685721,-0.9927448663517654,-1.0302887930491385,-1.5110542039887107,0.8625665915374524,-1.1325440644733578,0.6265528271423193,-0.05596926068123171,-0.684616849306506,-0.3979888063219753,0.9423659781200214,0.2511913335609756,0.039218206910615866
1991-02-01,0.0719,0.0401,-0.0062,-6e-4,-0.0034000000000000002,-0.049400000000000006,0.0048,0.06943277471533682,0.03931686237695041,-0.0062192998139168326,-6.001800720324606e-4,-0.003405793134832821,-0.050661914802227995,0.047865419649329555,0.14977754390599984,0.19648804593783367,-0.19689548179020547,-0.07219541904764926,0.10686564295319359,-0.1486117746668646,0.05782362411619888,0.12131421446426383,0.04531015856204358,-0.05722119443725471,0.09217949346930644,0.13187627777782063,0.15604435704472264,0.2804880524446852,-0.06053149938297661,1.7061474825803515,0.904160561540862,-0.9927448663517647,-0.8162778965944283,-1.594104436178268,0.8603965009445149,-1.1049619836022475,0.22357277362700376,0.1498108576016623,-0.7633799058139291,-0.3970019418674903,0.9426688428347121,0.43337369613791293,-0.23349515666682835
1991-03-01,0.026600000000000002,0.0388,-0.013000000000000001,-0.0052,-0.009899999999999999,0.0271,0.0044,0.0262523711440657,0.03806620080645628,-0.01308523954865548,-0.005213567052887434,-0.009949330853668103,0.02673929718962151,0.05640640264362329,0.15202188812599982,0.1972958022724754,-0.1968954817902056,-0.050159260182022214,0.11418596414501334,-0.13458272049041742,0.05513053556238879,0.09371838469364646,0.046058712974167304,-0.057697056947633496,0.09220796313605623,0.1428923760377503,0.15679886746369973,0.2774750965281677,-0.007593326702406407,1.734346736904902,0.9186037796471168,-0.9927448663517664,-0.6423710095769607,-1.4870174058418408,0.593524296226831,-1.1101007139258339,0.30773291900970373,0.2980351216755378,-0.8332339230199157,-0.381753286262795,0.9436973802099253,0.44367620067481983,-0.2531205920189284
1991-04-01,-0.0028000000000000004,0.005,0.0149,0.0067,0.008100000000000001,-0.0232,0.0053,-0.0028039273327342593,0.004987541511038968,0.014790085472635345,0.006677654753240497,0.008067371077758793,-0.023473356185642127,0.09007498418483184,0.09733138488799997,0.1930218359327625,-0.19689548179020536,-0.040902297280148936,0.11455808028643803,-0.09851996615593206,0.05882109192978849,0.08179042824827465,0.04470052967832599,-0.0404690940494038,0.09289262392876944,0.09149127191403439,0.15986719145698505,0.19001123806996645,0.20108911473661234,1.0471832455818009,0.8421824315550035,-0.9927448663517634,-0.5693160996301968,-1.2117420224225037,0.4781720831999832,-0.9240598861071325,-0.08495824022028407,0.3055698513366245,-0.7375073314738356,-0.4094205726896783,0.9684324507268304,0.48557280152544674,-0.8228323127933468
1991-05-01,0.0366,-0.0039000000000000003,-0.0052,0.0207,-0.0236,-9e-4,0.004699999999999999,0.03594612677346909,-0.0039076248310170765,-0.005213567052887434,0.020488666427315602,-0.023882940463332003,-9.004052431641551e-4,0.04212093387991911,0.06119387403199994,0.1790044426826419,-0.18804517418886404,-0.019543081199462797,0.11193602148658457,-0.06691048000407995,0.04810544068623155,0.08593970310091792,0.04579550065417933,-0.04758973612873629,0.09431679541128225,0.057309414164544936,0.1578925403264479,0.15285018310499787,-0.09613660242852776,0.5931304090322643,0.5915421588514357,-0.887399129746407,-0.40075156892518254,-0.9704594698078632,0.5182986580161381,-1.000954069990929,-0.34609880467147397,0.25247754489506885,-1.0154526241682706,-0.3871151329814889,1.0198841804345002,0.45860981768918885,-1.0648875907456978
1991-06-01,-0.049400000000000006,0.0018,0.0108,0.0175,0.0068000000000000005,0.0042,0.0042,-0.050661914802227995,0.0017983819413793973,0.010742096531902029,0.017348638334613073,0.006776984279023669,0.004191204618468052,0.0015571324903966843,-0.017367137488000006,0.18672450172853336,-0.172319239744,-0.030861626784037366,0.11082919640788641,-0.03758480937563702,0.047930742677985354,0.11599196839226811,0.04290259594406857,-0.037359046616214586,0.09493917756024364,0.035954838232057806,0.15639117176703268,0.15357677776790513,-0.3475565530329911,-0.3939561190077333,0.7295819263048623,-0.7002123987845731,-0.4900762575055059,-0.7466098117534787,0.8089264217662524,-0.8904751957729431,-0.5092422491704429,0.23006618773605844,-1.0199839856255895,-0.44604592933672965,1.042369280365542,0.4381092970788641,-1.0601547844985526
1991-07-01,0.0424,-0.0097,-0.013000000000000001,0.016,-0.0144,0.0426,0.0049,0.04152574682849831,-0.009747351454880074,-0.01308523954865548,0.015873349156290163,-0.014504686202881688,0.04171759335186847,0.06424378685829724,0.02717257910399984,0.18971961956763506,-0.07912688000000002,-0.009762968431935803,0.10676920824297721,-0.049525922407197775,0.04881208039716047,0.13498282270925333,0.04185492654372903,-0.08072965443749769,0.08741616889102795,0.01856517761292298,0.15062335326603732,0.21571247714675101,0.040983845175535376,0.16566694795710807,0.7831366164370887,0.40906178980240504,-0.32356801908549443,-0.8377591021745161,0.9925821118894926,-1.3588244620057417,-0.6420947647644301,0.14785821596498475,-0.9971236232686057,-0.4673877978964662,0.770581919510658,0.3593522981296359,-0.6554226261115367
1991-08-01,0.0232,0.0158,-0.0079,0.0085,-0.0032,0.0158,0.0046,0.02293497128249599,0.015676479385007616,-0.00793137032628028,0.008464078412129364,-0.0032051309489483358,0.015676479385007616,0.2115423261163878,0.013894446208000177,0.1454426802605473,-0.04939999999999991,0.04236557167548116,0.10067426573253234,-0.07151897166224985,0.04386127331843357,0.1501509010272124,0.03851087175551349,-0.11027412325788666,0.07815964518560199,0.014669517916256591,0.15017253569963268,0.32181644937427445,0.9539601983716762,-0.0011672850240865434,-0.008564375636620457,0.762902606601184,0.08782455573328998,-1.0056371574692413,1.139268714020742,-1.6778684180020587,-0.6718565986458085,0.024445821274869873,-1.1255389189229708,-0.5355088843036131,0.436167025256565,0.3531965845617599,0.03570485973602326
1991-09-01,-0.0159,0.0168,-0.0123,-0.0177,-4e-4,0.0175,0.0046,-0.01602776107719725,0.01666044089310717,-0.012376271068055405,-0.017858518301313193,-4.0008002133969133e-4,0.017348638334613073,0.26986772087670374,0.04962499948800003,0.12351592750115174,-0.049400000000000055,0.09991418978790967,0.09094127715912309,-0.08831821086669078,0.042148559115028975,0.12945439376090273,0.04756886118104225,-0.1417004570629059,0.06203325545725892,-0.02334099472160478,0.13958823568201886,0.41156817793960965,1.3154689171628149,0.4477722983610439,-0.40062923342116785,0.7629026066011821,0.5419917764870197,-1.1338696538078112,0.9391180909002668,-2.0172342032042896,-0.9622470975495276,-0.172630923136996,-1.1699637363929718,-0.35099035233879033,-0.14643883060517135,0.20867267049933347,0.6203190378067492
1991-10-01,0.0129,0.0077,-0.0043,-0.0165,-0.003,0.0318,0.0042,0.012817503710614343,0.00767050630421974,-0.004309271588098403,-0.01663764115302325,-0.0030045090202987243,0.03130484982841253,0.3114284405342711,0.01992053144799999,0.11632800231973932,-0.04940000000000006,0.17314090712243502,0.05765029013996397,-0.09296407130292161,0.04132551826687278,0.07668740550920572,0.04850961489576942,-0.14213068239771187,0.061945015721693045,-0.055914594672804685,0.1251500258763249,0.45355912293198297,1.5730679025993854,0.07454797681047104,-0.5291540950338326,0.762902606601182,1.119888792741489,-1.169332586035182,0.42882205674961593,-2.0218801081153166,-1.2111009878150631,-0.8467177455461008,-1.191311979653296,-0.33182644231117636,-0.14962671007022088,0.011525330599587675,0.8938346812994448
1991-11-01,-0.042,-0.0051,-0.0177,0.011000000000000001,-0.0012,0.0118,0.0039000000000000003,-0.04290750101127655,-0.005113049386823014,-0.017858518301313193,0.010939940038334263,-0.001200720576518877,0.011730922875698699,0.18133375273326946,-0.045070495380000186,0.12475340068586563,-0.04939999999999995,0.16227632791885105,0.059959808562209976,-0.08174647762636289,0.035614353870091646,0.08225389438238939,0.04873976141190139,-0.10080819139346686,0.04908806642144804,0.009325457639535406,0.11311493604948664,0.2821419441267363,0.7667233574532926,-0.7420373214716594,-0.3785023935055243,0.7629026066011834,1.0341467557752728,-1.0837060869686872,0.4826541455279252,-1.5756479865711874,-0.7126838388546879,-0.7999538591629441,-1.3394496171901493,-0.3271381726192508,-0.614115915467207,-0.15280847371179898,-0.22272223293849633
1991-12-01,0.1085,-0.0226,-0.042300000000000004,0.036699999999999997,-0.031400000000000004,0.08289999999999999,0.0038,0.10300775007422915,-0.022859294146082558,-0.043220702454563435,0.03604259134692931,-0.03190354901300828,0.07964262765219667,0.2780679922943874,0.07564206469999979,0.15344863323769684,-0.0494,0.12710475534069365,0.06965637563737719,-0.10656161904172279,0.0503986144693221,0.09290143415762975,0.053772402917558415,-0.11144951457224239,0.053299306856164325,0.09027285593800771,0.13797292337174694,0.3895175068666298,1.3662953132142892,0.7746659326590848,0.1345873646077674,0.7629026066011828,0.7565766612831158,-1.2731258274677113,0.585623776746014,-1.6905611997560828,-0.09426662357521469,-0.6036145891913293,-0.9559716981980877,-0.2246192162698552,-0.46197440214415536,0.186616298597061,0.47668798856345923
1992-01-01,-0.0059,0.0848,0.0467,-0.011699999999999999,0.0325,-0.025,0.0034000000000000002,-0.005917473764037623,0.08139563820399406,0.04564235787870104,-0.01176898359999889,0.03198304585305074,-0.025317807984289897,0.21360912325900316,0.05567753630000016,0.15283355415539523,-0.04940000000000001,0.17814919887606906,0.09713824086180968,-0.050789734724900004,0.07400878781978931,0.06583233410103184,0.05654371067844836,-0.043648101528031,0.05622731079837495,0.13655087623175155,0.11851045592727498,0.26439885798390317,0.9667704877850354,0.5238199132274911,0.12358934335149661,0.7629026066011827,1.1594136679005775,-0.8474060752564607,0.32384544024099604,-0.958389260186898,0.2592854984235492,-0.047152769890157376,-0.3435650050997349,-0.1681654475978652,-0.3561929922034052,-0.07913504704759582,-0.3382950457147931
1992-02-01,0.0108,0.0083,0.06509999999999999,7.000000000000001e-4,0.0225,-0.006999999999999999,0.0028000000000000004,0.010742096531902029,0.008265744417032593,0.06306869146698292,6.997551142732649e-4,0.022250608934819723,-0.007024614936964466,0.14443147848698668,0.11386101638000001,0.14134198230984032,-0.04939999999999992,0.14212848497907915,0.09306960301129323,0.01731118287835498,0.09997295464909145,0.06721874798369276,0.05641019366525536,-0.018794083696981656,0.061945946300713865,0.18724491910175667,0.10054822345157778,0.20603900279873832,0.5379980494108056,1.2548712099235684,-0.08188757020643206,0.7629026066011837,0.8751422456363461,-0.32757594718113037,0.3372530939550683,-0.6899964107697261,0.6465748923004424,-0.12953588333193233,0.32990017073609673,-0.1708852965742026,-0.14959309059332587,-0.32440135075846105,-0.7184325574571477
1992-03-01,-0.0265,-0.0097,0.0349,-6e-4,0.0182,-0.0021,0.0034000000000000002,-0.026857454169882642,-0.009747351454880074,0.03430480369199024,-6.001800720324606e-4,0.018036362486098575,-0.0021022080918701985,0.08523674684110749,-0.021791881420000103,0.14511687192399161,-0.04940000000000004,0.08880423438080687,0.0901792454213857,0.066682211915714,0.10363183493037066,0.07215361553568789,0.05564482876408371,0.00905349356603713,0.06410566540032091,0.15349206968322737,0.10079284094276693,0.14443857611719024,0.17110106252496612,-0.4495511914336035,-0.01439004442298411,0.7629026066011824,0.45431325812391693,0.04928458937167695,0.38497693464178506,-0.3892767982791729,0.3887118406901943,-0.1880607916587874,0.4248051398881607,-0.18647639536524035,-0.0715678775330198,-0.3210612076015254,-1.1196781199537384
1992-04-01,0.0109,-0.061200000000000004,0.0436,0.0165,0.024,-0.0255,0.0032,0.010841023177874769,-0.06315281500526863,0.042676274280436396,0.01636535408626423,0.023716526617316065,-0.025830760034521515,0.10014623684484114,-0.005260449580000159,0.14477113993538418,-0.04940000000000001,0.01708399526039983,0.11440269874022009,0.0968465428665275,0.1099534708696967,0.08259079188638796,0.05664474507292142,0.024968532299991963,0.0678545325629487,0.15077602570260562,0.10171868950281249,0.1336920304422058,0.26351210665468855,-0.241840606465878,-0.02057196130015872,0.7629026066011827,-0.11169480152180286,0.27953593653881953,0.4859121950376997,-0.21741393797919484,0.36796196619911536,0.30242363483391804,0.5887773438659748,-0.16610729569788807,0.06386925369022095,-0.3084191568750559,-1.1896776961993047
1992-05-01,0.003,0.0040999999999999995,0.0111,-0.0091,0.0049,6e-4,0.0028000000000000004,0.002995508979798371,0.0040916179032535575,0.011038847115216448,-0.009141657917283387,0.004888034072775866,5.998200719675495e-4,0.0644864707267756,-0.012936516550000166,0.14153437647539227,-0.0450704953800002,0.025252524486464756,0.11427654512628467,0.11481859619254742,0.10906822622124372,0.05098384998552197,0.056476146377401074,0.054886192245250154,0.061674900162094114,0.15250374468824623,0.10152678771896909,0.12725122020178148,0.042488032754983765,-0.33828720443885446,-0.07844743513566203,0.8144369570299803,-0.047229687711427694,0.4167207955838769,0.18024955182017185,0.10566002355030087,0.3811612930007713,0.29986923508889957,0.5658156425817538,-0.1695417867672771,-0.1593853051080872,-0.3110394904701407,-1.2316310830031494
1992-06-01,-0.0233,-0.031,0.032400000000000005,-6e-4,0.0095,-0.005699999999999999,0.0032,-0.02357573652870569,-0.03149066709137085,0.03188618886232173,-6.001800720324606e-4,0.009455158770755197,-0.005716306996109192,0.09371337677134606,-0.009691931910000173,0.13215107712870225,-0.04507049538000031,-0.008315336167514342,0.119111780416735,0.13864139167905254,0.11144800960157976,0.03228821589732722,0.05472296976794075,0.05771514806473932,0.06184292326819142,0.14114167829468593,0.10281502172628844,0.14945701446220028,0.22364036617374544,-0.29752034406799277,-0.24622704045517188,0.814436957029979,-0.3121434680924319,0.5985657290252798,-5.511390517517644e-4,0.1362092698906432,0.29435804043646185,0.397774664887789,0.6275430703565766,-0.20525540477404583,-0.15331505335419837,-0.29344922747152147,-1.0869896107164936
1992-07-01,0.0378,-0.0045000000000000005,-0.0051,0.0124,-0.0097,0.0147,0.0031,0.03710308795150226,-0.004510155477886019,-0.005113049386823014,0.012323749688831903,-0.009747351454880074,0.014593002302900086,0.08888693631360622,0.016660117780000094,0.13097632985452665,-0.04507049538000018,-0.003108065389034409,0.1187923246268066,0.14775513736726387,0.10985634322482263,0.028630501746509607,0.053896006569335866,0.0627590413235708,0.06039943374995631,0.11060470071515205,0.0974110911925089,0.15086320275629828,0.19372543266374734,0.03358223126758356,-0.26723229955743844,0.8144369570299806,-0.27104827285153016,0.6681330675441142,-0.035923956168311684,0.19067711863430403,0.06106341905585772,0.391306219292917,0.586258022261562,-0.22210131044108625,-0.20546469505116996,-0.36723749790637145,-1.0778301479751342
1992-08-01,-0.023799999999999998,-0.001,-0.0109,0.0366,-0.016399999999999998,-0.004699999999999999,0.0026,-0.024087795529089982,-0.0010005003335835344,-0.010959840236342012,0.03594612677346909,-0.01653596864009952,-0.004711079730119223,0.038869651318747644,-0.010504878388000072,0.13319524251691006,-0.04200000000000007,-0.01959535078130059,0.11751549950303206,0.1442844535530292,0.11048020726878978,0.05729140120023035,0.06345475785250691,0.048685586924021695,0.06376956703468907,0.08819143396514173,0.09795976975112357,0.1638798043343298,-0.11628849334923486,-0.30773467940972876,-0.2275566719367042,0.8509852457584347,-0.40116407458547226,0.6416405315378689,0.241248264779013,0.038701106018796005,-0.11016814984212599,0.3654526454724123,0.6024399668173113,-0.02738185656132775,-0.08371026521316588,-0.3597455359701867,-0.9930441504856764
1992-09-01,0.011899999999999999,0.0055000000000000005,-0.0019,0.0161,-0.0068000000000000005,0.0144,0.0026,0.011829751753577221,0.005484930230569745,-0.0019018072895963312,0.015971769509698665,-0.006823225348125537,0.014297304700824394,0.06821684805349082,0.025156254284000035,0.131718263317827,-0.04200000000000008,-0.030490878452594017,0.11613932569444992,0.15633321159388358,0.10851760436011967,0.09367178332439585,0.059246584140647623,0.0419713134583215,0.06456731163571158,0.08487605957173394,0.09765663521801674,0.1868240900464776,0.0656094181057415,0.1403326628267824,-0.25396603797432277,0.8509852457584347,-0.4871503533775952,0.733611501327366,0.5930736263155383,-0.03380479622507074,-0.1354967538871903,0.33758742690211585,0.5515334724293705,-0.1131057406472167,-0.054889761438477944,-0.3638847033349798,-0.8435923800580716
1992-10-01,0.0102,0.021099999999999997,-0.019799999999999998,0.011899999999999999,-0.0091,0.025,0.0023,0.010148331051815136,0.02088047757935513,-0.01999864650668997,0.011829751753577221,-0.009141657917283387,0.024692612590371414,0.06536939471185388,-0.0021074888440000272,0.13158345760064385,-0.03593509571438524,-0.017598725799289228,0.11814523629918333,0.13833264437513737,0.11217884224888251,0.1252531545968032,0.05313871068392609,0.035596162994835145,0.06551877941689334,0.0777262658083222,0.09605651764077314,0.1559313701744266,0.047960515537951304,-0.20222496244947558,-0.2563764534569939,0.9231761613953385,-0.3854069348189532,0.596208989113607,0.8984889825317512,-0.10264858679404476,-0.19011933153555774,0.378203762632964,0.6464995938051492,-0.2375280368893406,-0.02051562622791711,-0.38573359790887596,-1.044817719392023
1992-11-01,0.0414,0.0368,-0.0152,-0.0054,-0.0158,-0.0025,0.0023,0.04056596174666175,0.03613904661587314,-0.015316704111893288,-0.005414632701498842,-0.015926150550259255,-0.002503130218118477,0.15811658418885677,0.06454134513200005,0.1245251450553876,-0.03593509571438511,0.023774893045830137,0.12382651940587676,0.14122975484132683,0.11149724702110451,0.10699978987337277,0.05524248184529124,0.020458293571802955,0.06813055230124415,0.06249451486835511,0.09622300952337362,0.1376582906170538,0.622820193335161,0.6351899951027944,-0.3825837553142647,0.92317616139534,-0.05889098882868984,0.6183233064780423,0.7219653654581091,-0.26611897360116454,-0.3064859745423253,0.49324024606295364,0.6288202030917014,-0.19467252579865854,0.0738411518381196,-0.3834602252254674,-1.1638427404920673
1992-12-01,0.015300000000000001,0.0165,0.0264,-0.0052,0.0083,0.0433,0.0028000000000000004,0.015184135325040055,0.01636535408626423,0.0260575343192896,-0.005213567052887434,0.008265744417032593,0.04238876649178652,0.060744941747357784,0.0681182208840001,0.0763260486318788,-0.03593509571438516,0.0647300785564624,0.12144004710267291,0.22309514500275474,0.09504827283784435,0.062258503873861004,0.04766549800593024,0.062283809011407065,0.05754425251682638,0.0236407123115292,0.06770431936981809,0.19945443269122554,0.019297527946098268,0.680131955484419,-1.2444155136228119,0.9231761613953393,0.2643227283535167,1.243220851919015,0.2892838430743367,0.1855451936769882,-0.6033189906154833,0.44491817226237174,0.20216251892729453,-0.34902178246920984,-0.3086152038748795,-0.772870268219943,-0.761322350254291
1993-01-01,0.009300000000000001,0.0189,0.059000000000000004,-0.019,0.0294,0.048499999999999995,0.0023,0.009257021262676848,0.01872361399810251,0.05732506661926935,-0.019182819416773987,0.028976108236517188,0.047360571359837574,0.07696395705221648,0.06716662080600022,0.07548054849992003,-0.03593509571438517,4.929668250341912e-5,0.09088573374647706,0.2374680028259455,0.09953037677884738,0.054412215218311966,0.05097792943423654,0.059094385468612565,0.05606771063934892,0.1008074737011675,0.07444858925164045,0.23741870614344207,0.11982518775891587,0.668175495162668,-1.2595336158165438,0.9231761613953392,-0.24613072654065032,1.3529322153776573,0.21340439426764554,0.1511033389045405,-0.013784864827325488,-0.17375558437082408,0.3184204731527107,-0.2815448893451554,-0.3619589440879492,-0.6807802595096599,-0.5140351628642086
1993-02-01,0.0012,-0.0339,0.06480000000000001,-0.004699999999999999,0.0415,0.0318,0.0022,0.001199280575482187,-0.03448793045867319,0.06278698809876479,-0.004711079730119223,0.04066198171888972,0.03130484982841253,0.06673556964847593,0.025971980748000334,0.07545441096413671,-0.02380000000000001,-0.0418053897401901,0.0965268962955853,0.23711945301761972,0.09939076759826906,0.04872237214628394,0.05169032794857338,0.07877437893942263,0.06468527239109786,0.14381989059905798,0.07586142952022022,0.2789248427578098,0.05642825335631303,0.15058192753966626,-1.2600009722628982,1.067620925847895,-0.5764432037399646,1.3502716537012616,0.1583793786130506,0.3636230836012492,0.3148188906924513,-0.05953147514771265,0.3147992546493555,-0.2670327584666541,-0.05062813636258547,-0.661488553376958,-0.24367740675663693
1993-03-01,0.0232,0.0029,0.0126,-0.0022,0.008199999999999999,0.037000000000000005,0.0025,0.02293497128249599,0.002895803112025468,0.012521280553671691,-0.0022024235552000394,0.008166562666393401,0.036331929247390204,0.12119551603936363,0.033955018912000146,0.06833776605626987,-0.02380000000000008,-0.029613880006499782,0.09647060002361114,0.21046203316807555,0.09780279186558563,0.04704340897294568,0.05186920104074944,0.06817946262691654,0.06347653173486932,0.18863736501776018,0.07821030008993868,0.24007591317457533,0.39397839812788793,0.25088549125469434,-1.3872512953874818,1.0676209258478941,-0.4802291802906964,1.1467893738401151,0.14214255560634897,0.249211007542562,0.6572128194469956,-0.060671380524104555,0.2736099354208352,-0.263388969671393,-0.094296892755047,-0.6294157693669782,-0.4967269624618187
1993-04-01,-0.0305,-0.0062,0.0255,-0.0369,0.0138,0.0036,0.0024,-0.030974804299430527,-0.0062192998139168326,0.025180298530298326,-0.037598030415318485,0.013705647056111967,0.003593535510130218,0.07527851696524257,-0.006817209119999723,0.07936796157430778,-0.03049999999999992,0.027236606358692628,0.07081263393530184,0.1894680097871424,0.09407447331197613,-0.007961134105416545,0.06423917527961358,0.05753939376090589,0.06108619624678809,0.22413182096646955,0.06633134024493807,0.2320929550718861,0.10937860117437506,-0.2614006444490971,-1.1900240960584691,0.9878704282325456,-0.031571536756400995,0.9865371151773722,-0.38979229842152274,0.13431133939409964,0.9283812951121986,-0.5802022919985896,0.176903858665662,-0.011402642488785815,-0.18065369525639227,-0.7916176881460082,-0.5487254093371831
1993-05-01,0.028900000000000002,0.0206,-0.0346,-0.0014000000000000002,-0.0103,0.0021,0.0022,0.028490270399627426,0.02039068964773398,-0.035212755755744486,-0.0014009809156281003,-0.010353412079491597,0.00209779808214612,0.10304493131160286,0.02066098035999997,0.0823373812968759,-0.03050000000000003,0.04411680156327247,0.07311605998429357,0.13570607916972355,0.10646284926757284,-2.5228430484280917e-4,0.06358811093784413,0.041543176440609786,0.06289921261938207,0.2259669176399155,0.06594673030399975,0.2262192019447583,0.2814786086758455,0.08385141030242635,-1.1369289052654576,0.9878704282325442,0.10164506501963329,0.5761598065888884,-0.3152419855946523,-0.0384281498778176,0.9424009597143466,-0.5335617659869816,0.49823671121229507,-0.024665346927296494,-0.1151539787519603,-0.79686936600465,-0.5869851666866637
1993-06-01,0.003,-0.003,0.0264,-0.0091,0.0116,0.045700000000000005,0.0025,0.002995508979798371,-0.0030045090202987243,0.0260575343192896,-0.009141657917283387,0.011533235813673085,0.044686517622406094,0.1327470729042055,5.111056499997879e-4,0.07513250574037893,-0.030499999999999906,0.07428735929678298,0.06306049500990192,0.1291056951373537,0.105345486214207,-0.008755241662665947,0.06424327028799237,0.04370983386559746,0.06315156248069874,0.28934286007850707,0.06628562374435695,0.298098101741173,0.46557651657034166,-0.16932340864541207,-1.2657568508080521,0.9878704282325458,0.33974771289988115,0.5257775415967765,-0.39747190930286574,-0.01503091229811148,1.4265767907160165,-0.7371701431496954,0.4692542635892026,-0.011319223873578668,-0.10603721366035448,-0.7922419266492843,-0.11878890354149915
1993-07-01,-0.0034000000000000002,0.0096,0.0287,-0.0184,0.020499999999999997,0.0322,0.0024,-0.003405793134832821,0.009554212804811711,0.02829586915484725,-0.018571385585435342,0.020292703267762394,0.03169244673248973,0.08777773449251391,0.02847794521999991,0.07017568796543891,-0.030500000000000072,0.08950328271826402,0.062070884797942184,0.16746510060086028,0.10537334904721055,-0.03891164086929455,0.06481971777137073,0.07553860997661532,0.06338768929907379,0.31157948179071204,0.06663717391977456,0.3504911226600066,0.1868504491189003,0.1820683318284899,-1.354388034701118,0.9878704282325438,0.45983006897027273,0.8185837967365027,-0.6891067254876135,0.3286807552466536,1.5964588371504156,-0.7572080952482507,0.46997697685211537,4.234751284774423e-4,-0.09750654626184059,-0.7874416652001441,0.22248254995267178
1993-08-01,0.037200000000000004,0.0011,0.0018,-0.0152,4e-4,0.0254,0.0025,0.03652477468237217,0.0010993954433010642,0.0017983819413793973,-0.015316704111893288,3.999200213268913e-4,0.025082780367463243,0.15574991417295148,0.03677454055999996,0.06697595390822932,-0.030500000000000027,0.09179352985911327,0.06180527378448054,0.18245530055802406,0.10296634767805951,-0.08693824419070117,0.04938740279440779,0.0939089319038291,0.05890302550128486,0.3512444495410385,0.05960421256228345,0.4381826937317397,0.6081512511228153,0.2863116114179922,-1.4116013982964501,0.9878704282325442,0.47790444178608216,0.9330074761501088,-1.1535597105952502,0.5270576567308146,1.8994889457878903,-0.7625862741516934,0.4075435619472721,-0.3139451966147801,-0.25952615723346634,-0.8834736277430539,0.7936775181756264
1993-09-01,-0.0012,0.030899999999999997,-0.0024,0.0025,-0.0019,0.0339,0.0026,-0.001200720576518877,0.030432207120201914,-0.002402884616310315,0.002496880198587146,-0.0019018072895963312,0.03333805961051041,0.14078764134395105,0.032433111775999945,0.06828021143254517,-0.030499999999999933,0.11937339625237176,0.06589732539059381,0.1818629474368152,0.10305177126271099,-0.09915912784290715,0.04391232228494109,0.09930578426622194,0.05779451676478173,0.3772196730880124,0.058881521272147914,0.47637880093091955,0.5154130518728441,0.23176335927334515,-1.3882804101685475,0.98787042823254545,0.695561645024473,0.9284859071360504,-1.2717447476451271,0.5853370300407055,2.097932944604892,-0.6797290713084283,0.4097593006550095,-0.4254769914244254,-0.2995737867426022,-0.8933416562130898,1.042474796765026
1993-10-01,0.014199999999999999,0.0199,-0.0278,0.0060999999999999995,0.005600000000000001,-0.026699999999999998,0.0022,0.014100124378781626,0.01970458327433543,-0.028193734370781983,0.006081470315867954,0.0055843782939006634,-0.027062919549689073,0.14530471773018738,0.05066592611199994,0.06834224695866238,-0.030500000000000055,0.11805790504142011,0.06568393590308683,0.1722170551908504,0.10627029854276394,-0.10432256005805818,0.04127746172173605,0.1156139839117094,0.054862064281712426,0.3077540564064023,0.07980732507986198,0.4120766164644605,0.5434105048481827,0.46085110968677234,-1.3871711738857462,0.9878704282325439,0.6851799363614316,0.8548565702916808,-1.3216789786728482,0.7614455450289116,1.56723357527478,-0.6840498516291292,0.4932422814432493,-0.4791512209045751,-0.4055159112634886,-0.6076091026988827,0.6236308444433064
1993-11-01,-0.0187,-0.0127,-0.0078000000000000005,0.0219,-0.0103,-0.04769999999999999,0.0025,-0.018877055769689184,-0.012781334364733152,-0.007830579115188564,0.021663639636026355,-0.010353412079491597,-0.048875167782136686,0.07920829605207702,-0.0059598213520000165,0.06640244012517997,-0.0304999999999999,0.06467840436669925,0.06199069754409586,0.18102534744147203,0.1043214667226468,-0.07973780828808541,0.05157123798629663,0.12184836402907817,0.05231069087718649,0.24849542648202205,0.1050477837474603,0.32823323477010746,0.1337359057181641,-0.2506279227297066,-1.4218562044802965,0.9878704282325458,0.26391492146050705,0.9220923117458714,-1.0839261384130703,0.8287691888528091,1.1145129484303256,-0.7588317530602547,0.44269298505957133,-0.26945871680892386,-0.49769060820475075,-0.26296185410411016,0.07750175635300982
1993-12-01,0.0165,0.011899999999999999,0.0025,0.011399999999999999,-0.0034999999999999996,0.0233,0.0023,0.01636535408626423,0.011829751753577221,0.002496880198587146,0.011335509663745679,-0.00350613932928759,0.023032699110572784,0.08048383033284368,0.011655828589999917,0.06658408784694181,-0.030499999999999975,0.059860381090667936,0.06126297779165869,0.1535248546473844,0.1039775345461733,-0.06438160364150514,0.05472887093432267,0.10871952271643015,0.053933096416515384,0.2245618421537945,0.10198344769168928,0.2889434457952996,0.14164184044023595,-0.029294586969511496,-1.4186082229400785,0.9878704282325449,0.22589162372419963,0.7121746602015993,-0.9354202147212118,0.6869938367386953,0.9316665459141589,-0.7735668612516219,0.4337719846197295,-0.20513519326721819,-0.4390771811625996,-0.3048040014398475,-0.17841941703541014
1994-01-01,0.0287,0.0033,0.011000000000000001,-0.0154,0.0139,0.0011,0.0025,0.02829586915484725,0.0032945669494301114,0.010939940038334263,-0.015519811658036807,0.01380428097639708,0.0010993954433010642,0.10125207199385278,0.02611945461499987,0.07008915234034194,-0.03049999999999992,0.04363325188759082,0.05936328029084556,0.10124044197214865,0.09146530295027303,-0.06094814163651996,0.05384866112965217,0.09202518368193946,0.04964358738345783,0.1692025371293886,0.09728517008961025,0.23015067876590856,0.2703662231087002,0.15243487551648993,-1.3559353489760237,0.9878704282325456,0.09782894537151834,0.313075589383614,-0.9022160826946976,0.5067154908768141,0.5087357541576788,-0.8120325592234086,0.10922653291196471,-0.22306577513796955,-0.5940463418693412,-0.36895689461883097,-0.5613767786685128
1994-02-01,-0.0255,0.0276,-0.0152,0.0208,-0.009399999999999999,-0.0034000000000000002,0.0021,-0.025830760034521515,0.027225986253591527,-0.015316704111893288,0.020586633608388312,-0.009444458827999689,-0.003405793134832821,0.07188388349781238,0.01900887447499988,0.07775849116235423,-0.0305,0.11006886413382588,0.04700682059829894,0.01850261763164185,0.07166695934924418,-0.03688924242194258,0.05973999836397181,0.03865592602528034,0.03649462634772197,0.12931503053222348,0.09635868476465898,0.16620427295416607,0.08833820186599052,0.06309338503738728,-1.2188024927091368,0.9878704282325446,0.6221313241705799,-0.3184814488661046,-0.6695486278710995,-0.06960690621487561,0.2040055062094134,-1.062230207180838,-0.404307948752105,-0.1030544959546864,-1.0690851960062628,-0.38160764008716896,-0.9779033021325716
1994-03-01,-0.0479,-0.0108,0.0167,0.006500000000000001,0.0139,-0.0132,0.0027,-0.04908520769049141,-0.010858743334875945,0.01656208829897823,0.0064789660977090735,0.01380428097639708,-0.013287894326935407,-0.0025990564129523275,-0.04555007438500014,0.09240346250760174,-0.07217855000000008,0.09490489620219367,0.05072541141617122,0.022626517229004772,0.0724527649703352,-0.028491704247028626,0.06051318660003802,0.04452811287148539,0.03775204682185344,0.07464616405901503,0.09439770789251536,0.1233966004492223,-0.3733171763717282,-0.7480630327730695,-0.9569407081239614,0.4917681741450414,0.502458994981832,-0.28700276500524996,-0.5883381860917268,-0.006194504619424265,-0.21365051334773372,-0.9869349608483516,-0.38392552230029203,-0.08730402953778828,-1.0236577603650492,-0.408383908000631,-1.2567388485519448
1994-04-01,0.0068000000000000005,-0.009300000000000001,0.0166,0.0105,0.011399999999999999,0.0033,0.0027,0.006776984279023669,-0.009343515003152466,0.01646372603066503,0.010445257861538604,0.011335509663745679,0.0032945669494301114,0.0357743888637847,-0.06586936414000011,0.08619827190149906,-0.07217855000000002,0.09148951566463448,0.05173707029406325,0.013751455304735538,0.06987104559689167,0.019322119051373043,0.04776407145087362,0.0420553692623995,0.03713130166460127,0.0743249266644177,0.09440649288090754,0.07773806035989894,-0.13547335046017722,-1.003366481499612,-1.0678936248282003,0.4917681741450421,0.47550519596046786,-0.35474817489307287,-0.12594294211132637,-0.03289709683739419,-0.21610468407077552,-0.9664505601314929,-0.45089081732499886,-0.34701376209104456,-1.0460837199074573,-0.40826395288736733,-1.554144038545562
1994-05-01,0.0058,-0.0209,0.006,0.0064,0.006,-0.020499999999999997,0.0032,0.005783244755727361,-0.021121496622111418,0.005982071677547469,0.006379606964038988,0.005982071677547469,-0.02071304159754157,0.01252005084964014,-0.035865989176000035,0.08172750351006565,-0.07217855,0.04710698097907451,0.056691335598728056,0.05638488091626637,0.05754799198679985,0.02728397818275763,0.04786530998762814,0.0592176432029643,0.03397384360753409,0.05009606393353683,0.09811143675728637,0.04669759235332416,-0.27960689600026284,-0.6263865184150297,-1.1478339239143889,0.4917681741450424,0.1252432246170839,-0.02931733084710558,-0.04894584082080437,0.1524343709638335,-0.4012069373164211,-0.8661349715708048,-0.7705293222274082,-0.3449514516485569,-1.160154729269958,-0.3576745903877391,-1.7563317621768055
1994-06-01,-0.0304,-0.0043,0.0177,0.0105,0.015,-0.009000000000000001,0.0031,-0.03087166366708703,-0.004309271588098403,0.017545179215748864,0.010445257861538604,0.014888612493750559,-0.00904074465214907,-0.02119696779281044,-0.018144798976000187,0.08764497541939038,-0.08901368369587111,0.045741645898560224,0.05687778983245054,0.04743072224131395,0.0546367617466733,0.04760365319777615,0.04677822394921419,0.06277768668545725,0.03485420753952641,-0.004833891787190292,0.08804365261149825,0.08397465447826769,-0.4885895571717655,-0.40372711308391185,-1.0420256080168455,0.2913785786724043,0.11446815374217048,-0.09766650461190769,0.14756053407279296,0.1908784656293507,-0.8208576112884582,-0.862359585101717,-0.846041554083535,-0.36709626883748714,-1.128349397096525,-0.4951457097119787,-1.5135208505273308
1994-07-01,0.0282,-0.0181,0.0060999999999999995,-0.0066,0.001,0.0011,0.0028000000000000004,0.027809700639267233,-0.01826580880689254,0.006081470315867954,-0.0066218763088869695,9.995003330834232e-4,0.0010993954433010642,0.009838729395377,0.002724987776000054,0.09244289963155762,-0.08901368369587086,0.01705004170740465,0.060459465192418745,0.024419218087864625,0.04789973552368962,0.060197095646568055,0.041782376554439594,0.0424698327997477,0.030763877670259177,-0.03481806730106185,0.0809026819150244,0.0950151629476299,-0.2962260905651898,-0.1415068978983848,-0.9562355462349732,0.29137857867240724,-0.1119627591427558,-0.27331866279548284,0.26934849186316945,-0.028421399969202694,-1.0499289676694001,-0.7898366478601001,-1.0207882570954667,-0.46886569954647483,-1.276122716133514,-0.5926524917893977,-1.441606494252838
1994-08-01,0.04019999999999999,0.015,-0.0255,0.0098,-0.0152,0.0154,0.0037,0.03941300235683506,0.014888612493750559,-0.025830760034521515,0.009752291442678302,-0.015316704111893288,0.015282623531156982,0.012759589584526498,0.03701981734400017,0.09369660739322284,-0.08901368369587094,0.03117150367896926,0.06193689546345306,-0.0034971770546780023,0.05541245504425887,0.0871111161493745,0.035637370282147834,0.026213805818864122,0.03603566198235511,-0.04423080313779837,0.07772912398895321,0.13134191928717287,-0.2781222023860066,0.28939341248500056,-0.9338184213339759,0.2913785786724063,-5.177697239762049e-4,-0.4864109936050731,0.5296270937064296,-0.20396651429479104,-1.121839838267767,-0.7599211552326395,-0.8259214236557957,-0.5940444211159929,-1.085666422889589,-0.6359860152360476,-1.2049855718607108
1994-09-01,-0.022799999999999997,0.0304,-0.0181,0.005600000000000001,0.0106,0.0132,0.0037,-0.023063939598551693,0.0299470763679521,-0.01826580880689254,0.0055843782939006634,0.010544213875671097,0.013113639145383204,-0.009142299817781807,0.04514827300799995,0.09677154029746032,-0.08901368369587077,0.03067137199612957,0.061700165313383,-0.019179909933828898,0.0582686218249502,0.09047275650853992,0.0353480901624076,0.03906589736553845,0.036650695696747865,-0.06336652455674352,0.06937879855458558,0.15383928106528344,-0.4138730877331356,0.39152408677834244,-0.8788365849888605,0.29137857867240824,-0.00446475270734574,-0.6061209377299751,0.5621366569837636,-0.06517971955478602,-1.268031807386201,-0.7647145449431133,-0.751837441842679,-0.599937289887802,-1.0634468033967126,-0.7500059989346874,-1.0584449216146756
1994-10-01,0.013500000000000002,-0.0216,-0.0166,0.0018,-0.0073,0.0131,0.0038,0.01340968690991774,-0.021836694609174406,-0.016739324004297996,0.0017983819413793973,-0.007326775386460855,0.013014937077494763,-0.00982618898178067,0.030205966440000065,0.09665823406331772,-0.08901368369587087,-0.011266917971356816,0.063046261540853,-0.007880604226422117,0.05349921740895609,0.08581215333491277,0.03575541164152528,0.02573659140291351,0.037981853032048485,-0.025065885162269375,0.06730693363225118,0.11087803849718214,-0.41811192566108024,0.20378020179334078,-0.8808625754792301,0.2913785786724071,-0.33543701967797224,-0.5198707117453132,0.5170651568839756,-0.20911984353719337,-0.9754248149981453,-0.7374583470986359,-0.8755474690030611,-0.591639823658408,-1.0153554406252678,-0.7782963939051729,-1.3382807745204444
1994-11-01,-0.0403,0.0028000000000000004,-0.0073,0.0048,-0.0053,-0.0012,0.0037,-0.04113454335855504,0.002796087302001188,-0.007326775386460855,0.004788516731797094,-0.005314094823768765,-0.001200720576518877,-0.03162151591339524,-0.04952060565999994,0.10351305313555427,-0.08901368369587084,0.004255580531068448,0.061767132050771785,-0.00738064484536316,0.05342787075490198,0.06764267704366356,0.03190920615172577,0.030918649558935307,0.03648148671398801,0.022539319437073546,0.044037162377246954,0.0992641929570588,-0.5532023223409654,-0.7979511115399273,-0.7582938716594808,0.2913785786724074,-0.21293520755404394,-0.5160544056185377,0.34135280336111634,-0.15315998369502862,-0.6117333477000442,-0.7633585804837979,-0.8773980766976484,-0.6699901238489404,-1.0695598978884722,-1.096034781471093,-1.4139296658923475
1994-12-01,0.0086,0.0017000000000000001,-9e-4,0.004,0.0036,0.0345,0.0044,0.008563230660487814,0.001698556635581512,-9.004052431641551e-4,0.003992021269537457,0.003593535510130218,0.033918218203460644,-0.039147526758731566,-0.01897920883000004,0.10223335609674591,-0.08901368369587087,-0.005867363358068034,0.060532240544590235,-0.010747134428929717,0.05331974825341664,0.059831172386630715,0.031271338584512844,0.03826388027832128,0.03588435162877025,0.033730993802064235,0.05060319913634637,0.09897869914536228,-0.5998495597833583,-0.4142111268435539,-0.7811757020441791,0.2913785786724071,-0.2928243420419173,-0.5417516028513988,0.26580974169878996,-0.07384051849613721,-0.5262318462238339,-0.7883630686638224,-0.8802025856947349,-0.6829839993726173,-1.0911328849766433,-1.006378466861376,-1.4157892816650703
1995-01-01,0.018000000000000002,-0.0351,0.0259,0.0015,-0.006500000000000001,-0.0184,0.0042,0.017839918128331016,-0.03573080995579895,0.025570276111530045,0.0014988761237359487,-0.006521216990265463,-0.018571385585435342,-0.049141812229404724,-0.014623418440000036,0.09919452725783245,-0.06517566310504973,-0.04391649447244095,0.06974853010093533,0.0038323588420980936,0.058608838572011164,0.07802246510787181,0.022615185688519654,0.017373671029206506,0.03503438400546604,0.01359538858865883,0.0549462331644447,0.12716427733727653,-0.6617954986078343,-0.35948242707572414,-0.835511973795575,0.5751239524459828,-0.5931038048180528,-0.43046294300535937,0.4417330763307298,-0.2994291063616571,-0.680062669274215,-0.6017486153926258,-0.7430128131577667,-0.8593167979438052,-1.1218400750527693,-0.947076266847909,-1.2321974011352248
1995-02-01,0.0363,-0.0060999999999999995,0.009899999999999999,0.0060999999999999995,-0.004,-0.004699999999999999,0.004,0.035656677208034684,-0.006118681008177177,0.009851316050374202,0.006081470315867954,-0.004008021397538822,-0.004711079730119223,0.011158891725672637,0.06402599924000008,0.10352917191689952,-0.04952060565999996,-0.07527112091880028,0.06102216652493742,0.02941744434873561,0.05665554075086805,0.062498434703203376,0.016384880882863502,0.022919620780426087,0.03358442750358202,0.01227321920759783,0.05507900190481084,0.13776955562200366,-0.2880435451305172,0.6287148876998757,-0.758005657176236,0.7614670302727912,-0.8405509897894503,-0.2351660403524945,0.2916041526986016,-0.23953966447855235,-0.690163701845375,-0.7784428867503863,-0.7936779498141563,-0.9862331192626441,-1.1742233525856025,-0.9452633686882838,-1.1631179956826185
1995-03-01,0.0219,-0.002,-0.0213,-0.0013,0.0023,0.0045000000000000005,0.0046,0.021663639636026355,-0.0020020026706730793,-0.021530118550363214,-0.0013008457330480696,0.0022973590486834584,0.004489905272852001,0.08528859516276088,0.07805687946000006,0.08946560522264047,-0.04952060565999993,-0.06704466101593476,0.06097810521950959,-0.009057880609710134,0.059035486032463995,0.054264467698052155,0.01745757927950623,0.011216427565066134,0.031002629120273694,0.03043012636201059,0.05286688144825649,0.15233325617869564,0.17142242546488987,0.8050070786192738,-1.0094715416340023,0.7614670302727915,-0.7756286935941304,-0.5288571359322822,0.21197556582504914,-0.3659197691240939,-0.5514496208922408,-0.7793350545118873,-0.7319463226031957,-0.9643813899117919,-1.267497227402489,-0.9754688906620337,-1.0682546881261434
1995-04-01,0.021099999999999997,-0.0051,0.0167,0.0043,0.008199999999999999,0.018000000000000002,0.0044,0.02088047757935513,-0.005113049386823014,0.01656208829897823,0.004290781417156246,0.008166562666393401,0.017839918128331016,0.10070340139123468,0.08133976386699993,0.09056303973894807,-0.04952060566000015,-0.06308946527178105,0.06085526862725515,-0.008960404501172747,0.05906686273087924,0.047795947460814725,0.016171510021757277,0.008017008375617696,0.029987620648761943,0.04552762746588934,0.05506135547138859,0.16379286666301573,0.2669654881903009,0.8462551596783776,-0.9898486858338144,0.7614670302727888,-0.7444147336837478,-0.5281130781461525,0.14942016266009156,-0.40046956459673155,-0.43610861195810097,-0.7818222901141453,-0.7311324658037731,-0.990579655365284,-1.3041669277640453,-0.9455043228962315,-0.9936104347909605
1995-05-01,0.028999999999999998,-0.0253,0.022799999999999997,0.0040999999999999995,1e-4,-0.0055000000000000005,0.0054,0.028587456851912472,-0.02562554763897273,0.022543964434894436,0.0040916179032535575,9.999500033329732e-5,-0.005515180688110111,0.12609246374187766,0.07372249061000002,0.09279877184523318,-0.04952060565999993,-0.06729986906383945,0.06227234318422131,0.0075897597178926635,0.06329657664855401,0.04540134225497239,0.015947672484013038,0.0021051790024408934,0.02942149425532548,0.061538770306101664,0.04952656213797886,0.1933923328057171,0.4243303451176672,0.7505472803256557,-0.9498723154193937,0.7614670302727915,-0.7776427668009696,-0.40178182904631204,0.12626254877337237,-0.4643100567666877,-0.31378761614083517,-0.7531288997778248,-0.6214210683216354,-0.9951394060917292,-1.3246196488956867,-1.02107946671678,-0.8008089384080699
1995-06-01,0.027200000000000002,0.0317,-0.0254,-0.0023,-0.0239,0.0301,0.004699999999999999,0.026836653953559785,0.03120792712419322,-0.025728148572731223,-0.002302649062675558,-0.02419023880121767,0.029655884907510675,0.19298904574634568,0.07929126367999983,0.08251561465993197,-0.049520605659999876,-0.033577658846201675,0.07249343208982473,-0.03508206758272736,0.06543704940305375,0.03215924707351392,0.015140323710209555,-0.03630062539479573,0.033738346690276554,0.10342188425057075,0.052600728842592814,0.2292896711411414,0.8389644466325006,0.8205166044058244,-1.1337419747196613,0.7614670302727922,-0.511510877025671,-0.727505802108159,-0.0017983635286743353,-0.8790455472778282,0.006188556499913793,-0.5461689397750171,-0.5659009405448364,-1.0115857501452963,-1.1686626399271391,-0.979103086238918,-0.5669851081448577
1995-07-01,0.0371,0.0209,-0.0158,0.0022,-0.0158,0.026000000000000002,0.0045000000000000005,0.036428356613551406,0.020684591192832603,-0.015926150550259255,0.0021975835434872013,-0.015926150550259255,0.025667746748577813,0.20331544382759703,0.09620308447999992,0.08443654464192749,-0.04952060565999994,0.004807585379277501,0.07390555487115691,-0.056085648459318516,0.06581362117424146,0.04130259454104679,0.011350522555489965,-0.05247460091264544,0.03569389577922379,0.1308668996514688,0.05467860544180785,0.25940109228691555,0.9029688645266492,1.0330066188967517,-1.0993944747287003,0.7614670302727914,-0.20857884738456234,-0.8878310153560505,0.08662460897996349,-1.0537046066358775,0.2158613854516745,-0.5175758146155889,-0.5561333259795377,-1.088787048651629,-1.0980135752674074,-0.9507306044916569,-0.37084889990610903
1995-08-01,0.0055000000000000005,0.0131,0.0268,-0.011699999999999999,0.0149,5e-4,0.004699999999999999,0.005484930230569745,0.013014937077494763,0.02644717001484823,-0.01176898359999889,0.014790085472635345,4.998750416509929e-4,0.16317408072356177,0.07116832015999996,0.08065243624978764,-0.040299999999999996,0.0029266647761043707,0.0735276181830723,-0.005427135800952776,0.06831372942416937,0.019131861937925043,0.01710095821324839,-0.02351388349537331,0.03833290091707786,0.11427253604618359,0.05518984816148806,0.18668796421893508,0.6541672437934599,0.7184551879157829,-1.167056838366649,0.8712204466459127,-0.22342286120836397,-0.5011428171628832,-0.12778286994647892,-0.740964448419816,0.08908473362802724,-0.5252284006142005,-0.4912848810740722,-0.9716460479415495,-1.002672964451042,-0.9437498123031188,-0.8444790603488588
1995-09-01,0.0336,-0.0216,-0.0011,0.009899999999999999,0.004,0.0286,0.0043,0.03304785404620042,-0.021836694609174406,-0.0011006054440330039,0.009851316050374202,0.003992021269537457,0.028198654358678736,0.23030774645504826,0.07784226608,0.07271622313503046,-0.040300000000000016,-0.0476868703251736,0.06878866782394825,0.011792274211659404,0.06553101946132996,0.023489724911605503,0.01865303959734284,-0.029891093438902394,0.03651381671261562,0.13120877475039872,0.058380774886343474,0.27799461678022186,1.0702708224503321,0.8023105505064547,-1.3089615836943338,0.8712204466459124,-0.6228591869349129,-0.3697030594141569,-0.08563909281382096,-0.8098304788423518,0.21847322290535112,-0.6211842215484967,-0.5634635212262675,-0.9400289014613503,-1.0683918964425352,-0.9001791256261485,-0.24973660254038993
1995-10-01,-0.0151,-0.038,-0.0049,0.019299999999999998,-0.001,0.0417,0.004699999999999999,-0.015215165806480377,-0.038740828316430595,-0.004912044361020641,0.019116117192230143,-0.0010005003335835344,0.04085399400826612,0.19558963935232065,0.023591599520000006,0.07967591122091079,-0.015099999999999914,-0.06364960062634639,0.0753182020986093,0.02383007125078551,0.0630637083600637,0.041368613098822005,0.025351210365655564,-0.023734463932168604,0.03615323912355245,0.16314300726235365,0.06595315033267987,0.25923923997866705,0.8550832790288498,0.12067342462839377,-1.1845177524733035,1.171177542154396,-0.7488352588948285,-0.27781575749776294,0.08726305755035266,-0.7433464460654126,0.4624425110758283,-0.4889720702991349,-0.6274612653318365,-0.8035817740739606,-1.0814186568284316,-0.7967817033654864,-0.3719031542995123
1995-11-01,0.039599999999999996,-0.011200000000000002,0.0052,-0.005699999999999999,0.01,-0.0072,0.0042,0.038836023785198216,-0.011263192278710714,0.005186526687300154,-0.005716306996109192,0.009950330853168092,-0.0072260450917395825,0.2951286746594488,0.05830514854400026,0.05448761207306576,-0.01510000000000003,-0.07672190376877852,0.07494406953834935,0.03672205864943012,0.06228964020818793,0.030486476914966643,0.026845974518660828,-0.008718014045933642,0.03781194861792556,0.15615576452749713,0.06758304400201429,0.37185057842822733,1.4720397397859597,0.5568347713203653,-1.6349012192637926,1.1711775421543946,-0.8520004048493316,-0.17940822208648294,-0.017975295474847674,-0.5811872410429623,0.4090617813006844,-0.49654762907005007,-0.6475392423160086,-0.7731322257041164,-1.0214936593011317,-0.7745262294838148,0.3616112428210926
1995-12-01,0.0104,0.0066,0.0024,-0.0144,0.0302,0.0248,0.0049,0.010346292054144267,0.006578315360122507,0.0023971245997214514,-0.014504686202881688,0.0297529581493478,0.02449747160038737,0.29744002862969166,0.034550621216000055,0.054051394845522134,-0.015099999999999994,-0.07220551895143512,0.07569235474288051,0.04014632328114187,0.06215120908650019,0.01160106737787947,0.03166585066444687,0.017555502122238886,0.04858813844843934,0.14531505798722044,0.06486592675410004,0.3696455475811268,1.4863658256339687,0.2583689871895478,-1.6427010721264919,1.171177542154395,-0.8163576038990129,-0.15327001448645108,-0.20061125612732109,-0.2974655540095447,0.32624158335460157,-0.4813961048605736,-0.6511299040276477,-0.6749474709100589,-0.6321770543513834,-0.8116272582699986,0.34724837408414244
1996-01-01,0.0226,-0.028300000000000002,0.0046,0.0026,0.023,0.005699999999999999,0.0043,0.022348403663761767,-0.02870816413674374,0.004589452333807224,0.002596625847265914,0.02273948696948934,0.005683816468297709,0.3033027242403954,0.07415114758399999,0.053887984933214124,-0.015099999999999912,-0.06566701499130423,0.07298541600798841,0.018550537448323468,0.05729402912065222,0.012712161910196196,0.03170518817788866,0.0477697822557126,0.05203925746020542,0.17343454952908277,0.05669871820885015,0.3689697392316996,1.5227036093317479,0.75593317742651,-1.6456229495578034,1.171177542154396,-0.7647564661330554,-0.3181156657706686,-0.18986614536406915,0.028811541035465165,0.5410672358144087,-0.5362070880618048,-0.7771166757685533,-0.6741461341132894,-0.507496814111569,-0.9231468622078428,0.342846373709898
1996-02-01,0.013300000000000001,0.0179,-0.0105,0.0016,-0.0189,0.005699999999999999,0.0039000000000000003,0.0132123314721349,0.017741681476157126,-0.010555513939516587,0.0015987213636970735,-0.019080887812791953,0.005683816468297709,0.27437677359142443,0.046977066031999914,0.05236967072624709,-0.01509999999999999,-0.043105397484302976,0.07663106257256215,-0.0020242035794474367,0.05769421641610729,0.008182587584984358,0.031243072792847024,0.032095314629597915,0.05652404623174146,0.18569589717813573,0.05397849788841084,0.3174821710757274,1.3434166383322814,0.4145021126672318,-1.6727714129056972,1.171177542154395,-0.5867027186243813,-0.475167444806781,-0.23367049901640927,-0.14045344693821235,0.6347407648973559,-0.4623888408910049,-0.7667365157167102,-0.6835597962893483,-0.34547268815313464,-0.9602902620706396,0.007472751167882261
1996-03-01,0.0074,0.0143,0.0042,0.0144,-0.0095,-0.018500000000000003,0.0039000000000000003,0.007372754329413157,0.014198719399812928,0.004191204618468052,0.014297304700824394,-0.009545412843531385,-0.018673265265621256,0.2562943161914093,0.0438684642920002,0.0538639409134271,-0.015099999999999966,-0.027476758184697747,0.07870074192819121,0.023978026734973845,0.052833994255744865,0.024031658001610445,0.033941854270575944,0.01994453670619234,0.05782629921239449,0.15854706130447038,0.06277453609758694,0.28377107437610705,1.2313391113110241,0.3754438210385114,-1.646052872551956,1.1711775421543953,-0.46336325526841754,-0.27668637890784226,-0.08039819664431794,-0.2716669163927968,0.42733067103411126,-0.4204812945800828,-0.8928021966741939,-0.628583446354459,-0.29842556693614,-0.8401842684652747,-0.21211059729726509
1996-04-01,0.0206,0.052000000000000005,-0.0397,-0.002,-0.0203,-0.009399999999999999,0.0046,0.02039068964773398,0.050693114315518165,-0.04050954333820994,-0.0020020026706730793,-0.020508876631540447,-0.009444458827999689,0.2556791490597903,0.04182686745200015,0.05384764903944857,-0.015099999999999988,0.028338979183533786,0.09470096213353286,-0.0328257115436259,0.06505511348219188,0.01760788079817477,0.03405742025614661,-0.00888746021517861,0.06130404380628086,0.12736416397662875,0.06597833885148353,0.2885048606034162,1.2275262218739633,0.3497920034579799,-1.6463441820460945,1.171177542154395,-0.022871734423798654,-0.7102825121721421,-0.14252090138434373,-0.5830170514380311,0.1891013896095903,-0.09650358884676878,-0.5758076917913649,-0.6262292742528149,-0.17278341145551124,-0.7964377653326564,-0.1812762213060965
1996-05-01,0.0236,0.032,-0.009000000000000001,3e-4,-0.0033,0.016200000000000003,0.0042,0.023325825303496757,0.031498667059371016,-0.00904074465214907,2.9995500899794244e-4,-0.0033054570087264813,0.01607018017749446,0.24908957918134234,0.05241683758399995,0.05307430076139087,-0.015100000000000039,0.08879227097302467,0.09352740501844753,-0.0628962457369312,0.05902998507920046,0.013756760444591398,0.033948032346240185,-0.012256905905877802,0.06134747300781252,0.15196326137058835,0.06394402467721252,0.31198582491827354,1.1866831727367595,0.48285058617469806,-1.6601721613178857,1.1711775421543944,0.45421884425541065,-0.9398178868944992,-0.1797641003726287,-0.6194029241782288,0.37703214005408164,-0.12026615816224748,-0.732089007730789,-0.6284575939827703,-0.1712144237555999,-0.8242154215223948,-0.028328697367930523
1996-06-01,-0.0113,-0.04,0.0233,0.035,0.012,0.0102,0.004,-0.011364330079049759,-0.040821994520255166,0.023032699110572784,0.03440142671733232,0.011928570865273812,0.010148331051815136,0.20227304024201054,0.03288120639199987,0.059868510556779345,-0.015099999999999981,0.013124532455271343,0.10072368343313903,-0.016069903819620146,0.06083528796954101,0.051657058294229063,0.0471601383223162,0.024071315667709703,0.05694529026574374,0.12970904440012454,0.060901006351933046,0.21834294406163068,0.8965079055183605,0.23739348228453097,-1.5386871914996374,1.171177542154395,-0.14294243659741576,-0.5823815384155241,0.18675997702109187,-0.22710277501631496,0.2070156703912246,0.02544644708249641,-0.6852626013040662,-0.35931636579825005,-0.33025420186508403,-0.8657664847198862,-0.6382886023109237
1996-07-01,-0.0596,-0.043,0.0519,0.028999999999999998,0.0268,-0.0015,0.0045000000000000005,-0.061449962316222594,-0.04395188752918283,0.050598052763091435,0.028587456851912472,0.02644717001484823,-0.0015011261262670914,0.09017217919543596,-0.048283865871999954,0.09307691722737074,-0.07022651999999992,-0.05028878679626336,0.10751430901178466,0.05161153035169863,0.07752915817840855,0.07977959786944866,0.052965716395594095,0.06839710112538544,0.05816032473836844,0.09942931855119341,0.059397115296545476,0.14971810534745678,0.20169154261388225,-0.7824119890183817,-0.9448988918172844,0.5150033030793855,-0.6433932190466758,-0.06575342484782867,0.45872585741256483,0.25156123586958806,-0.024313614212543473,0.16294526067564288,-0.2522527416190092,-0.24105206972066126,-0.2863580657335806,-0.8863014488919508,-1.0852889478353895
1996-08-01,0.0277,0.0245,-0.008199999999999999,-0.0038,-0.024700000000000003,-2e-4,0.0040999999999999995,0.02732329564889041,0.02420468869681736,-0.008233804927103542,-0.0038072383429540663,-0.025010163004167762,-2.000200026670447e-4,0.11424161965106916,-0.04447179460399986,0.09517753795422257,-0.07022651999999988,-0.039602074891690764,0.11003298905211528,0.015765792562149272,0.07436175233870423,0.08841084225189166,0.05052923856609229,0.026709717930425203,0.06450670510166803,0.09866010263616554,0.05949627180601618,0.15384369454275992,0.35087720379788245,-0.7345148945211538,-0.9073384023289568,0.515003303079386,-0.5590548907967515,-0.3393722705534485,0.5421964120922532,-0.1986112729174356,-0.030190225124313432,0.21394432009297432,-0.33440972145987713,-0.2906850833116732,-0.05707932291082641,-0.884947510811055,-1.0584161736278836
1996-09-01,0.0501,-0.0102,-0.0274,0.013000000000000001,-0.0213,0.026699999999999998,0.0044,0.04888539772981066,-0.010252376464351353,-0.02778238101245161,0.01291622526654623,-0.021530118550363214,0.026349775322781963,0.13202895200811482,0.014868178908000074,0.10069784209481099,-0.07022652000000003,-0.028411829239366027,0.10851102891632662,-0.010978266246925328,0.0798845775664293,0.09175183998531189,0.05080614222370992,8.374511339712676e-4,0.06864777762877383,0.09663068965248955,0.0588311430056866,0.16044078124748085,0.46112550571735517,0.0110672625140039,-0.8086317091146666,0.5150033030793841,-0.4707427308498518,-0.5435158857242216,0.5745063458208628,-0.4779999598325436,-0.04569441614709759,0.1831271721611128,-0.1911572732856947,-0.28504433303045806,0.09252720058771519,-0.894029549058205,-1.015444851702488
1996-10-01,0.0087,-0.043899999999999995,0.048799999999999996,0.0138,0.0297,0.037200000000000004,0.0042,0.008662373078652587,-0.044892768890736685,0.047646653467352994,0.013705647056111967,0.029267497680568143,0.03652477468237217,0.15938430692515526,0.08857670359899994,0.09684604292510766,-0.07022652000000001,-0.03437063402885432,0.11090647169459195,0.042393723605893774,0.09319962896284895,0.0858609000069741,0.04971149378030494,0.03159391735000039,0.07455192803761139,0.09189339666656604,0.05627222385761151,0.19375494095400958,0.6306777110436136,0.9371843060256854,-0.8775044286758098,0.5150033030793844,-0.51776894796889406,-0.13611508559902474,0.5175365734695175,-0.14586792138962612,-0.08188611097483722,0.23163088308246285,0.15421192299572936,-0.3073432024931892,0.30582928865716014,-0.9289704530796005,-0.7984470244041358
1996-11-01,0.0625,-0.0404,0.013999999999999999,0.0206,-0.0069,-0.0235,0.0040999999999999995,0.06062462181643484,-0.041238748016597535,0.013902905168991434,0.02039068964773398,-0.006923915072824198,-0.02378052866540339,0.18492288005769209,0.12543811187499987,0.10542411212608321,-0.07022651999999999,-0.06288638795923196,0.11723816561577549,0.051519335193370486,0.09378155916922448,0.11458275625778724,0.049357878802429124,0.014332593386421122,0.07464465998034503,0.07396646035949006,0.06297794328374824,0.24780926801692404,0.788969256104511,1.4003326134346177,-0.7241228715318602,0.5150033030793847,-0.7428120703763791,-0.06645717191392334,0.7952982919955632,-0.332269007716615,-0.21884327405296963,0.3598370979760418,0.16930617698575487,-0.3145466240841357,0.30917946025614484,-0.8374068337134694,-0.44635435173713656
1996-12-01,-0.017,0.031200000000000002,0.0128,0.0023,0.0149,0.0053,0.0046,-0.017146158834970514,0.03072317264284048,0.012718772407774612,0.0022973590486834584,0.014790085472635345,0.005286004429237438,0.15279017329445033,0.053524106250000036,0.1099892118790344,-0.07022651999999978,-0.03998454526481221,0.12230877865605701,0.06242895319617481,0.09413407539827345,0.1334682392422688,0.043074165183235355,-7.317520599118277e-4,0.06973596732884876,0.05353091588543668,0.0596466536612028,0.19277471855926254,0.5898063751500476,0.49676295774403884,-0.6424958652417405,0.5150033030793871,-0.5620733039590251,0.016818477273212434,0.9779349629389841,-0.4949454259291626,-0.3749655555840664,0.46250853364187056,0.178449832768829,-0.44255092590339,0.13184075447248922,-0.8828941133941856,-0.8048318809277003
1997-01-01,0.0496,-0.019299999999999998,-0.0144,0.012199999999999999,-7.000000000000001e-4,0.0187,0.0045000000000000005,0.04840913920768763,-0.019488676583862413,-0.014504686202881688,0.012126179797840555,-7.002451143934259e-4,0.01852730461388356,0.1832276216407729,0.09624159999999993,0.11564512782593325,-0.07022651999999995,-0.031092768901102574,0.12056270664585914,0.04233523419286267,0.09615014297596618,0.14432131633854417,0.04222694444942716,-0.02388195487142708,0.06516502945137329,0.06714919360892369,0.06132028994104574,0.21432039054187546,0.7784618141773912,1.033490550431961,-0.5413643431374442,0.5150033030793851,-0.4919004050932299,-0.13656154887936028,1.0828922929678106,-0.7449391669574585,-0.27092543121085033,0.42715349498307714,0.23074310736662754,-0.4598094938601883,-0.03329572176663792,-0.8600413536011662,-0.6644902349400414
1997-02-01,-0.0048,-0.0316,0.056100000000000004,0.0072,0.0347,-0.0218,0.0039000000000000003,-0.004811556997222082,-0.032110053918233586,0.05458287777029175,0.007174203748000453,0.03411152962876782,-0.02204113087688028,0.16209230144764342,0.026804367360000025,0.11717694813503872,-0.07022652000000011,-0.07821027350803389,0.1216739376416214,0.11249140053671791,0.10722239154105687,0.15071927896983062,0.04119450083821132,0.029445868203582082,0.07138089912362802,0.03796891835363314,0.0671762169416467,0.2403025749556773,0.6474622289082778,0.161040520102678,-0.5139743817404666,0.5150033030793832,-0.8637464514114049,0.3989567703929978,1.1447653515895435,-0.16906421242853828,-0.4938551972538174,0.4496540645956513,0.5179379122610182,-0.48084120084596743,0.1912679984046634,-0.7800812722370426,-0.4952505598010887
1997-03-01,-0.050199999999999995,-0.0033,0.0339,0.0039000000000000003,0.015300000000000001,0.0088,0.0043,-0.05150384286711561,-0.0033054570087264813,0.03333805961051041,0.0038924147153438535,0.015184135325040055,0.00876150566857267,0.0956474765882187,-0.007875088383999973,0.13363346950681282,-0.07022652000000006,-0.09420504742724756,0.11962231306442715,0.14539420336079756,0.10976239149994294,0.1388082454237114,0.04178829402091955,0.055220989386266295,0.0711426164488343,0.06683957700982712,0.06294191900389279,0.23959925078804512,0.23562817953849152,-0.27469245866563985,-0.2197208831922923,0.5150033030793838,-0.9899754080004541,0.6501115096833413,1.0295767955888222,0.10927542124031897,-0.27329082205777533,0.4081120973592522,0.5838210784793039,-0.4687451559935364,0.18265944534202533,-0.8378987292490575,-0.4998317894525962
1997-04-01,0.0404,-0.0574,0,0.0336,-0.0102,0.0483,0.0043,0.03960525459235942,-0.05911326449250658,0,0.03304785404620042,-0.010252376464351353,0.04716980447638993,0.11690342410580334,-0.016571305216000143,0.136977426887344,-0.07022652000000001,-0.18840083432026966,0.11066455184942531,0.19274622863771462,0.09543872831133972,0.17943106459914637,0.04464658470008483,0.0660995562871558,0.06787701653556277,0.12898034381122692,0.07303605520186005,0.3811470629579843,0.3673754293488258,-0.3839568165665912,-0.1599287110808172,0.5150033030793844,-1.733357962492676,1.0115605213945957,1.4224296797133356,0.2267505750747039,0.2014485861064776,0.22673241072379618,0.2122902525011235,-0.41051947529646193,0.06468154300783388,-0.7000677843607117,0.42216558254453035
1997-05-01,0.0673,0.0512,-0.041100000000000005,-0.0104,-0.0276,-0.0519,0.0049,0.06513209493778215,0.04993236874820893,-0.04196848482250158,-0.010454457903858873,-0.027988036540168713,-0.053295297058223674,0.16458677661989451,0.054675890215999834,0.14764088710417425,-0.05959999999999998,-0.1733013149587863,0.12063551399206919,0.1541113608887026,0.10907579895143499,0.16681493704620087,0.04924055263661552,0.04010756349315736,0.0753775374701144,0.053322440432419516,0.09614436770658175,0.3401162520049872,0.6629233248388339,0.5112346455959887,0.030741018234723513,0.6414914012763212,-1.6141942541700083,0.7166515986228641,1.3004223400884556,-0.053931005482338305,-0.3765582541984632,0.4286277220051396,0.566012065987263,-0.31693665247343517,0.3356564786317113,-0.3845340442926545,0.1549039464257324
1997-06-01,0.040999999999999995,0.0121,0.0144,0.005600000000000001,0.0045000000000000005,0.0259,0.0037,0.04018178963283176,0.012027380212718455,0.014297304700824394,0.0055843782939006634,0.004489905272852001,0.025570276111530045,0.2261907903927478,0.15594609571999984,0.14747465034078094,-0.05475903999999999,-0.12843568840602881,0.1202814396884915,0.14407364847600945,0.10845506570233661,0.13367062868952662,0.04359411431412842,0.032399256451459246,0.07481105319777415,0.0696926268457918,0.09837367567684652,0.3546264787987766,1.0447533695892282,1.7836527778318771,0.027768594834252928,0.6991136354458743,-1.2601197761515692,0.6400314074020602,0.9798922194683309,-0.1371712487768954,-0.2514942582188096,0.42145830939331047,0.5499113287866607,-0.43195914379572065,0.3151908282363877,-0.3540938344557205,0.24941894291959804
1997-07-01,0.0731,-0.0273,0.0013,0.0018,-0.0256,0.037000000000000005,0.0043,0.07055165595094465,-0.02767956910674239,0.0012991557316201288,0.0017983819413793973,-0.02593338202650443,0.036331929247390204,0.3992187762340045,0.19227773482999977,0.12876892060400927,-0.05475903999999997,-0.11413729792324367,0.11652761437492795,0.08903977965493715,0.09978441659467945,0.10370382489909469,0.03947509110248338,-0.02028648667091737,0.07497715723185334,0.11093766052988041,0.10257377904300086,0.5133560741572482,2.1172043274187184,2.240144755381863,-0.30670223855720885,0.6991136354458746,-1.147278486824143,0.21994509895602576,0.6900909320140236,-0.7061125288708756,0.06360714604094315,0.3454496234374793,0.32500982263438033,-0.5158669604685586,0.3211917487503397,-0.29674328912601183,1.2833329789979202
1997-08-01,-0.040999999999999995,0.07150000000000001,0.0113,-0.0102,-0.0017000000000000001,-0.025699999999999997,0.0040999999999999995,-0.04186420409869887,0.06905953593149455,0.011236631925987768,-0.010252376464351353,-0.0017014466397575704,-0.02603601455084144,0.3056833768691347,0.07129611889999987,0.14652445391496624,-0.05475904000000001,-0.07349742774500312,0.1376510811562639,0.11045163255196377,0.09840879987969826,0.09661317595374763,0.04205934093889692,0.0028175949517310617,0.07056788291562663,0.08260308327091681,0.10814040202713004,0.37918080461413783,1.537459217677632,0.7200609260817468,0.010778453583410615,0.6991136354458741,-0.8265532027767445,0.3833867474024703,0.621519081388292,-0.45661684000390906,-0.1528617057435132,0.7731645059280582,0.2893287257238498,-0.46322371221067893,0.16189576992257382,-0.22073352556702427,0.40935800185570037
1997-09-01,0.053399999999999996,0.0254,0.0024,-0.0158,-0.009300000000000001,0.0146,0.0044,0.05202302806715181,0.025082780367463243,0.0023971245997214514,-0.015926150550259255,-0.009343515003152466,0.014494446150452511,0.3097865624168623,0.08405699485999962,0.14717933036689643,-0.05475903999999993,-0.040174037593176504,0.1410547046492622,0.144475340808234,0.09050334671204623,0.06543601951992017,0.047662459569328616,0.01511330470898109,0.06745103256832646,0.06984424689458679,0.10641619837346325,0.3499606000100388,1.5628913190190288,0.8803960401847333,0.02248807815982853,0.699113635445875,-0.563568756099322,0.6430976183116351,0.32001278339022615,-0.3238382848508597,-0.2503359202076162,0.8420821905780147,0.08427506686327736,-0.3490836778672791,0.04929181486682933,-0.24427676038217266,0.21902689435788242
1997-10-01,-0.038,-0.0070999999999999995,0.0233,0.0075,0.020099999999999996,-0.0053,0.0042,-0.038740828316430595,-0.007125324942588627,0.023032699110572784,0.0074720148387010564,0.019900661706336174,-0.005314094823768765,0.24914709333302354,-0.02817740280000003,0.1591816798029467,-0.05475904000000004,-0.0032306264263831652,0.13381005577041086,0.11664913830002477,0.08271545487249728,0.05881514072432359,0.04686151160109823,0.0056492979835212065,0.06375573458999323,0.026006625902473823,0.10126360546114474,0.2523777197594067,1.1870396532607588,-0.5297826192978524,0.23709803323897785,0.6991136354458738,-0.2720155107719374,0.4306937488371787,0.2559839596137163,-0.42603792714677147,-0.5852440218671493,0.6953901643126446,-0.11772925631003985,-0.36539963236172274,-0.08420999661098251,-0.3146331272670251,-0.41659691192868686
1997-11-01,0.029900000000000003,-0.051100000000000007,0.012199999999999999,0.0308,0.0173,0.0038,0.0039000000000000003,0.02946171014961905,-0.05245186000242424,0.012126179797840555,0.030335199796072885,0.01715205881756566,0.0037927982386962624,0.21082032133993533,0.04367058692000003,0.1531287597412607,-0.054759040000000175,-0.01434508275947799,0.13796076475162902,0.11466692089475838,0.08262415266963419,0.06939706746877605,0.05132231737886358,0.030155101035783005,0.06523861736839345,0.054690682110499766,0.09723814354609035,0.22516540409941332,0.9494851147006781,0.37295757392526496,0.12886781469240008,0.6991136354458721,-0.35972954993668,0.4155630227924018,0.3583190640090886,-0.1614053694185838,-0.3661052411779858,0.7794350809227787,-0.12009747611503645,-0.2745294298448531,-0.03063717561347965,-0.36959902117637494,-0.5938492702650209
1997-12-01,0.013300000000000001,-0.0248,0.0374,0.0064,0.0195,0.0391,0.0048,0.0132123314721349,-0.02511270081507533,0.03671758293516286,0.006379606964038988,0.019312311032372884,0.038354953876463906,0.24814265677899994,0.003940958540000095,0.14892426601995665,-0.05475904000000006,-0.06787172682994846,0.13513445334847826,0.14174117667478492,0.08714922741406532,0.0737715341719809,0.05119870344863066,0.034824244266411286,0.0663176367588974,0.09015128596540345,0.10300508134466699,0.3160143836089484,1.180814019070982,-0.1262287295498347,0.05368868301761325,0.6991136354458736,-0.7821558039653508,0.6222271081674096,0.4006234115591445,-0.11098436044836875,-0.09519538676587734,0.7222070007882944,-0.002724934239772922,-0.27704754505402923,0.00834507807663709,-0.2908540478273723,-0.002087948967813391
1998-01-01,0.0015,-0.0101,-0.0168,0.0091,-0.0062,5e-4,0.0043,0.0014988761237359487,-0.010151351056375355,-0.016942720730312024,0.009058844488346146,-0.0062192998139168326,4.998750416509929e-4,0.190944046078666,0.045163066505000016,0.14599619950247958,-0.050200000000000064,-0.0591273808391618,0.13442766946732657,0.13896096277054482,0.08795934247249308,0.07048296298453427,0.05088475494181197,0.029128724058800737,0.06686756432236787,0.07067474389750283,0.10241693808182972,0.2500714269178278,0.8262892609294423,0.39170996093282234,0.001332914912989088,0.7533801591247223,-0.713146409018873,0.6010050894225568,0.36882048153457286,-0.17248897945302719,-0.24399113761253458,0.7078958089842986,0.018288036592612245,-0.2834429287169275,0.028212576269029576,-0.29888488276527414,-0.431619369050374
1998-02-01,0.0703,0.0013,-0.009300000000000001,-0.0037,-0.0258,-0.011899999999999999,0.0039000000000000003,0.0679389830081929,0.0012991557316201288,-0.009343515003152466,-0.003706861931326512,-0.02613865760969481,-0.011971371781219958,0.28081532608319604,0.08616179248500022,0.15340262746093683,-0.04100000000000005,-0.027162584091545372,0.13121204553000526,0.06842971860314195,0.07564906764107572,0.05889810963214037,0.05169220088438404,-0.031045517562497515,0.06270375206745828,0.08151064653968798,0.09990670198982199,0.31186084364569355,1.3833236611948772,0.9068419494174543,0.13376475085731365,0.8628883051040097,-0.46088382866531336,0.06262371396953337,0.25678633067978435,-0.8222968407027889,-0.16120764020708317,0.6427848009891285,-0.3010190090920399,-0.26699460525736984,-0.12221547633815744,-0.3331610412862904,-0.029142785576720745
1998-03-01,0.047599999999999996,-0.011899999999999999,0.0138,-0.0055000000000000005,-0.0023,0.0213,0.0039000000000000003,0.04650183365141986,-0.011971371781219958,0.013705647056111967,-0.005515180688110111,-0.002302649062675558,0.02107632560191631,0.4126996584594187,0.12292814942000008,0.13309464126185108,-0.04100000000000009,-0.035556686405996074,0.13157053927539622,0.04765842801031561,0.07011751573969255,0.04898313579954516,0.05271224173099271,-0.04784212830897672,0.05964861117380875,0.09491160122024533,0.10096021101201916,0.4605417867683954,2.2007606664972768,1.3687959761474848,-0.2293554889886612,0.8628883051040092,-0.52712913991551,-0.09592837356713645,0.1609011571438834,-1.0036795953722102,-0.058827807749971255,0.6500436999080778,-0.4444978119514411,-0.24621555256495625,-0.2325900242132171,-0.3187758436695717,0.9393175298720693
1998-04-01,0.0074,6e-4,0.0103,-0.0168,-0.0036,0.0076,0.0043,0.007372754329413157,5.998200719675495e-4,0.010247316451549499,-0.016942720730312024,-0.003606495594111744,0.007571265496318126,0.36789084576318576,0.1295435024720002,0.1341367284233761,-0.04100000000000008,0.023787374901506952,0.11648204495892915,0.058449309818821904,0.07024763183203288,-0.0021669706674605216,0.04591028060765094,-0.04149312653774939,0.05926805461319886,0.052401916807707005,0.09131546312481621,0.40938397230093515,1.9230295592337083,1.4519151436520328,-0.21072228053934636,0.8628883051040094,-0.05879248342771715,-0.013559065340759952,-0.3337584272157965,-0.9351181785454471,-0.3835908169312969,0.3445269189585766,-0.4411228275899881,-0.38477697298608404,-0.24633857453556526,-0.45047059084078184,0.606091817845614
1998-05-01,-0.030699999999999998,-0.034,0.0341,0.0103,0.024700000000000003,0.0191,0.004,-0.031181117483574737,-0.03459144476961909,0.033531483208792345,0.010247316451549499,0.02439988682353512,0.018919884852510768,0.2422904495439484,0.022952926232000292,0.1380869286860431,-0.04099999999999998,-0.059190825575670014,0.10892803984900878,0.14145628457987725,0.05423880077715501,0.018705244073023986,0.045522310552410045,0.010059639280921573,0.05883704012306145,0.13121273433048652,0.06697537238089661,0.3014812751196184,1.1445412437500824,0.11264875964246708,-0.14009008428131195,0.8628883051040105,-0.7136471077427781,0.6200524606091155,-0.13190858209662853,-0.3784116610131427,0.21850347307451098,0.19157094627810733,-0.8563639671258808,-0.3926802351424298,-0.26191004280251234,-0.7828237154774503,-0.09675198953966091
1998-06-01,0.0319,-0.0317,-0.0203,-0.0026,-0.030299999999999997,0.0726,0.0040999999999999995,0.03140176313953164,-0.032213322364651575,-0.020508876631540447,-0.0026033858701149278,-0.030768533671636483,0.07008560756668776,0.23143085003304553,0.00762230295800026,0.13682723579002337,-0.04100000000000011,-0.09990561842201484,0.11032145237055584,0.1024100177473437,0.062488778269678066,0.010398379513160583,0.045465906907822734,-0.0249329694268694,0.06651108160347761,0.18270667593613354,0.0891792456801172,0.3313364684550604,1.077231970972687,-0.07997416370634221,-0.16261422734752845,0.862888305104009,-1.0349636730591358,0.32200323303968703,-0.21224214255880933,-0.7562888325620952,0.6119038866876688,0.2197852199616767,-0.6423739485294309,-0.39382922276073984,0.015333753231908491,-0.4796396909118831,0.09771523233937464
1998-07-01,-0.0242,-0.0483,-0.0183,0.016399999999999998,0.0076,0.0379,0.004,-0.024497631600400235,-0.049505419903839346,-0.018469516283661322,0.01626697246387194,0.007571265496318126,0.037199440989106304,0.11977469337642965,-0.02398467021399997,0.1293162205516592,-0.03799999999999999,-0.11933810738380923,0.11639417039616469,0.08083083433792781,0.06774993042936686,0.025123690294645895,0.048021313410660287,0.0082897578053025,0.06167932407854103,0.18373313303193206,0.08942029927350442,0.3030712404157413,0.3851719462792988,-0.4771026732121103,-0.2969161531073734,0.8985974831407345,-1.1883226900708697,0.15728431191105965,-0.06983743191690316,-0.3975242059385205,0.6197457537782823,0.3427476059946685,-0.505908843077822,-0.3417735364129473,-0.15922548014594545,-0.47634821119596815,-0.08639546193164713
1998-08-01,-0.1605,-0.0547,0.035699999999999996,0.0335,0.057800000000000004,0.019,0.0043,-0.1749488024645415,-0.05625294155079841,0.03507752661269616,0.03295110013968598,0.05619127964974256,0.018821754240587667,-0.01975927519341736,-0.1546839272099999,0.22209800083610395,-0.18081589999999997,-0.2230614212878348,0.08645161861477157,0.10690842986630278,0.07352546870727712,0.07038324299809706,0.054874979459419757,0.06838516057943389,0.08278947258969277,0.23804173515296978,0.07800214620247783,0.4611031564408046,-0.4796785431656379,-2.119284632296807,1.3620835123415258,-0.8013486500509266,-2.0068954160245505,0.3563406580000571,0.36785611507572297,0.25143229264707495,1.0346494467367118,-0.2635390016545263,-0.356101459407427,-0.20215884506322515,0.6034310318129521,-0.6322580182160366,0.9429741131476818
1998-09-01,0.061900000000000004,-2e-4,-0.0351,-0.0184,-0.028399999999999998,-0.006500000000000001,0.0046,0.060059756427662876,-2.000200026670447e-4,-0.03573080995579895,-0.018571385585435342,-0.0288110818541196,-0.006521216990265463,-0.01184960539955393,-0.13010840421000003,0.2243512422768835,-0.18081589999999995,-0.24245836649461405,0.0746274153553927,0.06549874698523106,0.08581635527295492,0.06755556932222317,0.05606148370894983,0.0477874452598952,0.08867965725071601,0.21229495749504745,0.08171472481987825,0.4547533239896615,-0.4306533354496662,-1.810503378039899,1.4023729612502311,-0.8013486500509263,-2.1599739257198642,0.040250926565991024,0.34051040688809997,0.029002279774531854,0.8379507155072908,-0.5029593468082161,-0.037297311500365485,-0.17798879892955646,0.8162285725785571,-0.581564406719927,0.9016133266909673
1998-10-01,0.0698,-0.0298,-0.0233,0.0088,0.0018,-0.0533,0.0032,0.06747171511501275,-0.03025304317102094,-0.02357573652870569,0.00876150566857267,0.0017983819413793973,-0.05477302584729153,0.09888076106398858,-0.046310689509999836,0.2299285120815897,-0.18081589999999997,-0.2597775276191707,0.07277395055196989,0.016977060666935495,0.0879329538094462,0.06893306037941271,0.0561270721289779,0.028990748614217132,0.0869449329999878,0.15379474842722618,0.1069024211821376,0.4135722760463969,0.2556685158812834,-0.7576198463678069,1.5020982382578454,-0.8013486500509266,-2.2966547971590208,-0.3301263796579271,0.3538317702414311,-0.17397894469619735,0.3910242281161354,-0.5404889099619721,0.017603560725707658,-0.17665271004614905,0.7535573533035247,-0.2376376039618991,0.6333730946611489
1998-11-01,0.060700000000000004,0.0126,-0.032400000000000005,-0.0092,-0.0092,0.0113,0.0031,0.05892906752928747,0.012521280553671691,-0.03293650024626485,-0.009242581366932545,-0.009242581366932545,0.011236631925987768,0.1317436870187132,0.20497707163400025,0.2347859047116084,-0.18081590000000006,-0.21008612547915728,0.07506994431205692,-0.027833428273733807,0.09331961184254796,0.027453314148159214,0.05076266622923848,0.002186212254955633,0.08605515198443378,0.16241545037303662,0.10654351991851779,0.3725015758521939,0.4593573945668291,2.399706655511932,1.5889516347269579,-0.8013486500509276,-1.9044958410361128,-0.672175253960216,-0.047308236052244906,-0.4634349972214739,0.45688416436047347,-0.4939988753734063,0.15732406950537944,-0.2859299740153074,0.7214118056125078,-0.24253824125430062,0.3658516327280271
1998-12-01,0.061500000000000006,-0.0046,-0.0425,-0.0069,-0.0326,0.08869999999999999,0.0038,0.05968300216117384,-0.004610612557683294,-0.04342955792733598,-0.006923915072824198,-0.033143218593254184,0.08498432390499729,0.1855777398306171,0.2045231768900002,0.23995391076419056,-0.18081589999999992,-0.19372408665089536,0.07623380129094828,-0.10270918408723761,0.09110484793726885,0.01387508573185281,0.05132414519904407,-0.0490289929029486,0.08926161594735739,0.2179017426822487,0.12709044084393728,0.41162582933314407,0.7930281659236529,2.3940036562979192,1.6813590048591853,-0.8013486500509259,-1.7753684710968602,-1.2437192963037877,-0.1786198068127761,-1.0164962744465496,0.8807851061736137,-0.4704327175965873,0.09987695892756855,-0.27449219567725197,0.8372532749604563,0.03802083484247295,0.6206945606249111
1999-01-01,0.0348,0.0067,-0.0446,-0.027999999999999997,-0.0641,0.028399999999999998,0.0034999999999999996,0.034208171329736956,0.006677654753240497,-0.045625178026275554,-0.028399474521698,-0.06624664581892631,0.028004196409597344,0.22499834765523952,0.16511552013999986,0.2402964046105076,-0.18081589999999997,-0.18004044654152584,0.07988079212220364,-0.12808010015962856,0.09807076230762275,-0.023400472370071257,0.05823046710427172,-0.10443372354384162,0.10879698418041751,0.2518642200643926,0.12630385070561262,0.4319046666059184,1.0373624475382088,1.8988627928220583,1.687483021608124,-0.8013486500509266,-1.6673787225658792,-1.4373813939003857,-0.5391021860501826,-1.6147992783706575,1.1402496612815434,-0.39658725127318717,0.2805606210350436,-0.13380486216839066,1.5430169406489185,0.02728029599111731,0.7527844487413596
1999-02-01,-0.0408,-0.0602,0.0195,-0.0123,0.0408,-0.0014000000000000002,0.0034999999999999996,-0.04165567526883251,-0.06208819231342174,0.019312311032372884,-0.012376271068055405,0.03998964821615841,-0.0014009809156281003,0.09784024579174622,0.053623839839999965,0.239899797512974,-0.18081589999999986,-0.23040248842477373,0.08905904763396676,-0.10273307975445756,0.10280539226811113,-0.03183041911062878,0.05915013073407473,-0.04320942256665006,0.11732269318312721,0.26516709862999965,0.1239216798670522,0.4955695870547734,0.2492192608955824,0.4980160689397486,1.6803914240972144,-0.8013486500509253,-2.0648302921050945,-1.243901697484103,-0.6206260427707593,-0.9536520664975416,1.2418802175522936,-0.21074292380934131,0.4033686595067176,-0.11507057413815425,1.851029339829733,-0.005247188394358442,1.1674774661917304
1999-03-01,0.0348,-0.0384,-0.026099999999999998,-0.0405,-0.010700000000000001,-0.0121,0.0043,0.034208171329736956,-0.03915671520119391,-0.026446650014983503,-0.04134296353438243,-0.010757656652960208,-0.012173800931708762,0.0844263901730613,0.02712194956799996,0.2380428434360491,-0.1808159,-0.2510424378800349,0.08992310683120197,-0.13804670188682788,0.10094103817335337,-0.06590375780457336,0.07073025127851171,-0.051264991225004386,0.11751883500819593,0.2237918111588919,0.12788697342143115,0.4748342490389268,0.16607836182944413,0.1650308088349218,1.647187855649532,-0.8013486500509269,-2.2277184515093764,-1.5134587807354525,-0.9501405779353211,-1.0406423085014076,0.9257837080026713,-0.19324716982936935,0.35501056789141916,0.12082579783298696,1.8581154500992625,0.04889713328318935,1.0324140776094322
1999-04-01,0.0434,0.038900000000000004,0.024,-0.024700000000000003,0.0084,-0.0898,0.0037,0.042484611606155395,0.03816246109434886,0.023716526617316065,-0.025010163004167762,0.008364916331627672,-0.09409092339959547,0.12317897112028175,0.03565813894400005,0.24071688537641847,-0.1808159,-0.22237456397518296,0.10733368351273694,-0.12635833191340384,0.10504977793703772,-0.07340920970992726,0.07256770517781473,-0.039839037686967504,0.1182131037839625,0.1054935554950609,0.16954006726473195,0.3455535350954647,0.40627212212288355,0.2722844881196237,1.6950014961171842,-0.8013486500509269,-2.001474815374644,-1.4242387368048481,-1.0227238817907836,-0.9172560516704951,0.02201558972052734,0.15928789633768958,0.46158410693872354,0.1582562120369251,1.8831976328517144,0.6176516229542539,0.19032067695213578
1999-05-01,-0.0246,0.0332,0.024900000000000002,0.0095,0.0318,-0.0525,0.0034000000000000002,-0.02490763570618478,0.032660782239548276,0.024595046855380134,0.009455158770755197,0.03130484982841253,-0.05392834202555563,0.13024736245818924,0.05314944612799999,0.2396344748315367,-0.18081589999999995,-0.16827888146910897,0.11850355389500836,-0.1341307942926674,0.1012029775616637,-0.07414292507391029,0.0723740785584573,-0.03318621946463651,0.12016925246740091,0.02782371095238001,0.17992198705301204,0.2985262439272982,0.4500829717019062,0.49205550869437986,1.6756472788739707,-0.8013486500509263,-1.5745577740208074,-1.4835677481643095,-1.029819455232459,-0.8454137905325295,-0.5713619614166635,0.3854590948177369,0.3618048184971294,0.15431188202341786,1.9538683593506787,0.7594121249040714,-0.1160001216847043
1999-06-01,0.04769999999999999,0.0323,-0.0322,0.009300000000000001,-0.0291,0.0466,0.004,0.04659728537678226,0.031789322489407336,-0.03272982462291888,0.009257021262676848,-0.029531802606037858,0.04554681495597036,0.14755321411710898,0.06627819357200027,0.24157484341749996,-0.16050000000000003,-0.11330609247192114,0.125639470210867,-0.14464813995758252,0.10304477849613632,-0.06309650519059296,0.07400966204962396,-0.031989791150062286,0.11986135412353686,0.0029090955461126278,0.17130145987630693,0.2922013540746915,0.5573469908571138,0.6570127754260219,1.7103423539748341,-0.5595272866921662,-1.140718706900931,-1.5638490914474732,-0.9229923566091366,-0.8324938350285624,-0.7617031879807508,0.5299494684905308,0.4095779204935834,0.18763003360409872,1.942744767451492,0.6417026564663261,-0.15719843999762512
1999-07-01,-0.0349,0.0248,-0.0018,0.0029,0.0327,0.017,0.0038,-0.03552355606904674,0.02449747160038737,-0.0018016219466282088,0.002895803112025468,0.0321767316952212,0.016857117066422806,0.13496987799182425,-0.013738657641999885,0.24360873874608058,-0.04080000000000001,-0.04519920517518616,0.12201050198416136,-0.13027174626225824,0.10343052456220499,-0.07554061890559405,0.07087457952426889,-0.007875999722776417,0.12459569195144313,-0.01728629909394297,0.16768336858729474,0.2652416242540825,0.4793537644166642,-0.34836577458682977,1.7467097491609236,0.865268916973125,-0.6032268133976636,-1.454110737855236,-1.0433361944456756,-0.5720945211061512,-0.9159907868078633,0.45646892977427755,0.41958350025744984,0.12376588031454913,2.113784472471031,0.5922992274579808,-0.3328055346131996
1999-08-01,-0.0137,-0.0095,-0.019299999999999998,-0.0024,0.0072,0.0298,0.0039000000000000003,-0.01379471102218926,-0.009545412843531385,-0.019488676583862413,-0.002402884616310315,0.007174203748000453,0.02936460862990398,0.333437511213027,-0.002717283198999998,0.14174852683651115,-0.04812186999999995,4.5508015865647344e-4,0.10829754374215311,-0.17645795264979902,0.09008054330955527,-0.1076529476731698,0.056802295413420294,-0.05533437977007016,0.10884317957145216,-0.00687088401073821,0.1693966899010833,0.509895463862826,1.7094831120558704,-0.2098867756192573,-0.07461828488264034,0.778116263842543,-0.2429283289916392,-1.8066607830928267,-1.353886304663663,-1.0845867039074235,-0.8364197057462393,0.17880445434540926,0.07330828446372777,-0.16289786850894952,1.5446858638105176,0.6156938687571913,1.2607916655855111
1999-09-01,-0.0277,0.031200000000000002,-0.028999999999999998,-0.0096,-0.009899999999999999,0.0638,0.0039000000000000003,-0.02809088016652561,0.03072317264284048,-0.029428810690812168,-0.00964637705180545,-0.009949330853668103,0.06184740332608023,0.22092597434073458,-0.07448889420100002,0.14465134488151937,-0.07448889420100002,0.03187565379036439,0.11255464742768242,-0.17125160329874045,0.08879964684454182,-0.0996530963483161,0.0559405910374967,-0.03734723076404545,0.10588748775554013,0.06340287225906094,0.1802288959589511,0.39217757763947503,1.0121213246034084,-1.1116673019273478,-0.022713976183628984,0.4642680100118347,0.005039303748422069,-1.7669195087427094,-1.276521790596738,-0.8903475990900436,-0.2995463586949136,0.26500368581887207,0.04008406553503731,-0.18045147990807126,1.437904160708897,0.7636028296529085,0.4940148424673908
1999-10-01,0.060899999999999996,-0.0694,-0.0288,-0.0175,-0.0087,0.0545,0.0039000000000000003,0.05911760448308876,-0.07192573957158893,-0.029222858676903284,-0.01765493523872071,-0.008738065943285299,0.05306672093669223,0.21076871020572563,0.017381340940999968,0.14165866876586797,-0.0744888942009999,-0.01024171983373201,0.13188474036559178,-0.17591845717593624,0.0895258650457312,-0.12312566134240732,0.05308489981484261,-0.04743692339428862,0.1058721751601446,0.18449173845693378,0.17326039711539093,0.38668716738166187,0.9491652218807464,0.042644101171742825,-0.0762250066838162,0.4642680100118362,-0.32734627129584204,-1.8025426887830263,-1.5035189572853815,-0.9993038802508056,0.625541303286812,0.6564057466195649,0.058920898304392004,-0.2386242075846884,1.4373509551932075,0.6684510740965822,0.4582520584915261
1999-11-01,0.0341,0.0687,-0.0565,-0.0418,-0.0184,0.054900000000000004,0.0036,0.033531483208792345,0.06644295654871396,-0.05815891417353214,-0.042698754533115245,-0.018571385585435342,0.05344597570562598,0.1804053202825875,0.06668766568699991,0.1353881568031037,-0.07448889420100005,0.044592804674788544,0.14790251378467048,-0.19644384492093403,0.0978583916037126,-0.1519771989284362,0.06174738700928487,-0.05628187727476153,0.10677843586609288,0.23555852358174567,0.17758441460532856,0.4320023685026797,0.7609688070193105,0.6621576227300983,-0.18834591249664961,0.4642680100118344,0.10540162803223317,-1.9592177427439446,-1.782534790803708,-1.0948185125762853,1.0156783517156731,0.9807388755809215,0.2750520955972151,-0.062162374257999926,1.4700918726035612,0.727493611730645,0.7534208477832952
1999-12-01,0.0766,0.06559999999999999,-0.0766,-0.08,-0.0587,0.13140000000000002,0.0044,0.07380792714471986,0.06353802080398753,-0.07969276890924851,-0.08338160893905101,-0.060493380428962476,0.12345580392691824,0.19719676666625863,0.18111276445400004,0.14121907606535958,-0.07448889420100013,0.1182620983136975,0.15903860598208006,-0.22506135394254878,0.11351391568408883,-0.21439837177943954,0.0923142979861284,-0.08174295129081355,0.11764082211318701,0.2840184748602803,0.19664716920592318,0.5090798288028291,0.86504447240925475,2.099861533069873,-0.08408521523814014,0.46426801001183343,0.6867914066974465,-2.1776618387041418,-2.386193972581528,-1.3697668227787811,1.3858998628722081,1.2062261222968722,0.6811290687929719,0.5605101941433869,1.8625225370483338,0.9877870560873525,1.2554788785470012
2000-01-01,-0.047400000000000005,0.0516,-0.011200000000000002,-0.061500000000000006,0.045599999999999995,0.018600000000000002,0.0040999999999999995,-0.04856019061537703,0.05031281387358918,-0.011263192278710714,-0.06347242295557354,0.04459088332787522,0.018429135468367143,0.10209667561488,0.06054106835599993,0.15272345182862207,-0.07448889420100017,0.16813789866562434,0.1641531388460375,-0.19797013479002767,0.1106278912860397,-0.24147414806070366,0.10191402202386653,0.02588905879936476,0.10873185048903931,0.27178259285558304,0.196499299578093,0.5132567409162867,0.27560119107040276,0.5849281764522573,0.1216206408463082,0.46426801001183293,1.0804056127666357,-1.9708682679652538,-2.648036873146068,-0.20747338302304477,1.2924208847346745,1.3097868609552927,0.6062706324920176,0.7560642959972271,1.540663824381107,0.9857679620188353,1.282685953899373
2000-02-01,0.0246,0.2125,-0.0977,-0.1895,-0.0113,0.1802,0.0043,0.024302292522964817,0.19268434382950114,-0.10280821998168205,-0.21010393780640627,-0.011364330079049759,0.16568391564093127,0.17723963077044047,0.050798161336000014,0.14322876400801177,-0.07448889420099997,0.5070942776463823,0.22392746617570614,-0.2901701349887611,0.13079731165387076,-0.3775587698726336,0.21186305959500745,-0.025464534555215468,0.10108341522138801,0.5030621030324038,0.24231155372633084,0.8846530475190159,0.741347433442162,0.4625125904342497,-0.04815066414098213,0.4642680100118354,3.7554112279786622,-2.6746522931831795,-3.9640764107500672,-0.7620290827066564,3.0593366058227653,2.520117042758229,1.1294301978973076,2.995814647923452,1.264345116339384,1.611313937709973,3.7018432224415796
2000-03-01,0.0521,-0.1741,0.085,0.1165,-0.012,-0.06849999999999999,0.004699999999999999,0.050788166832105096,-0.19128157816546576,0.08157998699242285,0.11019879229807555,-0.012072581234269249,-0.07095908894049391,0.1969209659195792,0.026885329316000073,0.14674791076372568,-0.07448889420100015,0.29441468792444536,0.31245357087352693,-0.20919457486683013,0.17110228426098528,-0.2757106477986405,0.2593153120487174,-0.02674513306434101,0.10121404022766074,0.41725108712894454,0.2609358142337058,0.6929617349275851,0.8633350219206049,0.16205777350236303,0.014774009997586462,0.46426801001183327,2.0769678292796576,-2.0565470271956463,-2.979129296995123,-0.775857972874837,2.4037626082540084,4.31262264139569,2.1748708485587844,3.9624552068653274,1.2690642689121827,1.8656199400497409,2.453227057100994
2000-04-01,-0.0639,-0.06,0.0645,0.08070000000000001,0.056299999999999996,-0.086,0.0046,-0.06603297060443801,-0.06187540371808753,0.06250520535139711,0.07760897932698288,0.05477223584697948,-0.08992470752798701,0.07383334885692716,0.009098631926000023,0.16370314035120598,-0.07448889420100006,0.171190496341302,0.32248883989766697,-0.1779176024860747,0.18558804221325548,-0.19743719581256103,0.2796316316732608,0.019485438262729637,0.1160759598839293,0.42316797806620055,0.2588154254122373,0.6206051738787616,0.10042125294858335,-0.06142470250322658,0.3179447416542089,0.4642680100118342,1.104496370249871,-1.8178026294590797,-2.222166782150566,-0.2766246153950888,2.448966126754235,4.515820059501977,2.550606129824621,4.376314982577092,1.8059880049093746,1.8366669727960845,1.981919460670812
2000-05-01,-0.043899999999999995,-0.0608,0.045899999999999996,0.0405,0.0147,-0.08990000000000001,0.005,-0.044892768890736685,-0.06272682990830501,0.0448777587780855,0.039701366851552046,0.014593002302900086,-0.09420079539882702,0.05258567238272316,-0.058365018559000004,0.1689468483800452,-0.10499479000000003,0.06463619257041331,0.33021375443406387,-0.16107329538509652,0.19148160859543126,-0.17279187938877627,0.28450341222084025,0.002589527238991751,0.11256157254816322,0.3669922710691811,0.27555352586623455,0.5397841504579574,-0.03127473181146043,-0.9090774915611879,0.4117057132467582,0.1011545219264198,0.26358179071243665,-1.6892261193942113,-1.983828236629337,-0.45907969102857077,2.019798234793611,4.672236662296749,2.703474956541324,4.475557071794001,1.6790220394282704,2.065218297641006,1.4554770518920983
2000-06-01,0.046799999999999994,0.12710000000000002,-0.08039999999999999,-0.08310000000000001,-0.0317,0.1663,0.004,0.0457378916738537,0.11964796226589584,-0.0838164860931106,-0.0867568639262819,-0.032213322364651575,0.15383634471486723,0.051681475470301,-0.06310854617200001,0.1687139954498682,-0.10499479000000003,0.1624057470174498,0.3490751912831879,-0.20285493122146603,0.2032038985433625,-0.24852162311658477,0.2913933151123544,-9.533502367309321e-5,0.11336373970113615,0.5233356447047448,0.3037475737382102,0.7718572678213296,-0.036879067087508,-0.9686779487292582,0.4075421486753722,0.1011545219264198,1.0351681167436322,-2.0081550541634936,-2.7161912001400124,-0.48807290403210507,3.2142212277921174,5.05414922092347,3.007530700478103,4.615909936784033,1.7080023188692774,2.450195494521331,2.9671274337667493
2000-07-01,-0.0248,-0.028399999999999998,0.0806,0.0572,0.0298,-0.0016,0.0048,-0.02511270081507533,-0.0288110818541196,0.07751644242782835,0.05562390374799701,0.02936460862990398,-0.0016012813669738792,0.06268757111038958,-0.02397548790400006,0.16634455846439536,-0.10499479000000013,0.10206227927610656,0.3511475997330285,-0.1370517317951475,0.22481327801199538,-0.20783434037177528,0.301268264547044,-0.002903240057498202,0.11252455334030145,0.49547522878389083,0.30551104007910307,0.7033095691556661,0.031338208596467305,-0.4769873012951526,0.3651750464905403,0.10115452192641863,0.5589442570987825,-1.5058639428332299,-2.3227149053398297,-0.5183948277566333,3.001374846160757,5.0961120268289495,3.568040291994128,4.817070601399118,1.6776846286597755,2.4742748438858664,2.5206295539527175
2000-08-01,0.0703,-0.005,-0.0137,-0.030600000000000002,0.0121,0.0559,0.005,0.0679389830081929,-0.005012541823544286,-0.01379471102218926,-0.031077955570861397,0.012027380212718455,0.0543934838303317,0.15319325495229696,0.0926043670079999,0.17603232369960764,-0.10499478999999995,0.10706912456307482,0.35092832055627,-0.132124118557718,0.224686266523084,-0.2302271547277457,0.3008661824725941,0.0019476079604903163,0.11297725345870341,0.5333776403893093,0.3061626891015806,0.763604795117055,0.5923047300140852,0.987790226361772,0.5383987034940175,0.10115452192642078,0.5984577169056513,-1.468250326005896,-2.5392700800414287,-0.46601163038034765,3.290939481097784,5.091671990148854,3.5647458356275816,4.8088798660580325,1.6940395440731575,2.483172821755606,2.913373454604682
2000-09-01,-0.054400000000000004,-0.0174,0.0724,0.027000000000000003,0.0554,0.0189,0.0051,-0.055935632330303305,-0.017553159247589156,0.06989912737966719,0.026641930946421092,0.05391984198943033,0.01872361399810251,0.1215258067292937,-0.013023796863999904,0.18490781538334392,-0.10499479,0.05489344627199122,0.35091028435073973,-0.041493207766525875,0.23776342377104395,-0.2017803795490658,0.30463084643163285,0.06802899246692418,0.12423400441868725,0.4686580915516707,0.30516851164597286,0.6704384711007365,0.3960255846859205,-0.33938384538638494,0.6970983715632406,0.10115452192642012,0.18669313284373562,-0.7764435248312018,-2.2641686001386283,0.247586114727761,2.79649884424446,5.091306787144593,3.9039444728621455,4.8855690996648775,2.1007176126142704,2.469597770319238,2.3065176891580927
2000-10-01,-0.0278,-0.0385,0.0558,0.0955,0.0371,-0.045599999999999995,0.005600000000000001,-0.028193734370781983,-0.039260713953302606,0.054298773407378875,0.09121088005338408,0.036428356613551406,-0.046672408198430666,0.027756988690940787,-0.016060023904000076,0.17992525418485134,-0.10499479,0.08992053362402741,0.34461799374024465,0.042001103006694684,0.2425399086378726,-0.10997496773129944,0.3239122991717122,0.11737402207953873,0.12677746112125046,0.32924351121566087,0.31384336953861725,0.4392184789469603,-0.18516628569758556,-0.3775327789256629,0.6080068782114614,0.10115452192642012,0.4631229661838482,-0.13911204986249776,-1.3763419661698646,0.7804517943266231,1.731407459554722,4.963898423407518,4.027838154560631,5.278347804365216,2.1926062990472732,2.588049100543619,0.800424293217549
2000-11-01,-0.107,-0.0308,0.12240000000000001,0.1305,0.08349999999999999,-0.0217,0.0051,-0.11316869810563798,-0.03128429003976644,0.11546924980611419,0.12266001273588754,0.0801965419942766,-0.021938907518753964,-0.1124775254801178,-0.17905409824000007,0.20950365269899002,-0.19720800257154175,-0.011555178077657269,0.34011022474613595,0.23957820669286067,0.2562058890206766,0.05006606030031935,0.3469301012833692,0.23336873769680122,0.14082837640550827,0.23272246376176065,0.3151046129529605,0.3520557321729785,-1.0543588519306777,-2.425485724216554,1.136888228504943,-0.9964648197587359,-0.33771193601179084,1.3690398918232851,0.17137384274408662,2.033052176827322,0.9940115872104791,4.872623638564273,4.382309836320408,5.747238951746062,2.7002304891310676,2.605270818987258,0.23267391806389248
2000-12-01,0.0118,0.008199999999999999,0.0755,0.0192,0.0482,0.0659,0.005,0.011730922875698699,0.008166562666393401,0.0727856697256476,0.01901800583576195,0.04707440738592885,0.06381951271295411,-0.16589704651753945,-0.12158093971999995,0.19079304587070275,-0.19720800257154167,-0.06479910898826424,0.33308842170048986,0.44375824268807884,0.23753893662710926,0.16329057462835372,0.33362812659303853,0.37343791655560077,0.11447199137252971,0.16135661492280406,0.298416663574422,0.6096552892056183,-1.3854602990453404,-1.703359323329304,0.802330189487895,-0.9964648197587349,-0.7579070495839719,2.9275935500892167,1.266339133441179,3.5456271771748407,0.448794935004916,4.73044386780836,3.8981216681152495,5.476267025550667,1.7480406612632748,2.3774042847952543,1.910595398945372
2001-01-01,0.0325,0.0641,-0.050499999999999996,-0.052000000000000005,-0.0521,-0.2535,0.0054,0.03198304585305074,0.06212937146554883,-0.05181974872979647,-0.053400776727115296,-0.053506267523141166,-0.29235966200289204,-0.095936070259668,-0.06709763449999995,0.19238534931862475,-0.19720800257154178,-0.05368270433093569,0.3354528366779285,0.3863758610763861,0.2485443544122085,0.17506602530386717,0.33126638057419566,0.24510501253161232,0.13726875808751934,-0.148878153308587,0.42614374484766465,0.5352540143849731,-0.9518326657255145,-1.0187991891708723,0.8308016294548494,-0.9964648197587362,-0.6701776344635352,2.489580497809169,1.3802165022117545,2.15978952230886,-1.9213185644446449,4.7783193176435015,4.183582999207301,5.428156359066287,2.5716304421504264,4.12146082955109,1.4259691881529801
2001-02-01,-0.1003,-0.006500000000000001,0.1223,0.09119999999999999,0.0901,0.126,0.0038,-0.10569390455906402,-0.006521216990265463,0.11538015104007317,0.08727800810706056,0.08626943515217586,0.11867152971749854,-0.20614257506599976,-0.060098255049999993,0.2112688835340175,-0.24545440078509626,-0.2246051684559046,0.2578110252619032,0.7244038888241473,0.2178962292445397,0.5820259676885626,0.23049572730481077,0.3728016326091941,0.14853532339060552,-0.18796543011817413,0.40673843649925645,0.9490090572800519,-1.634907551351383,-0.9308548892432157,1.1684517246544306,-1.5707445609049044,-2.0190784950256653,5.069826978199785,5.315821916462561,3.538756092484415,-2.2199352635053606,3.206202458705222,3.3886241183473658,3.3753770795941613,2.978663078196057,3.8564899659669987,4.121037775591289
2001-03-01,-0.0725,0.0026,0.0647,0.0334,0.037200000000000004,0.08650000000000001,0.0042,-0.07526248450054686,0.002596625847265914,0.0626930693384234,0.03285433687094728,0.03652477468237217,0.0829615207143473,-0.3001589567281766,-0.13840791812500008,0.20313750193640148,-0.28433312963032337,-0.05871066944410952,0.1791897991001245,0.6921408483235667,0.21527857200743533,0.4642773264750202,0.21671374028884324,0.4411638191723244,0.1426348508601804,-0.052844272488885013,0.4136721986086027,0.9922998050517433,-2.2176338547007637,-1.914783328313852,1.0230572376255593,-2.033520377630149,-0.7098577695631425,4.82355569338064,4.177104952907867,4.276983696922091,-1.187644519356506,1.6142540888115733,3.320726657856746,3.0946269161442714,2.7654938626130354,3.9511674068514067,4.403019920460968
2001-04-01,0.0793,0.005,-0.0464,-0.0318,-0.0319,-0.0801,0.0039000000000000003,0.07631268284916351,0.004987541511038968,-0.047510982671051735,-0.03231660147654312,-0.03241989125611126,-0.08349031049902554,-0.19310069650328077,-0.09935464022500007,0.22417874080484448,-0.2843331296303235,0.006378486392202065,0.1681922434764072,0.5158529947969497,0.23230670769990236,0.3118472355816735,0.2192190713863303,0.3208280728398438,0.15271207548884932,-0.046730247551997284,0.4122707607610293,0.7089536913002304,-1.5540722166020324,-1.4240950881162517,1.3992885207110994,-2.0335203776301505,-0.1961814732942697,3.4779095449580177,2.7029925685309464,2.9775055173994023,-1.1409349480163888,1.391571976070591,3.762406780838452,3.145662526198225,3.1295586147613674,3.9320313957113715,2.557393568208702
2001-05-01,0.0068000000000000005,0.0248,0.0338,0.0029,0.0195,0.0215,0.0032,0.006776984279023669,0.02449747160038737,0.033241333779801936,0.002895803112025468,0.019312311032372884,0.02127213527553977,-0.1503124999890213,0.007857895099999901,0.22333960620783894,-0.28433312963032353,0.09810122748586969,0.15446191834625275,0.49831611628366645,0.23203991463672055,0.26444170357026486,0.21918015385748146,0.32707620011847927,0.1524950737841676,0.06995390849976357,0.4007154975715672,0.6486286162726878,-1.2888651628852201,-0.07701404614954714,1.3842842384971679,-2.033520377630151,0.5276840819314321,3.3440464763763136,2.244545805057658,3.0449776136710627,-0.24949813386831415,1.1135558501953458,3.7554866343770312,3.144869744825502,3.121718889565011,3.774249410943045,2.1644552402453687
2001-06-01,-0.0194,0.0635,-0.0126,0.015700000000000002,-0.0167,0.0062,0.0028000000000000004,-0.01959064976500415,0.06156535565815473,-0.012680053157374483,0.015578029963318462,-0.016841017196026556,0.006180859075081099,-0.2040470361952943,0.0655584387439998,0.21376247023767256,-0.2843331296303235,0.036137570252171125,0.11427107709103602,0.6087835289457286,0.2016539419563609,0.4006908477656428,0.186483280873043,0.34763402620727124,0.1470364586648879,-0.0769204983859535,0.3669206592855564,0.8128305651410229,-1.6219191168034666,0.6479693545170365,1.213038706004099,-2.0335203776301505,0.03867386906086538,4.1872699055643725,3.5621763965115005,3.266976871871506,-1.3715806666160482,0.29975851651803054,2.967327531538945,2.4788081367245773,2.924512869683305,3.312795909429193,3.2340144443936576
2001-07-01,-0.0213,-0.0405,0.0495,0.0729,0.028999999999999998,0.0548,0.003,-0.021530118550363214,-0.04134296353438243,0.048313860278550724,0.07036526266056345,0.028587456851912472,0.053351175496994536,-0.2011903551315981,-0.03376073010400005,0.21368104397806906,-0.2843331296303234,0.023233839704567938,0.11867424077795698,0.562482244705296,0.19774414070742333,0.4214918753005661,0.1894180571325808,0.3465871168841348,0.14701255190223203,-0.024775382309198624,0.37183095934127164,0.7636725998368941,-1.6042130195609947,-0.5999348112921378,1.211582750567301,-2.0335203776301496,-0.06316092093723343,3.8338414443360325,3.7633378083908013,3.255671537730844,-0.9732054482340112,0.3889152187977058,2.865914110383937,2.5385918902282993,2.9236491785439593,3.379843875009529,2.913815112957024
2001-08-01,-0.064,0.0219,0.0286,0.0381,0.0653,0.0546,0.0031,-0.06613980250454507,0.021663639636026355,0.028198654358678736,0.03739211921706269,0.06325644963501477,0.05316154811423234,-0.30142406092046714,-0.10170842607999997,0.19566823425609822,-0.2612352590106463,0.05089714652673183,0.11996687577522694,0.6294932950459979,0.19024958597568778,0.5222309838554959,0.17761250659729563,0.41736908963212005,0.15102889970988456,-0.025976056618317256,0.3716287914539026,0.9309173559664651,-2.2254751423177903,-1.453669431195707,0.8895017858463173,-1.758585052887727,0.15515478478023415,4.3453523623534505,4.7375599363288945,4.020029859284293,-0.9823782898362194,0.41508891612134013,2.6715184398660856,2.298103327979819,3.0687497119760154,3.377083362332103,4.003194194610625
2001-09-01,-0.0924,-0.0623,0.0152,0.050300000000000004,0.0335,0.11380000000000001,0.0028000000000000004,-0.09695152607645043,-0.06432521055655759,0.015085637418040953,0.049075837646592645,0.03295110013968598,0.1077775921734311,-0.3294971210780625,-0.16858103968000004,0.20566703855745427,-0.31032413194616587,0.0028763019520825495,0.1370879928225907,0.5425788820689081,0.18896059344311278,0.5567665066635126,0.17787540784174782,0.3879580766863715,0.14870236548500093,0.06474420270734949,0.3874309152664436,0.8862636277415751,-2.399475782207568,-2.2938960869151273,1.0682870273019585,-2.342892820646592,-0.22382031895045285,3.681914452563624,5.071544135733784,3.702427062729869,-0.28929894051920396,0.761762908692057,2.63808422307381,2.3034588378395813,2.9846978884672692,3.5928543419988674,3.712334029115492
2001-10-01,0.0248,0.07490000000000001,-0.0731,-0.0298,-0.0436,-0.0832,0.0022,0.02449747160038737,0.07222763399688073,-0.07590959410035,-0.03025304317102094,-0.04457904339796736,-0.08686593302166187,-0.29322017041843085,-0.12941846272000024,0.21369029707280252,-0.2607202065736063,0.12115625269713282,0.14701865853318397,0.3542492572359075,0.2179363872516061,0.3787082289045549,0.1788740450999575,0.27995671058031557,0.16451339416366725,0.02279702959146923,0.3953095338988357,0.6719283993229858,-2.174626314689935,-1.8018345493583683,1.2117482020279229,-1.7524543531635566,0.7096317475408902,2.2443506657191654,3.3495881174240036,2.5361450319050896,-0.6097645086838354,0.9628422846026707,3.3896657469683804,2.323801882216614,3.5559105436593317,3.700433378899144,2.3162226071241077
2001-11-01,0.0753,-0.005699999999999999,0.0217,-0.0349,-0.0168,-0.0861,0.0017000000000000001,0.07259969241434348,-0.005716306996109192,0.021467906615240975,-0.03552355606904674,-0.016942720730312024,-0.09003412270398105,-0.14893577743666153,1.456485439998989e-4,0.2145372353518119,-0.26072020657360634,0.15019156217164586,0.1413909217802666,0.23274809882210112,0.19450792989290144,0.17699364150003194,0.15466409640974646,0.16147063944860762,0.15447714620418382,-0.0445321421408118,0.40551838350029695,0.38168387625876266,-1.2803320495118824,-0.1739152256158076,1.2268920192431656,-1.7524543531635572,0.9387751438601863,1.3169040913938417,1.3988579849428786,1.2566410714807494,-1.1241419904186185,0.8488900253036067,2.781972449572232,1.8306257499204945,3.1933261753925337,3.8398306843442382,0.4256622134354165
2001-12-01,0.0161,0.0472,0.0083,0.0026,-0.0028000000000000004,2e-4,0.0015,0.015971769509698665,0.046119935613553036,0.008265744417032593,0.002596625847265914,-0.0028039273327342593,1.999800026662447e-4,-0.14531888066158516,0.11970911578400001,0.21512113111637704,-0.26072020657360623,0.19468419351928934,0.14540464323757366,0.15572283407003695,0.1849451387654982,0.15782361162473668,0.1549058399926043,0.10495947496484592,0.15028513796020812,-0.1034253199823999,0.3988823427971538,0.3400030741808745,-1.257914032033717,1.3283501535450817,1.2373324621307762,-1.752454353163556,1.2899059856764468,0.728952347859802,1.2134695338671617,0.6463899417526863,-1.5740706577423347,0.9301611736067276,2.5339303363614283,1.8355502611917405,3.0418794726957454,3.7492184969818427,0.15416674212140186
2002-01-01,-0.0144,0.011699999999999999,0.0342,0.0473,0.028300000000000002,0.0365,0.0014000000000000002,-0.014504686202881688,0.011632084229707696,0.03362818097998406,0.04621542379696289,0.027906953253007866,0.0358496528936972,-0.18414168404848252,0.07687871244799993,0.20944450501065415,-0.184710567510208,0.13585377181041736,0.13594306981047266,0.2588189099475857,0.17203703276578855,0.27910197094365663,0.14020937918305099,0.19868111415376233,0.13502618488340037,0.24487562737875757,0.2529557908157686,0.46324365499213915,-1.4985430405462608,0.7902038987362041,1.1358306286738076,-0.8477071085562145,0.8256229151240031,1.515908650559145,2.3863214975520917,1.6584684702607402,1.0868586182311275,0.7385801320835547,2.199116593484409,1.536171530850705,2.4906119189144404,1.7566562658576974,0.956916639060585
2002-02-01,-0.023,-0.0108,0.023399999999999997,0.0803,0.051,0.0683,0.0013,-0.02326862693935433,-0.010858743334875945,0.023130417388854466,0.07723878034080223,0.04974209189481401,0.06606859996970471,-0.11404515429072726,-0.021565607680000043,0.1862879739583546,-0.18471056751020795,0.13093764577238542,0.13660712973845818,0.14788850792155261,0.13691083383490624,0.2663250176048686,0.13526660654389805,0.15568649754665098,0.1178751113792741,0.1810840432759564,0.23500778548474677,0.38037017189559585,-1.0640752282225547,-0.4467081557333004,0.7217765207342267,-0.8477071085562138,0.7868254014251327,0.6691511159751398,2.2627588529264195,1.1941794470845517,0.5995073922700439,0.7520262352732066,1.2880042941775993,1.435483275613627,1.8709868183095009,1.5115842274861553,0.4171051615682582
2002-03-01,0.0424,0.0409,0.0108,-0.0183,0.0066,-0.0169,0.0013,0.04152574682849831,0.04008572353928558,0.010742096531902029,-0.018469516283661322,0.006578315360122507,-0.017044434609258474,-0.004291826234667728,0.0037594828800000535,0.17814671495173537,-0.18471056751020803,0.17414023088417685,0.13942961104983223,0.0897771238913363,0.1250605989438842,0.20297200482165634,0.13948317854203793,0.12159084885312255,0.11485957009219183,0.06868267183119436,0.22395157112948266,0.20726383105632407,-0.3838091936477605,-0.1285088959541026,0.57620541909221,-0.8477071085562148,1.127775343459645,0.2255734188426385,1.6500880857308142,0.8259883414134648,-0.2592100536713322,0.8091767624533789,0.980629881701889,1.5213782395476716,1.7620429045109174,1.3606165328179356,-0.7104544162387864
2002-04-01,-0.0521,0.0582,0.0401,0.045899999999999996,0.0535,0.077,0.0015,-0.053506267523141166,0.056569351487894326,0.03931686237695041,0.0448777587780855,0.05211795426210677,0.07417939817425147,-0.1255148912145293,-0.03463513208000002,0.16392920728371282,-0.184710567510208,0.23629372370312063,0.1454545219902839,0.18862959999934836,0.11323151803153098,0.2995129310503719,0.13182553058545812,0.22053089481124322,0.11223147873017512,0.25119169209935444,0.21068590907618132,0.4250278222649012,-1.135166215557222,-0.6109213094787274,0.3219869680940134,-0.8477071085562145,1.6182837174152014,0.9801373384532512,2.583710667196978,1.894419250117162,1.1351117213343827,0.9311711349485416,0.6738041665156967,1.3653857899131825,1.667096580935498,1.179479811505992,0.7079908746630899
2002-05-01,-0.013600000000000001,-0.0327,0.0152,0.0231,0.0253,0.030899999999999997,0.0014000000000000002,-0.013693327132002567,-0.03324659379363568,0.015085637418040953,0.022837233902757128,0.0249852526939086,0.030432207120201914,-0.14323389818634458,-0.025347077056000145,0.16275737681930968,-0.16858103968,0.16692712620806893,0.153727163027945,0.16724392524602316,0.11137620237789309,0.3256871869155802,0.13019878714652627,0.22747457229030688,0.11252364027521455,0.2627053503526431,0.21100798668905876,0.46892108510192476,-1.244991027458718,-0.49422075014911016,0.3010338634817971,-0.6557163815771497,1.070850332726048,0.8168955138604641,2.8368351946221457,1.9694024337902485,1.2230730965526972,1.09867828355903,0.6256805162894902,1.3322477173085558,1.6776516419172145,1.1838776382085106,0.9938976107949639
2002-06-01,-0.0723,0.0408,0.0037,0.0392,0.026600000000000002,0.062400000000000004,0.0013,-0.07504687432291127,0.03998964821615841,0.0036931718376176062,0.038451186374252634,0.0262523711440657,0.06053049974003236,-0.18945348495561076,-0.13259255888800014,0.17429001273341432,-0.17181310407235187,0.14201951382920353,0.14766514202305578,0.18651278890969536,0.10844074356960211,0.35635928388566596,0.130689885360496,0.2815268950607439,0.10643917909566,0.33323212503940347,0.21425732949145615,0.5458127688412767,-1.5314663040458174,-1.841715751312323,0.5072450297753073,-0.694187835848033,0.8742822575792104,0.9639792275412038,3.1334571918500354,2.5531010946904917,1.7618794389580508,0.9759324943094855,0.549539837657991,1.3422517830272516,1.4578353797105768,1.2282459704696473,1.4947455522029385
2002-07-01,-0.0819,-0.0525,-0.0351,0.0384,-0.011000000000000001,0.0363,0.0015,-0.08544896183248271,-0.05392834202555563,-0.03573080995579895,0.037681066967688484,-0.011060947359424948,0.035656677208034684,-0.2396416108488264,-0.15986204063200005,0.18714733121689997,-0.20363322831507286,0.12773683100903632,0.15297875092012322,0.09086821345303964,0.11214672885374094,0.3127444127009744,0.12223588106699528,0.23171049486401918,0.11052818061417156,0.30984874021457487,0.21233203893496871,0.5523860235498008,-1.84253912515134,-2.1843454799186355,0.7371423975265999,-1.0729446630927009,0.7615649313582794,0.23390195899397995,2.7116689387593578,2.015145192051606,1.583236418538064,1.0835241897701091,0.6456666283783019,1.1700369141221685,1.6055607087794495,1.2019569833407922,1.5375616400945042
2002-08-01,0.005,-0.027999999999999997,0.0301,0.0137,-0.013999999999999999,0.0187,0.0014000000000000002,0.004987541511038968,-0.028399474521698,0.029655884907510675,0.013607003406216947,-0.014098924379501648,0.01852730461388356,-0.1835895501101179,-0.14402002315000006,0.18265316035560877,-0.2036332283150729,0.07266875402757944,0.1569609748480387,0.09245901874195583,0.11245276178276567,0.281889038777553,0.12142358320108101,0.14002304321404546,0.10225126909923017,0.2652597303779516,0.2096828804736798,0.4654785888876709,-1.495120839402496,-1.9852971004374809,0.6567836467837854,-1.0729446630927015,0.3269738621850756,0.24604494540567398,2.413274517037725,1.0250333891465122,1.2425879001810014,1.1641575657689998,0.6536045884797057,1.1534897530806432,1.3065367363785447,1.165783901591416,0.9714742867322682
2002-09-01,-0.10339999999999999,0.0242,0.0126,0.0329,-0.0229,0.09179999999999999,0.0014000000000000002,-0.10914544726079786,0.023911820046312877,0.012521280553671691,0.032370380030450646,-0.023166278031839585,0.08782771036552027,-0.1934843440157905,-0.17271569769999995,0.18878704592462578,-0.2824074402698308,0.17161921496752353,0.13752598297341823,0.08966115285471266,0.11228992269903385,0.26065237375353223,0.11827218868191355,0.07780988439713954,0.10443718999519452,0.24026806754053442,0.2013133915343249,0.45413671776932274,-1.5564501159936226,-2.3458463501644164,0.7664615822114494,-2.010598782891064,1.1078797694233486,0.22468818497292317,2.2079001665318456,0.3532077278140943,1.0516580511433369,0.7706314768978566,0.6493808268285275,1.0892933113537504,1.3855085543671093,1.0515022487466532,0.8975969501324452
2002-10-01,0.0784,-0.034,-0.037599999999999995,-0.0316,0.0073,-0.0558,0.0014000000000000002,0.07547846117590556,-0.03459144476961909,-0.038325114321667894,-0.032110053918233586,0.00727348396649847,-0.057417270869950646,-0.15130124569343173,-0.02827209279999998,0.20726235537598162,-0.2824074402698309,0.05292042204728564,0.12871085782708036,0.13139485759777259,0.08491212544141934,0.258313501074954,0.11913245185817657,0.135171368207067,0.08857781609791032,0.2773354159814274,0.18617222968675295,0.42863666167485914,-1.2949935430578796,-0.530972359876947,1.0968123483305914,-2.010598782891065,0.171122247599129,0.5432512505696481,2.185281527647838,0.9726412613054237,1.3348430191899698,0.5921399321559195,-0.06075145530150064,1.106817564356307,0.8125493081559676,0.8447564110415435,0.731497705329933
2002-11-01,0.0596,0.0326,-0.0116,-0.0925,0.0516,-0.1643,0.0012,0.05789147841577768,0.03207989346341165,-0.0116678048676821,-0.09706171284313124,0.05031281387358918,-0.17948558197474657,-0.16369273685181807,0.024520289024000164,0.20101128266313625,-0.2824074402698308,0.09347845499952467,0.13103156424450174,0.09451960188865471,0.08660110990124983,0.18321365892189512,0.15912235877901654,0.2141438271018632,0.09128432014329237,0.16803721100304103,0.2534055094015006,0.37783656395368126,-1.3717976883360845,0.1323420230895698,0.9850390291776945,-2.010598782891064,0.49120168146443116,0.26177385536396136,1.4590101810012288,1.8254467679376665,0.49983296354183915,0.6391303567343107,-0.016942145967529378,1.921444141160083,0.9103284845442012,1.7627969733327733,0.4006020462724048
2002-12-01,-0.0576,-4e-4,0.021099999999999997,0.0632,-0.0179,0.09720000000000001,0.0011,-0.059325466084814774,-4.0008002133969133e-4,0.02088047757935513,0.06128322841689845,-0.018062142818408518,0.09276148008131108,-0.224351968516045,0.07685469593600014,0.20249445232603774,-0.2824074402698309,0.04377488886318237,0.12412955938723297,0.10841412822424412,0.08763124795745797,0.25473046296205704,0.1652314006342534,0.1957587771728233,0.09590251468538677,0.28131416507952034,0.2649685893617618,0.5056661335955653,-1.7477718452518596,0.7899021412233255,1.0115590848073024,-2.010598782891065,0.09894672845076985,0.367834003432073,2.1506308833756944,1.626910822133058,1.365239634637273,0.499376298982555,0.009777837451173704,2.0458902386199687,1.0771722250873215,1.9206856926333162,1.233243155072041
2003-01-01,-0.025699999999999997,0.0134,-0.0079,-0.009300000000000001,0.0069,0.0159,0.001,-0.02603601455084144,0.013311014059672416,-0.00793137032628028,-0.009343515003152466,0.006876303939432064,0.01577491911536224,-0.23324484874714146,-0.02709613292799984,0.20240861131695906,-0.2824074402698309,0.04552878558263229,0.12425979850727598,0.0632930348204146,0.08446865636611843,0.18692014671680535,0.16455476112101708,0.17087378463027902,0.09509302249651791,0.2558485868830538,0.26447292318551763,0.48909343563019525,-1.8028911248026958,-0.5161969117926072,1.0100241907267324,-2.010598782891065,0.11278828407258286,0.023414213090061975,1.4948546755429397,1.358183483896633,1.170689194663,0.5020134233950161,-0.07225426918876243,2.0321065473628472,1.047927310543278,1.9139175912246302,1.1252938781688522
2003-02-01,-0.018799999999999997,-0.0044,-0.013600000000000001,0.0079,-0.0068000000000000005,0.0121,9e-4,-0.018978966597802856,-0.004409708488700073,-0.013693327132002567,0.007868958378695197,-0.006823225348125537,0.012027380212718455,-0.22994866488300436,-0.09908147001599998,0.20242779469742436,-0.28240744026983083,0.052293225764323825,0.12360053823448766,0.024850742179848284,0.0839253981080819,0.10737463285741744,0.14953764128773833,0.10648129676003149,0.08789644546394709,0.1897822285728148,0.2594508788606628,0.41973089345581915,-1.7824609295074727,-1.4206628177323959,1.0103672022714187,-2.0105987828910648,0.16617248508453059,-0.27002473913192365,0.725590375990732,0.6628237469704789,0.6659592813033884,0.48866450519776705,-0.0863454403277468,1.726195734730753,0.78793310279033,1.8453438072979496,0.6734883672293035
2003-03-01,0.0109,0.011699999999999999,-0.021099999999999997,0.0168,-0.008100000000000001,0.013999999999999999,0.001,0.010841023177874769,0.011632084229707696,-0.02132578671475243,0.01666044089310717,-0.008132983230188991,0.013902905168991434,-0.2532186351978406,-0.033596623556000016,0.19411513505954367,-0.24296596715880459,0.022773615626636712,0.11773636289931895,-0.007492687455625813,0.08639073285393122,0.14696804185537582,0.1467260497828603,0.09032266864322991,0.08945226919109277,0.22717849636134124,0.25718449090889,0.48039713155918184,-1.926691366170508,-0.5978728805766359,0.8617313438522771,-1.5411245877736306,-0.06679295759169537,-0.5169096528970257,1.1084880978350913,0.48833042068329396,0.9516571082101051,0.36992475994903723,-0.022398959432630074,1.6689213537845005,0.8441410966062425,1.814397286788417,1.068648922823756
2003-04-01,0.0818,0.0076,0.012199999999999999,-0.046799999999999994,0.0098,-0.0935,0.001,0.07862632045518962,0.007571265496318126,0.012126179797840555,-0.047930533757549944,0.009752291442678302,-0.09816424878723133,-0.14772857849670218,0.07303209754399997,0.21616902987923695,-0.23252835275628997,-0.02613239925779698,0.10205748596637754,-0.034116044844327065,0.07637429293268222,0.045310199346537905,0.15286728592871862,0.045095235686695156,0.0751343557325505,0.03290372047498202,0.27270486184574455,0.19303877784324008,-1.2728496665138054,0.7418727777789643,1.2560695858600173,-1.4168850441142742,-0.45275372583830725,-0.7201319260797645,0.1253811290400114,-7.027515365622014e-5,-0.532552000768181,0.052453718174654836,-0.2822079306644757,1.7940232748454135,0.32687093476665463,2.0263210561224456,-0.803111882842626
2003-05-01,0.0605,0.0461,0.006999999999999999,-0.0694,0.030699999999999998,-0.1075,9e-4,0.058740495022600085,0.045068963367578145,0.006975613736425138,-0.07192573957158893,0.030238183060609946,-0.11372876532834296,-0.08370453922927068,0.15975391301000008,0.22785267867051437,-0.1727156977,0.05320262290542632,0.10604364151716998,-0.0419177079966877,0.07470399503939681,-0.049197857969027425,0.16849394995053835,0.05059949226789917,0.07692198995600504,-0.10576528225441717,0.2939846093509445,0.1589679051598435,-0.8760199750472245,1.8314964228597945,1.4649809623881238,-0.7049314613628662,0.17334934502804866,-0.7796838337254022,-0.7885820976155176,0.05936893173011039,-1.5919473651169713,0.13316670296287106,-0.32553254307338114,2.112350992990809,0.39145365813300015,2.3168865535661767,-1.025038697493963
2003-06-01,0.014199999999999999,0.017,0.0014000000000000002,0.0044,-0.004,-0.0123,0.001,0.014100124378781626,0.016857117066422806,0.0013990209137074087,0.004390348301292854,-0.004008021397538822,-0.012376271068055405,0.0017320861417202682,0.16353983438000008,0.21606507244806336,-0.10339999999999991,0.0291190118128537,0.09990028811369958,-0.044113174043920456,0.07449565389487124,-0.08103765256359796,0.162420573326455,0.019284136273940433,0.07328717904000141,-0.1686411608459032,0.2839577065041921,0.1977601726587569,-0.34647216653894797,1.8790649547338318,1.254210758156893,0.12013740194015034,-0.01671580465562684,-0.7964423362050147,-1.096496599619678,-0.2787984294935475,-2.0723028374871175,0.0087740686351995,-0.33093654877301343,1.9886314249830424,0.26013709191533285,2.1799736502164246,-0.772358220561777
2003-07-01,0.0233,0.0493,-0.015300000000000001,-0.038900000000000004,0.0152,-0.003,7.000000000000001e-4,0.023032699110572784,0.048123275181728174,-0.015418252728380644,-0.039676817152898426,0.015085637418040953,-0.0030045090202987243,0.11651502423355042,0.10061962703000016,0.19543175693635928,-0.10339999999999994,0.13968821012688926,0.08862526623579421,-0.024498126729244896,0.06741880001482878,-0.14944654071540253,0.1575315903250933,0.04628640560698183,0.07302641311459526,-0.20016909906722524,0.27896361185551305,0.3398573091941145,0.36496807418605665,1.0884986443591633,0.8852734147897324,0.12013740194015,0.85588387099859,-0.6467161222765242,-1.7580614431162866,0.012792896154057752,-2.313168142217995,-0.21952627181119022,-0.5144977881542266,1.8890389079428087,0.25071627561918364,2.111781506699688,0.15321727541710153
2003-08-01,0.0233,0.024399999999999998,0.016399999999999998,-0.0229,0.0215,-0.0053,7.000000000000001e-4,0.023032699110572784,0.024107075343233104,0.01626697246387194,-0.023166278031839585,0.02127213527553977,-0.005314094823768765,0.13684559631660864,0.062012319038000197,0.19584168494855436,-0.09908147001599998,0.20112819182508757,0.07816437827607818,-0.03747198913465177,0.06162682154159048,-0.18015607668247013,0.1549015587683444,0.08395696077842962,0.07214513506655827,-0.21901266598818958,0.27650888623210906,0.42014085781327715,0.49097972136376117,0.6034138310979132,0.8926031990750184,0.17154112062534518,1.3407612954489339,-0.7457486286389938,-2.0550455032989783,0.41958859857609887,-2.4571281264317815,-0.4313417616999233,-0.6647316018006022,1.8354630492092205,0.21887791873473142,2.078263318963769,0.6761587444989638
2003-09-01,-0.0124,0.0085,0.0014000000000000002,0.009000000000000001,0.0040999999999999995,-7.000000000000001e-4,8e-4,-0.01247752151111258,0.008464078412129364,0.0013990209137074087,0.008959741371471801,0.0040916179032535575,-7.002451143934259e-4,0.2522292113788569,0.03415831816400017,0.14974757460014226,-0.09908147001600018,0.1827160529736387,0.07782735503112126,-0.04811816108970968,0.05950198176246501,-0.19912622845639671,0.14847097984434993,0.11390971683309892,0.0645804266997821,-0.2851798471533231,0.2516970466377392,0.53740905853218,1.2061430395385722,0.2534398620415158,0.06840998557186204,0.17154112062534288,1.1954547667333755,-0.8270133329290462,-2.2385009844284958,0.7430415549575471,-2.9626283003614793,-0.43816591888517803,-0.7198462374782904,1.7044669829745631,-0.05441594719634426,1.7394686733754963,1.4400064594452913
2003-10-01,0.0608,0.0259,0.022099999999999998,-0.0138,0.0165,0.0401,7.000000000000001e-4,0.059023340449460976,0.025570276111530045,0.021859334352893528,-0.013896105192111352,0.01636535408626423,0.03931686237695041,0.23179223611896416,0.07205623366400005,0.14372965546820243,-0.099081470016,0.2560542430079258,0.05744878048185648,0.010929371934962129,0.051669655291988255,-0.18440550031360892,0.14776567495718224,0.12408341820792734,0.06495575319827088,-0.21257737664072374,0.25786691678526136,0.4686316196486495,1.0794718910185994,0.7296114528480405,-0.03919439317555161,0.17154112062534502,1.7742315129952935,-0.3762897929971798,-2.096140591312201,0.8529050273212955,-2.4079641779735073,-0.8507979791853212,-0.9230031174321788,1.6900993549884882,-0.04085634584953322,1.823715508923706,0.9920121250137827
2003-11-01,0.013500000000000002,0.0206,0.0172,0.0021,0.0168,0.013600000000000001,7.000000000000001e-4,0.01340968690991774,0.02039068964773398,0.01705375456582762,0.00209779808214612,0.01666044089310717,0.013508350024792299,0.1782006712972537,0.06178930208,0.13676414229981762,-0.04401684,0.24145744762143018,0.05570782140354863,0.0403858327926383,0.05202644554102399,-0.09938595246751203,0.119763053403509,0.08688476572253734,0.04871630129337327,-0.044954444134303606,0.19118251113944792,0.3408434000889422,0.7473040931610089,0.6006117155127491,-0.1637423807287467,0.8269786795479067,1.659035245734032,-0.15144178273248576,-1.2739383105187836,0.45120529398641096,-1.127368268573467,-0.8860494895225015,-0.9137486010295118,1.1196634251685915,-0.6275468534682203,0.9131695781752075,0.1596403574813436
2003-12-01,0.0429,-0.0268,0.0151,0.005699999999999999,0.0085,-0.0554,8e-4,0.04200529414503007,-0.02716566807276955,0.014987129808248238,0.005683816468297709,0.008464078412129364,-0.05699372152012032,0.3038470714090684,0.12124348231999993,0.11329201089218198,-0.0188,0.20866985596756304,0.069969075288341,0.03427250892939693,0.050153963870986654,-0.14809297629474893,0.09456297615668526,0.11610150313733758,0.04037001311564918,-0.17778341954909127,0.16557843830496088,0.4816304909581597,1.5260775470193237,1.3476288327201245,-0.5834396319914348,1.1271362225757686,1.4002792605329022,-0.19810620427976378,-1.7449714681392754,0.7667101535522279,-2.1421473326461027,-0.5972829441137795,-0.9623175077636147,0.6063175775924211,-0.9290772300103012,0.563557339687872,1.0766826331803687
2004-01-01,0.0215,0.0254,0.0242,-0.036000000000000004,0.0333,0.025699999999999997,7.000000000000001e-4,0.02127213527553977,0.025082780367463243,0.023911820046312877,-0.03666398437159147,0.03275756423817229,0.0253753063312283,0.3670119916292347,0.07970420172500026,0.10051677977958012,-0.012399999999999927,0.22298211003467405,0.07050169830512633,0.06773702615208976,0.05275667313715203,-0.17105241662272908,0.09720780768818213,0.14536466698958272,0.04659387624766785,-0.16985180965794155,0.16787049134593585,0.5380644082519638,1.9175823019408162,0.8257049996829311,-0.8118692231984934,1.2033158023874475,1.513229959708375,0.05733623153581556,-1.967006337550455,1.0827163615888968,-2.0815518817153404,-0.5864982186047355,-0.894807771552498,0.6601949237185555,-0.7042247262646529,0.5948543055872824,1.4442751988211726
2004-02-01,0.013999999999999999,-0.015700000000000002,0.0095,0.0213,-0.011699999999999999,-0.011699999999999999,6e-4,0.013902905168991434,-0.01582455034697146,0.009455158770755197,0.02107632560191631,-0.01176898359999889,-0.01176898359999889,0.41270909041178583,0.0802368629000001,0.08918630517592172,-0.012400000000000024,0.20910133678900178,0.07502252618079604,0.09274181660638203,0.04849406856550787,-0.1600315835864604,0.10149400104969748,0.13971395528172015,0.04889911663165724,-0.1893731286285385,0.16527828611992482,0.6020822190403243,2.2008191270191464,0.8323976664355536,-1.0144656114033659,1.2033158023874464,1.4036844586403272,0.2482036072160851,-1.8604266827742795,1.0216956193162507,-2.2306897165332726,-0.4949590132451922,-1.005372295199033,0.7475081308365925,-0.6209421956111433,0.5594588949609073,1.8612668315637158
2004-03-01,-0.0132,0.0173,0.0023,0.0165,-0.0098,0.0019,9e-4,-0.013287894326935407,0.01715205881756566,0.0022973590486834584,0.01636535408626423,-0.009848336054814406,0.0018981972830802655,0.37902990445973894,0.022128426800000156,0.09737274817335084,-0.013199999999999986,0.2157940001141163,0.07488908150694688,0.11886313493163381,0.03781048519814817,-0.1602794106172668,0.10139544592059588,0.13776061953821883,0.04965170270739235,-0.19904628951965753,0.16321345512230231,0.5780761939793965,1.992070958001404,0.10228926622508949,-0.868086590087816,1.193793354910987,1.4565022047740306,0.44759369957312395,-1.8628233545413433,1.0006019937451054,-2.304590167282522,-0.4976610447623301,-1.2824858031485986,0.7455004835668596,-0.5937531556493557,0.5312645451071409,1.7048992291333815
2004-04-01,-0.0181,-0.0173,-0.0323,0.0346,-0.028300000000000002,-0.053399999999999996,8e-4,-0.01826580880689254,-0.017451393613755858,-0.03283315709524021,0.03401487858727762,-0.02870816413674374,-0.05487866150998945,0.25168188499631894,-0.017495935120000028,0.08893553659024707,-0.03106107999999998,0.18574907097274918,0.08191538561997012,0.06967383488771173,0.056387723033890225,-0.0885701617967104,0.10502030363376753,0.09483263419022303,0.06347167044553131,-0.16361524286741091,0.14487340498483559,0.41529712786372985,1.2027506362788087,-0.3955744078374069,-1.0189495197576128,0.9811918596949298,1.2193910036115734,0.07212034265398444,-1.1693415679647647,0.5370325062840612,-2.0339061222644506,-0.35539013491811083,-0.8006246740068568,0.8193417514679595,-0.09447251889847223,0.28083930909182686,0.6446082301131625
2004-05-01,0.0118,-0.0023,-0.0018,-0.011699999999999999,1e-4,0.0149,6e-4,0.011730922875698699,-0.002302649062675558,-0.0018016219466282088,-0.01176898359999889,9.999500033329732e-5,0.014790085472635345,0.19420248113085803,-0.01962760074399994,0.07754596071983536,-0.031061080000000074,0.1308879152179636,0.07591760023669089,0.06032613901183126,0.056837638216968564,-0.032058769507509965,0.0788804555283371,0.06232862855694399,0.058694858013923795,-0.048911047603512725,0.09894555606745384,0.24311352873437075,0.8464854839609844,-0.4223579023345547,-1.2226026777449872,0.9811918596949286,0.7864329334836059,7.672079917294804e-4,-0.6228343609974766,0.1860291896899471,-1.1575956971360422,-0.4768352602362545,-0.7889546593333604,0.28685201543408034,-0.2670467244019147,-0.34628506181241137,-0.47694090204637024
2004-06-01,0.018500000000000003,0.0225,0.0121,0.011200000000000002,-0.0031,0.0208,8e-4,0.01833095668472342,0.022250608934819723,0.012027380212718455,0.011137744410456021,-0.0031048149534787565,0.020586633608388312,0.1992656547345486,0.011865918769999872,0.077620286514235,-0.031061079999999887,0.1370038282304502,0.07661800561254811,0.07165576721976707,0.05712027872059942,-0.02550560307247507,0.0798264395143612,0.06328856406467631,0.05854976136559205,-0.017037964355235635,0.10142600354264028,0.22477125780702367,0.8778677216639458,-0.02665489098878115,-1.2212736833274926,0.9811918596949308,0.8346990310261415,0.0872488926687015,-0.559460366124462,0.19639531350656145,-0.9140935735459585,-0.4626532224991897,-0.7816234579230666,0.30612247029588985,-0.2722887009638114,-0.31241565361880025,-0.5964166136961533
2004-07-01,-0.0404,-0.037599999999999995,0.0322,0.0521,-0.0168,-0.022400000000000003,0.001,-0.041238748016597535,-0.038325114321667894,0.03169244673248973,0.050788166832105096,-0.016942720730312024,-0.02265469056480615,0.12461186580990202,-0.011114639320000008,0.09512775247123383,-0.04183048661891028,0.04284045009909998,0.07927805799512634,0.12335034317481797,0.05748537542103747,0.0667626209629062,0.08455649391906439,0.029772770083125843,0.06129488662645757,-0.03616480837881442,0.10363773161393591,0.16077667418871644,0.41515339803256146,-0.3153960726333766,-0.9082285997294521,0.8530029735934157,0.09157224283551586,0.48184560274635835,0.33284200631318733,-0.16553407385991736,-1.0602177216567157,-0.40879160953523686,-0.7721534866671393,0.40247748396037386,-0.17311423730544387,-0.28221548949141856,-1.0132569520497559
2004-08-01,7.000000000000001e-4,-0.0152,0.0108,0.0121,-0.013500000000000002,-0.0155,0.0011,6.997551142732649e-4,-0.015316704111893288,0.010742096531902029,0.012027380212718455,-0.013591953519466972,-0.01562138090295678,0.09977435172087223,-0.02196325318000003,0.09435364138788964,-0.041830486618910256,0.0025276017743005585,0.07788674619639707,0.11716108508570033,0.05706003651477631,0.10497436155619444,0.07871465503752519,-0.005510682636315156,0.05950151725517379,-0.04604830989136721,0.1043910705324302,0.16320939497706755,0.26120711214490505,-0.4517044065247734,-0.9220702184648452,0.8530029735934158,-0.22657222152976736,0.43460155760880037,0.7023779667462016,-0.5465520033158331,-1.1357251204253147,-0.4369633470942934,-0.7831860356096192,0.283474526045824,-0.23790415712219418,-0.2719289812730985,-0.9974109835442898
2004-09-01,0.016,0.0301,-5e-4,-0.0149,-0.0172,0.0548,0.0011,0.015873349156290163,0.029655884907510675,-5.001250416822429e-4,-0.015012120120503621,-0.017349638335112993,0.053351175496994536,0.1314001026209055,-0.024363932480000017,0.09189302564458841,-0.04183048661891037,0.023999685262971582,0.08304855195661777,0.11504144651803205,0.057375199402947746,0.07880103426066087,0.08207989568905895,-0.026606810969994177,0.06154027990886704,0.006933095893711494,0.11916276018845266,0.1580069135908997,0.45722781180174865,-0.4818679462924762,-0.966067657212196,0.8530029735934145,-0.057116953936891965,0.41842186390006614,0.4492624192806283,-0.7743642642402226,-0.7309608646750654,-0.33244541132994637,-0.7750112603012214,0.35202718553329143,-0.1642487958936185,-0.07022812218453325,-1.03129829054238
2004-10-01,0.014199999999999999,0.0013,-0.0026,-0.0053,0.0040999999999999995,-0.0143,0.0011,0.014100124378781626,0.0012991557316201288,-0.0026033858701149278,-0.005314094823768765,0.0040916179032535575,-0.014403230310743743,0.08169870293940673,0.031148499039999944,0.07540333461196502,-0.041830486618910326,-5.547471938651682e-4,0.07897296336314749,0.08809542975940254,0.056638854028865225,0.08809915714771854,0.08020105977807306,-0.03848096300538184,0.05864658725437232,-0.045732186691249455,0.11200386377387338,0.133831343838968,0.14917178586620125,0.2156227330145884,-1.260914251259113,0.853002973593415,-0.2508977728667268,0.21273665677315254,0.5391821852463945,-0.9025905140503868,-1.1333100208271631,-0.41496926569443515,-0.7941107742618515,0.3137537864585658,-0.2687906254024067,-0.16797967197816072,-1.188770253097715
2004-11-01,0.0453,0.0374,0.015700000000000002,-0.0052,-0.0018,0.0308,0.0015,0.044303925556524314,0.03671758293516286,0.015578029963318462,-0.005213567052887434,-0.0018016219466282088,0.030335199796072885,0.11563853397391366,0.07710555215999992,0.08427856428078558,-0.041830486618910576,0.0158970265148779,0.08503709276856983,0.08649088478826705,0.056372705381088906,0.08017267890484958,0.08102123773016004,-0.05606972587723491,0.054566028839003765,-0.029539007538812112,0.11604807945163961,0.17170825985114857,0.35953546850723855,0.7930540456399602,-1.102219268190072,0.853002973593412,-0.12106222534459687,0.20048879217450985,0.46252724347060786,-1.0925275381963253,-1.0095983146022465,-0.2921807848594801,-0.8010142057122634,0.33046147119514524,-0.4162109264138144,-0.11275770377140776,-0.9420520842526939
2004-12-01,0.0342,-3e-4,-0.0023,-0.010700000000000001,0.0039000000000000003,-0.0285,0.0016,0.03362818097998406,-3.0004500900199243e-4,-0.002302649062675558,-0.010757656652960208,0.0038924147153438535,-0.028914010164642245,0.10633174018201363,0.09640015949199987,0.08106773011151307,-0.04183048661891031,0.043559656192892815,0.07926971574563553,0.06786716161289896,0.05632253284032749,0.06255824922001363,0.08283364950033476,-0.06037520853560341,0.05353468921039103,-0.0019025469235192105,0.10448443571657749,0.16670694871761704,0.30185069648659096,1.0354827846893593,-1.1596311091388496,0.8530029735934151,0.09724813642741595,0.05832958574660163,0.2921826035771569,-1.1390214598894262,-0.7984628936604616,-0.4089605261386337,-0.8023155938603277,0.36738175708175436,-0.4534706303608172,-0.2706541211663677,-0.9746290322885981
2005-01-01,-0.0275,-0.0166,0.0206,0.027999999999999997,-0.0141,0.0296,0.0016,-0.027885203489535663,-0.016739324004297996,0.02039068964773398,0.02761516703297339,-0.0142003494011414,0.029170377299779924,0.053262474133145554,0.05132040535000004,0.08723580920162126,-0.041830486618910395,8.158434758054334e-4,0.07789887180804186,0.06411367422585901,0.05516305243218823,0.13310153547528425,0.07170843063235081,-0.1034780974501609,0.03439750944498722,0.0018925004265819556,0.10555958207828588,0.23657963292544515,-0.027079822635513087,0.4690743698792321,-1.0493417709133854,0.8530029735934141,-0.24008122547336974,0.029678344356561123,0.9743886646907738,-1.604479690929952,-0.7694697121199056,-0.43671782373330986,-0.8323904921645726,0.14075209823912313,-1.1448487493211452,-0.25597347529224374,-0.5195006185999534
2005-02-01,0.018799999999999997,-0.005699999999999999,0.0141,0.0132,-0.0021,0.034300000000000004,0.0016,0.01862546412316482,-0.005716306996109192,0.01400151963581361,0.013113639145383204,-0.0021022080918701985,0.033724869401620894,0.058248331998864256,0.024667778600000023,0.08792658257758759,-0.04039999999999996,0.010983636257232199,0.07628834680132897,0.06896253296923605,0.055731976180089494,0.12411482986738265,0.07085373504692985,-0.09476959773906235,0.034934231050454415,0.04852515753436548,0.10967540991835208,0.218884427606445,0.003823201622062034,0.13419516844346752,-1.0369902855666304,0.8700301407113558,-0.15983814857239498,0.06669080983130528,0.8874805355036941,-1.5104385959448812,-0.41320825646022097,-0.469328262215074,-0.817633603008973,0.1233412615412778,-1.125458349139813,-0.19977367482706637,-0.6347615509376456
2005-03-01,-0.0194,-0.0141,0.0207,0.0044,0.0134,0.0043,0.0021,-0.01959064976500415,-0.0142003494011414,0.020488666427315602,0.004390348301292854,0.013311014059672416,0.004290781417156246,0.05159942679173701,-0.028438190200000046,0.08954560281063856,-0.04039999999999997,-0.020221402746480877,0.07544444708341226,0.08858630889124952,0.05751161724500747,0.1107338269737328,0.07064561119046162,-0.07356040229121996,0.040967978576705526,0.05103684570492395,0.10965270597334763,0.18429422926495276,-0.03738761594153741,-0.5330593048221606,-1.0080411317914808,0.8700301407113554,-0.4061048062728581,0.21648365124779564,0.7580762822797421,-1.2814053491359567,-0.3940196075754244,-0.48641582044682696,-0.771472819549631,0.1191016111444532,-0.907474243533905,-0.2000836871085815,-0.8600710875444446
2005-04-01,-0.026099999999999998,-0.0393,5e-4,0.0097,-0.0085,-0.0068000000000000005,0.0021,-0.026446650014983503,-0.04009309356644423,4.998750416509929e-4,0.009653257028138346,-0.008536331022286335,-0.006823225348125537,0.043031552859224664,-0.027039540808000084,0.092120601939374,-0.05379595343578005,-0.04215600042591261,0.08356143369839775,0.1254837264086952,0.038941158524310085,0.08400149342294427,0.065126713835732,-0.05468265809585726,0.033196746420026645,0.10277814827184684,0.09024516709278368,0.18016638450455247,-0.09049246230965748,-0.5154858552753325,-0.9619984423754476,0.7105773119747099,-0.5792101838330411,0.49813021268599245,0.49955472843454873,-1.0775489107281488,0.0012705798915764975,-0.3220604136310454,-1.253158110277778,0.006677231945113721,-1.1882292939829642,-0.46508500761821725,-0.8869585537846995
2005-05-01,0.0365,0.0286,-0.0058,-0.0102,0.0028000000000000004,0.0037,0.0024,0.0358496528936972,0.028198654358678736,-0.005816885321564851,-0.010252376464351353,0.002796087302001188,0.0036931718376176062,0.0684939756261973,-0.01013592859000001,0.09747038191602027,-0.0537959534357802,-0.012490389934944002,0.08943411112367966,0.12097367340765897,0.04043044032358935,0.08564674510779158,0.06467305706056967,-0.052130556482877344,0.033726061375301236,0.0906083628145169,0.09003683322243884,0.1731042298905363,0.06732709244232365,-0.3030989782128796,-0.8663408341222748,0.7105773119747082,-0.34509252279165165,0.4637039301678382,0.5154655362667592,-1.0499893495913522,-0.09170343769599862,-0.20314851527357938,-1.2145287394447117,-0.0025641215425520093,-1.1691064774237083,-0.4679297140535889,-0.9329591799684724
2005-06-01,0.0058,0.0256,0.027999999999999997,0.0087,-0.0052,0.0207,0.0023,0.005783244755727361,0.025277807184268607,0.02761516703297339,0.008662373078652587,-0.005213567052887434,0.020488666427315602,0.05517058486482984,0.015302144629999903,0.09647393568568544,-0.05379595343578025,-0.009496473268732042,0.0903410366336996,0.13858406902783638,0.0443056982130631,0.08296268966597031,0.06454117776303157,-0.054127272132778126,0.033699434227935046,0.09050152422098057,0.09002102846689787,0.1927113411606145,-0.015253093150740851,0.016519861831772748,-0.884157952501501,0.7105773119747075,-0.32146486923435275,0.5981281719089879,0.4895087232519892,-1.0715514248419478,-0.09251965695551692,-0.18478479013502255,-1.1140113127503857,-0.005250608933418051,-1.170068449212916,-0.4681455209683381,-0.8052447011197026
2005-07-01,0.0392,0.0287,-0.0078000000000000005,-0.011899999999999999,-0.0078000000000000005,3e-4,0.0024,0.038451186374252634,0.02829586915484725,-0.007830579115188564,-0.011971371781219958,-0.007830579115188564,2.9995500899794244e-4,0.14269828240051186,0.08337815863999976,0.08780358311861736,-0.053795953435780045,0.05873958639698196,0.08452630225967663,0.09446145445593812,0.0415306926890713,0.017085290047471613,0.04538009748381973,-0.04546895790291117,0.03120958036799731,0.1158231123959157,0.0844659745918485,0.18816724030342302,0.5272554646548833,0.8718667446150488,-1.039189597335131,0.71057731197471,0.21704643807486854,0.26133000249882943,-0.14757474274242155,-0.9780522713811277,0.10093073644511388,-0.30252343858910347,-1.1859901132043793,-0.39557722976339293,-1.2600205999097427,-0.54399731348307645,-0.8348435270160042
2005-08-01,-0.012,-0.010700000000000001,0.0134,-0.0196,0.0038,0.0207,0.003,-0.012072581234269249,-0.010757656652960208,0.013311014059672416,-0.019794627328179493,0.0037927982386962624,0.020488666427315602,0.12819616569571868,0.03268463168000002,0.09034860975516544,-0.05379595343578019,0.06357745006349891,0.08346143621331736,0.09727665012430564,0.04182638957541711,-0.014770854300423353,0.048321339318311264,-0.028729589399840272,0.030129900014856787,0.15685185456832018,0.08054919390308349,0.18558144396816045,0.43736937556361155,0.23492360255393457,-0.9936828359252116,0.7105773119747083,0.25522631394113077,0.28281904517767076,-0.4556473590251723,-0.7972876625953952,0.4143797294210465,-0.3240851955015241,-1.1783202520119822,-0.33566176729615566,-1.2990267325156653,-0.5974792135352693,-0.8516865808865197
2005-09-01,0.0048,-0.0062,0.0078000000000000005,0.0026,-0.0060999999999999995,0.0346,0.0029,0.004788516731797094,-0.0062192998139168326,0.007769737264360694,0.002596625847265914,-0.006118681008177177,0.03401487858727762,0.11575935756993871,0.031657902079999856,0.09024935996428084,-0.05379595343578013,0.02609772825269907,0.07958412133744319,0.10638860229642355,0.040856227344161174,0.0027314399334033013,0.04599903097665063,-0.0177598075951374,0.02585219854315037,0.13469750543836168,0.07157873270631561,0.15245731303349908,0.3602843495663081,0.2220231709468129,-0.9954574879028804,0.710577311974709,-0.040559434661540425,0.3523726933714206,-0.2863871523698814,-0.6788274998940255,0.2451262242650108,-0.4025943386114417,-1.2034845671990457,-0.3829690565677887,-1.4535693157613323,-0.7199668755388535,-1.067446621280365
2005-10-01,-0.0204,-0.013000000000000001,0.0043,-0.006999999999999999,-0.0126,-0.011899999999999999,0.0027,-0.02061095390412435,-0.01308523954865548,0.004290781417156246,-0.007024614936964466,-0.012680053157374483,-0.011971371781219958,0.07769460330853128,-0.02750954496000002,0.09472721760439132,-0.05379595343577997,0.011443581129944924,0.08103795052010472,0.11404258400471035,0.0393811168143119,0.0010177137366735867,0.04625491859991616,-0.03409623943774409,0.027299419074735747,0.13746028723104908,0.07069040710767228,0.17155652666879317,0.1243538324958328,-0.5213912625197886,-0.9153904283563139,0.7105773119747109,-0.1562083153741109,0.41079731423900767,-0.3029601596758863,-0.8552408879165089,0.2662331635684673,-0.37315672856095156,-1.2417463600342804,-0.37775641981422275,-1.4012848819464234,-0.7320965668990881,-0.9430404258825065
2005-11-01,0.0361,0.0105,-0.011899999999999999,-0.0079,-0.0109,0.0034000000000000002,0.0031,0.03546366427556906,0.010445257861538604,-0.011971371781219958,-0.00793137032628028,-0.010959840236342012,0.003394233068015617,0.06820948865203236,0.01983538508799998,0.0911983287464731,-0.05379595343577987,-0.014783363474253353,0.07215977428391628,0.08377028379940366,0.04375417553213215,-0.0016991618434318845,0.046672494636338706,-0.04290181369251933,0.02841417429887002,0.10722511855610661,0.06760721804387046,0.15012693224862594,0.06556380353590872,0.07347814810992971,-0.9784892977328717,0.7105773119747121,-0.36318841203742774,0.17972181266445497,-0.32923436784549853,-0.950330268678164,0.0352442842654007,-0.5529249524467768,-1.128316848596482,-0.36925006000249444,-1.3610115825673554,-0.7741961436829636,-1.082625979593767
2005-12-01,-0.0024,-0.0044,0.0015,0.0018,0.002,0.0078000000000000005,0.0032,-0.002402884616310315,-0.004409708488700073,0.0014988761237359487,0.0017983819413793973,0.001998002662673058,0.007769737264360694,0.03040590396370879,0.012527647456000102,0.08604661482013837,-0.044993660000000005,-0.018823963864125992,0.07221830764741485,0.08789810486629479,0.0430601625264062,0.0109145655162739,0.045223359805606225,-0.04471323570067154,0.02792422493070664,0.148596473989546,0.054063591826230176,0.19330970969021755,-0.16874794904714618,-0.01834054448877269,-1.070605353860226,0.8153515331179624,-0.39507637580503335,0.21123043001341574,-0.20725023987495036,-0.9698914003056461,0.3513107540628339,-0.5517397497075799,-1.1463183347988468,-0.39877010236777244,-1.3787122195838384,-0.9591283421575446,-0.8013471190707661
